review_id,feature,shopping_stage,pain_point,exploration_barrier,user_need,discovery_method,category_mentioned,sentiment,severity,exploration_banner
3,General Experience,Post-Purchase,High spending and delivery hassles.,Price Concern,Lower prices.,Unknown,Unknown,Positive,Low,
10,Offers,Selection,Unknown,Unknown,Keep good discounts.,Offers,Unknown,Positive,Low,
16,Delivery,Checkout,High delivery charges.,Price Concern,Lower delivery charges.,Unknown,Unknown,Negative,High,
21,Recommendations,Discovery,Unknown,Unknown,Better recommendations.,Recommendations,Medicines,Positive,Low,
24,Pricing,Selection,Products are priced higher than other apps with extra fees.,Price Concern,Lower product prices.,Unknown,Personal Care,Negative,High,
25,Checkout,Checkout,No cash on delivery option available.,Trust,Cash on delivery.,Unknown,Unknown,Negative,Medium,
27,General Experience,Post-Purchase,Unknown,Unknown,Maintain product quality.,Unknown,Unknown,Positive,Low,
28,Inventory,Post-Purchase,Received expired products.,Trust,Better quality control.,Unknown,Unknown,Negative,High,
35,Delivery,Checkout,Unknown,Unknown,Free delivery.,Offers,Unknown,Positive,Low,
37,Pricing,Selection,Unknown,Unknown,Affordable prices.,Unknown,Unknown,Positive,Low,
39,Pricing,Selection,Price and quantity issues.,Price Concern,Fair pricing and clear quantities.,Unknown,Unknown,Negative,Medium,
41,General Experience,Post-Purchase,Received non-working product.,Trust,Reliable products.,Unknown,Electronics,Mixed,High,
44,Pricing,Selection,Prices are expensive compared to other quick commerce sites.,Price Concern,Competitive pricing.,Unknown,Unknown,Mixed,Medium,
47,Delivery,Checkout,Extra delivery charges on each product.,Price Concern,Lower delivery charges.,Unknown,Unknown,Negative,High,
50,Delivery,Checkout,Extra delivery fees added to every order.,Price Concern,No extra delivery fees.,Unknown,Unknown,Negative,Medium,
51,Pricing,Selection,Products sold at prices higher than MRP.,Price Concern,Fair pricing within MRP limits.,Unknown,Unknown,Negative,High,
53,General Experience,Browsing,Unknown,Unknown,Easy shopping experience.,Homepage,Unknown,Positive,Low,
54,Inventory,Post-Purchase,Poor product quality provided.,Trust,Better product quality.,Unknown,Unknown,Negative,High,
55,Delivery,Delivery,Unknown,Unknown,Fast delivery.,Unknown,Groceries,Positive,Low,
58,General Experience,Browsing,Unknown,Unknown,Convenient shopping.,Unknown,Unknown,Positive,Low,
59,Delivery,Post-Purchase,Unknown,Unknown,Maintain fast delivery and fresh items.,Unknown,Groceries,Positive,Low,
62,Inventory,Post-Purchase,Received spoiled and poor quality items.,Trust,Better quality control for fresh produce.,Unknown,Groceries,Negative,High,
65,General Experience,Discovery,Unknown,Unknown,Unknown,Unknown,Unknown,Positive,Low,
67,General Experience,Discovery,Unknown,Unknown,Unknown,Unknown,Unknown,Positive,Low,
74,General Experience,Discovery,Unknown,Unknown,Unknown,Unknown,Groceries,Positive,Low,
75,Pricing,Selection,Product prices are much higher than market.,Price Concern,Lower prices comparable to local markets.,Unknown,Groceries,Negative,High,
78,Inventory,Post-Purchase,Items cancelled due to shortage at last minute.,Unknown,Timely stock availability updates.,Unknown,Unknown,Negative,Medium,
82,Inventory,Post-Purchase,Unknown,Unknown,Consistent product quality.,Unknown,Unknown,Positive,Low,
83,General Experience,Discovery,Unknown,Unknown,Unknown,Unknown,Unknown,Positive,Low,
84,Delivery,Discovery,Service not available in my city.,Lack of Awareness,Expand service to Bulandshahr.,Unknown,Unknown,Neutral,Medium,
85,Checkout,Post-Purchase,Customer support ignores missing items complaints.,Trust,Better customer support for missing items.,Unknown,Unknown,Negative,High,
87,Inventory,Post-Purchase,Fruits and vegetables are sometimes overripe.,Trust,Fresher fruits and vegetables.,Unknown,Groceries,Positive,Low,
88,Delivery,Discovery,Unknown,Unknown,Unknown,Unknown,Groceries,Positive,Low,
90,Checkout,Post-Purchase,Return and exchange policy is unhelpful.,Trust,Flexible return and replacement policy.,Unknown,Unknown,Negative,High,
92,Checkout,Post-Purchase,Strict no return policy creates bad experience.,Trust,Allow returns and exchanges easily.,Unknown,Unknown,Negative,High,
111,General Experience,Discovery,Unknown,Unknown,Unknown,Unknown,Unknown,Positive,Low,
112,Checkout,Post-Purchase,Customer support closes chat during exchange requests.,Trust,Better dispute resolution and refund process.,Unknown,Unknown,Negative,High,
116,Checkout,Checkout,Only cash on delivery option is available.,App Experience,Multiple payment options at checkout.,Unknown,Unknown,Negative,Medium,
118,Inventory,Browsing,Some products are frequently out of stock.,Lack of Awareness,Better inventory availability.,Unknown,Unknown,Negative,Medium,
119,Inventory,Post-Purchase,Supplied old or expired materials.,Trust,Fresh and non-expired stock supply.,Unknown,Groceries,Negative,High,
128,General Experience,Browsing,Unknown,Unknown,Unknown,Unknown,Groceries,Positive,Low,
129,Delivery,Delivery,Unknown,Unknown,Unknown,Unknown,Unknown,Positive,Low,
131,Offers,Discovery,Fewer discounts available.,Price Concern,Provide more discounts.,Offers,Unknown,Mixed,Medium,
132,General Experience,Browsing,Unknown,Unknown,Unknown,Unknown,Groceries,Positive,Low,
135,Categories,Browsing,Unknown,Unknown,Unknown,Categories,Unknown,Positive,Low,
138,Inventory,Browsing,Unknown,Unknown,Unknown,Unknown,Unknown,Positive,Low,
141,Pricing,Checkout,Prices are not the best.,Price Concern,Better pricing.,Unknown,Unknown,Mixed,Medium,
143,General Experience,Delivery,Unknown,Unknown,Unknown,Unknown,Unknown,Positive,Low,
145,Delivery,Delivery,Unknown,Unknown,Unknown,Unknown,Unknown,Positive,Low,
146,General Experience,Post-Purchase,Unknown,Unknown,Unknown,Unknown,Unknown,Positive,Low,
147,Inventory,Delivery,Unknown,Unknown,Unknown,Unknown,Groceries,Positive,Low,
148,Delivery,Delivery,Received damaged product.,Trust,Deliver undamaged products.,Unknown,Unknown,Negative,High,
151,Offers,Checkout,Rarely receive good offers or discounts.,Price Concern,Better deals and discount coupons.,Offers,Unknown,Mixed,Medium,
155,Cart,Post-Purchase,Returning wrong products is difficult.,Trust,Easier return process.,Unknown,Unknown,Negative,High,
157,Inventory,Delivery,Received rotten and small onions.,Trust,Fresh produce quality check.,Unknown,Groceries,Negative,High,
162,Pricing,Checkout,High delivery charges.,Price Concern,Lower delivery charges.,Unknown,Unknown,Negative,High,
166,Delivery,Delivery,Unknown,Unknown,Unknown,Unknown,Groceries,Positive,Low,
167,Inventory,Delivery,Received expired product.,Trust,No expired products.,Unknown,Unknown,Negative,High,
168,Pricing,Browsing,Prices are increasing.,Price Concern,Lower prices.,Unknown,Unknown,Negative,High,
169,General Experience,Post-Purchase,Customer support agent abruptly closed chat.,Trust,Better customer support.,Unknown,Personal Care,Negative,High,
170,Inventory,Browsing,Items are frequently out of stock.,Unknown,Better stock availability and restock alerts.,Unknown,Unknown,Negative,Medium,
173,Delivery,Post-Purchase,Horrible packaging and damaged old products delivered.,Trust,Better product quality and proper packaging.,Unknown,Unknown,Negative,High,
176,General Experience,Browsing,Unknown,Unknown,Maintain good health products service.,Unknown,Medicines,Positive,Low,
178,Delivery,Post-Purchase,Cold drinks are delivered warm.,Unknown,Deliver properly chilled beverages.,Unknown,Snacks & Beverages,Negative,Medium,
179,Inventory,Discovery,Unknown,Unknown,Maintain high availability and fast delivery.,Unknown,Groceries,Positive,Low,
186,Delivery,Post-Purchase,Damaged product delivered.,Trust,Deliver undamaged products.,Unknown,Unknown,Negative,High,
188,Checkout,Post-Purchase,Return and refund policy is very poor.,Trust,Better return and refund policy.,Unknown,Household Essentials,Negative,High,
190,General Experience,Discovery,Unknown,Unknown,Keep emergency delivery service reliable.,Unknown,Unknown,Positive,Low,
192,Delivery,Post-Purchase,Drinks are delivered without proper cooling.,Unknown,Deliver cold drinks properly chilled.,Unknown,Snacks & Beverages,Negative,Medium,
197,General Experience,Post-Purchase,Unknown,Unknown,Maintain good product quality.,Unknown,Unknown,Positive,Low,
198,Inventory,Post-Purchase,Expired product delivered.,Trust,Strict quality check for expiry dates.,Unknown,Unknown,Negative,High,
199,General Experience,Browsing,Operating hours end too early.,Unknown,Extend operating hours late into the night.,Unknown,Unknown,Neutral,Low,
200,Inventory,Browsing,Store showing unavailable due to high demand.,App Experience,Increase staff and manage high demand better.,Unknown,Unknown,Negative,High,
202,Delivery,Post-Purchase,Unknown,Unknown,Maintain super-fast emergency delivery.,Unknown,Medicines,Positive,Low,
204,General Experience,Discovery,Unknown,Unknown,Maintain fast doorstep delivery for essentials.,Unknown,Groceries,Positive,Low,
205,Pricing,Browsing,Prices are higher compared to local market.,Price Concern,Lower prices matching local markets.,Unknown,Unknown,Negative,Medium,
206,General Experience,Discovery,Unknown,Unknown,Keep general use items available.,Unknown,Household Essentials,Positive,Low,
208,Pricing,Checkout,Service charges are too high.,Price Concern,Lower service charges.,Unknown,Unknown,Mixed,Medium,
210,Categories,Browsing,Only local and low quality items available.,Trust,Provide better quality branded items.,Unknown,Unknown,Negative,High,
212,Offers,Browsing,Unknown,Unknown,Provide great discounts and fast delivery.,Offers,Unknown,Positive,Low,
215,General Experience,Post-Purchase,Poor product quality and lack of an easy complaint system.,Trust,Easier complaint and refund process.,Unknown,Groceries,Negative,High,
216,Delivery,Delivery,Unknown,Unknown,Fast delivery.,Unknown,Unknown,Positive,Low,
219,Pricing,Browsing,Unknown,Unknown,Affordable rates.,Unknown,Unknown,Positive,Low,
221,General Experience,Discovery,Unknown,Unknown,Emergency delivery support.,Unknown,Unknown,Positive,Low,
223,Inventory,Post-Purchase,Delivered packaged water containing insects.,Trust,Better quality control.,Unknown,Snacks & Beverages,Negative,High,
225,Inventory,Post-Purchase,Melted ice cream due to improper refrigeration.,Trust,Proper cold chain storage.,Unknown,Snacks & Beverages,Negative,High,
226,General Experience,Post-Purchase,Returning expensive items is extremely difficult.,Trust,Easier return process.,Unknown,Unknown,Negative,High,
231,Inventory,Post-Purchase,Delivered products are expired.,Trust,Fresh products without expiration issues.,Unknown,Unknown,Negative,High,
232,Pricing,Checkout,Extra fee added on every order.,Price Concern,Remove extra order fees.,Unknown,Unknown,Negative,Medium,
233,Pricing,Selection,Products are too expensive.,Price Concern,Lower prices.,Unknown,Unknown,Mixed,Medium,
236,Categories,Discovery,Unknown,Unknown,Medical consultation support.,Unknown,Medicines,Positive,Low,
237,Inventory,Post-Purchase,Received bad quality eggs.,Trust,Better quality groceries.,Unknown,Groceries,Negative,High,
238,General Experience,Browsing,Unknown,Unknown,Convenient shopping experience.,Unknown,Groceries,Positive,Low,
240,General Experience,Discovery,Unknown,Unknown,All-in-one delivery app.,Unknown,Groceries,Positive,Low,
245,Delivery,Delivery,Delivery bag was torn badly.,Unknown,Intact delivery packaging.,Unknown,Unknown,Mixed,Low,
246,General Experience,Post-Purchase,Unknown,Unknown,Helpful customer support.,Unknown,Unknown,Positive,Low,
247,Delivery,Discovery,Unknown,Unknown,Late night delivery availability.,Unknown,Unknown,Positive,Low,
248,Delivery,Delivery,Unknown,Unknown,Fast and safe delivery.,Unknown,Unknown,Positive,Low,
251,General Experience,Discovery,App is not open 24 hours.,Unknown,24 hour service availability.,Unknown,Unknown,Neutral,Medium,
252,General Experience,Discovery,Unknown,Unknown,Consistent good service.,Unknown,Unknown,Positive,Low,
253,General Experience,Post-Purchase,Poor product quality and unhelpful customer support for returns.,Unknown,Better return support.,Unknown,Unknown,Negative,High,
255,Inventory,Searching,Desired product is out of stock for a long time.,Unknown,Better inventory availability.,Search,Snacks & Beverages,Negative,Medium,
262,General Experience,Discovery,Unknown,Unknown,Unknown,Unknown,Unknown,Positive,Low,
263,Delivery,Post-Purchase,Unknown,Unknown,Unknown,Unknown,Unknown,Positive,Low,
269,Delivery,Post-Purchase,Damaged products delivered frequently.,Unknown,Deliver undamaged products.,Unknown,Unknown,Negative,High,
270,Categories,Browsing,Unknown,Unknown,Unknown,Categories,Groceries,Positive,Low,
273,Delivery,Post-Purchase,Unknown,Unknown,Unknown,Unknown,Unknown,Positive,Low,
274,General Experience,Discovery,Unknown,Unknown,Unknown,Unknown,Unknown,Positive,Low,
275,General Experience,Post-Purchase,Lack of accountability on the first order.,Unknown,Better service accountability.,Unknown,Unknown,Negative,High,
278,Pricing,Selection,Unknown,Unknown,Unknown,Unknown,Unknown,Positive,Low,
281,General Experience,Discovery,Unknown,Unknown,Unknown,Unknown,Unknown,Positive,Low,
282,Pricing,Checkout,Extra charges applied.,Price Concern,No extra charges.,Unknown,Unknown,Negative,Medium,
288,General Experience,Post-Purchase,Worst product received.,Unknown,Better quality products.,Unknown,Unknown,Negative,High,
290,General Experience,Discovery,Unknown,Unknown,Unknown,Unknown,Unknown,Positive,Low,
292,Pricing,Browsing,Products are expensive and not easily affordable.,Price Concern,Sell cheaper and affordable products.,Unknown,Unknown,Mixed,Medium,
294,General Experience,Discovery,Unknown,Unknown,Unknown,Unknown,Unknown,Positive,Low,
295,General Experience,Checkout,Unknown,Unknown,Unknown,Unknown,Unknown,Positive,Low,
298,Pricing,Selection,Unknown,Unknown,Unknown,Unknown,Unknown,Positive,Low,
302,General Experience,Discovery,Unknown,Unknown,Unknown,Unknown,Unknown,Positive,Low,
307,Pricing,Selection,Rates are a little bit high.,Price Concern,Lower prices.,Unknown,Unknown,Negative,Medium,
309,Checkout,Checkout,Delivery charges are too high.,Price Concern,Lower delivery charges.,Unknown,Unknown,Negative,High,
311,Inventory,Selection,Specific products and pack sizes are not available.,Limited Information,More affordable pack sizes.,Unknown,Personal Care,Negative,Medium,
313,Inventory,Post-Purchase,Received expired and damaged products.,Trust,Quality checked fresh items.,Unknown,Groceries,Negative,High,
315,Checkout,Checkout,High delivery amount charged.,Price Concern,Lower delivery charges.,Unknown,Unknown,Negative,High,
317,Search,Searching,Search results show irrelevant products.,App Experience,Accurate search results.,Search,Unknown,Negative,High,
318,General Experience,Discovery,Unknown,Unknown,Unknown,Unknown,Unknown,Positive,Low,
325,Delivery,Post-Purchase,Unknown,Unknown,Unknown,Unknown,Unknown,Positive,Low,
326,General Experience,Post-Purchase,Packaging is not discrete for sensitive products.,Trust,Discrete packaging for products.,Unknown,Personal Care,Negative,High,
330,Inventory,Post-Purchase,Fresh items delivered near expiry date.,Trust,Fresh non-expiring groceries.,Unknown,Groceries,Negative,High,
331,Delivery,Post-Purchase,Unknown,Unknown,Unknown,Unknown,Snacks & Beverages,Positive,Low,
332,Inventory,Browsing,Unknown,Unknown,Unknown,Unknown,Unknown,Positive,Low,
334,General Experience,Post-Purchase,Unknown,Unknown,Unknown,Unknown,Groceries,Positive,Low,
337,Offers,Browsing,Unknown,Unknown,Unknown,Offers,Unknown,Positive,Low,
343,Cart,Post-Purchase,Product packaging is sometimes poor.,Trust,Better product packaging.,Unknown,Unknown,Mixed,Medium,
349,Pricing,Selection,Sale price is higher than MRP.,Price Concern,Accurate lower pricing.,Unknown,Unknown,Negative,High,
350,Pricing,Selection,Prices are too high.,Price Concern,Lower prices.,Unknown,Unknown,Negative,High,
354,Pricing,Selection,Prices are higher than other platforms.,Price Concern,Competitive pricing.,Unknown,Unknown,Negative,Medium,
356,General Experience,Post-Purchase,Customer care refuses to replace defective items.,Trust,Easy returns and replacements.,Unknown,Unknown,Negative,High,
359,Inventory,Post-Purchase,Incorrect items delivered.,Trust,Accurate order delivery.,Unknown,Unknown,Negative,High,
365,General Experience,Discovery,Unknown,Unknown,Unknown,Unknown,Unknown,Positive,Low,
372,Delivery,Discovery,Service is unavailable at the selected delivery location.,Unknown,Enable service availability in more locations.,Unknown,Unknown,Negative,High,
379,Checkout,Post-Purchase,No return option for accidentally ordered products.,Unknown,Provide easy return options for wrong orders.,Unknown,Unknown,Negative,High,
381,Delivery,Checkout,Delivery charges are too high.,Price Concern,Lower delivery charges.,Unknown,Unknown,Mixed,Medium,
383,Search,Discovery,Unknown,Unknown,Unknown,Search,Electronics,Positive,Low,
385,General Experience,Post-Purchase,Customer support rejected complaint for melted ice cream.,Trust,Fair resolution and better after-sales support.,Unknown,Groceries,Negative,High,
388,General Experience,Discovery,Unknown,Unknown,Unknown,Unknown,Unknown,Positive,Low,
390,Inventory,Post-Purchase,Low grade quality products received.,Trust,Better product quality control.,Unknown,Unknown,Negative,High,
397,Delivery,Checkout,Extra delivery charge is not good for minimal orders.,Price Concern,Lower delivery charges for small orders.,Unknown,Unknown,Mixed,Medium,
399,General Experience,Discovery,Unknown,Unknown,Unknown,Unknown,Unknown,Positive,Low,
400,General Experience,Discovery,Unknown,Unknown,Unknown,Unknown,Unknown,Positive,Low,
407,Offers,Checkout,Lack of sufficient discounts.,Price Concern,Give us more discount.,Offers,Unknown,Neutral,Low,
408,General Experience,Discovery,Unknown,Unknown,Unknown,Unknown,Unknown,Positive,Low,
415,Delivery,Checkout,Delivery charges are higher even for large orders.,Price Concern,Lower delivery charges for large orders.,Unknown,Unknown,Negative,Medium,
418,General Experience,Discovery,Unknown,Unknown,Unknown,Unknown,Unknown,Positive,Low,
419,Pricing,Browsing,Products are expensive and sometimes unavailable compared to competitors.,Price Concern,Better deals and product availability.,Unknown,Unknown,Negative,High,
421,General Experience,Discovery,Unknown,Unknown,Unknown,Unknown,Unknown,Positive,Low,
422,General Experience,Post-Purchase,Damaged free skincare product refused replacement.,Trust,Replace damaged items even if they are free.,Unknown,Personal Care,Negative,High,
849,General Experience,Post-Purchase,Support refused return for an unopened accidental order.,Trust,Allow returns for unopened products.,Unknown,Unknown,Negative,High,
850,Offers,Checkout,Lack of UPI payment discounts compared to competitors.,Price Concern,Provide UPI payment discounts.,Offers,Unknown,Negative,Medium,
853,Pricing,Browsing,Prices are higher on Apple devices compared to Android.,Price Concern,Keep uniform pricing across all devices.,Unknown,Unknown,Negative,High,
892,Homepage,Browsing,Lack of healthy options available.,Lack of Awareness,Add more healthy options.,Homepage,Snacks & Beverages,Positive,Low,
893,Pricing,Checkout,Hidden or extra charges added at checkout.,Price Concern,Transparent pricing without extra fees.,Unknown,Unknown,Negative,Medium,
894,Delivery,Post-Purchase,Unknown,Unknown,Continue fast and safe delivery.,Unknown,Groceries,Positive,Low,
895,Delivery,Post-Purchase,Unknown,Unknown,Maintain fast emergency delivery services.,Search,Medicines,Positive,Low,
900,Inventory,Post-Purchase,Received an empty product bottle.,Trust,Easy product exchange and customer support.,Unknown,Personal Care,Negative,High,
901,Categories,Browsing,Severe app lag and low FPS when browsing categories.,App Experience,Fix app performance and optimization.,Categories,Unknown,Mixed,High,
903,General Experience,Post-Purchase,Product return policy is not clearly mentioned.,Limited Information,Clear return policy information.,Unknown,Unknown,Negative,High,
904,Delivery,Post-Purchase,Items missing or undelivered without notification.,Trust,Automatic processing for missing item refunds.,Unknown,Groceries,Negative,High,
905,Checkout,Checkout,Cart and bill details not transparently shown before payment.,App Experience,Show transparent bill details before payment page.,Unknown,Unknown,Neutral,Medium,
909,Inventory,Browsing,Certain fresh herbs are out of stock.,Lack of Awareness,Stock fresh herbs like lemongrass.,Homepage,Groceries,Positive,Low,
910,Inventory,Post-Purchase,Gift card delivered without PIN.,Trust,Ensure gift cards include required PIN.,Unknown,Unknown,Negative,Medium,
911,Delivery,Discovery,Unknown,Unknown,Continue late night delivery service.,Unknown,Unknown,Positive,Low,
912,Checkout,Checkout,Payment options are not working and failing.,App Experience,Fix payment gateway bugs and accept cards.,Unknown,Unknown,Negative,High,
915,General Experience,Post-Purchase,Unable to return items.,Trust,Allow item returns.,Unknown,Unknown,Negative,High,
918,Pricing,Checkout,Prices and delivery charges are too high.,Price Concern,Lower prices and delivery charges.,Unknown,Unknown,Negative,High,
920,General Experience,Browsing,Unknown,Habit,Maintain current service quality.,Unknown,Unknown,Positive,Low,
922,Inventory,Post-Purchase,Vegetables lack freshness and bread is not soft.,Trust,Ensure fresh vegetables and soft bread.,Unknown,Groceries,Mixed,High,
923,Delivery,Post-Purchase,Items are frequently missing in every order.,Trust,Provide immediate resolution for missing items.,Unknown,Groceries,Negative,High,
924,General Experience,Browsing,Unknown,Unknown,Maintain comfortable app experience.,Unknown,Unknown,Positive,Low,
925,General Experience,Post-Purchase,Plastic bags are used instead of paper bags.,Unknown,Use eco-friendly paper bags.,Unknown,Household Essentials,Negative,Medium,
926,General Experience,Discovery,Unknown,Unknown,Unknown,Unknown,Unknown,Positive,Low,
929,Checkout,Post-Purchase,Replacement request for wrong item was denied.,Unknown,Allow replacement for mistakenly ordered items.,Unknown,Electronics,Negative,High,
933,Delivery,Discovery,Service not available in specific location.,Unknown,Expand delivery service to Chengalpattu.,Unknown,Unknown,Negative,Medium,
934,Inventory,Post-Purchase,Delivered product had an opened seal.,Trust,Ensure quality sealed products are delivered.,Unknown,Groceries,Negative,High,
940,Delivery,Post-Purchase,Unknown,Unknown,Unknown,Unknown,Unknown,Positive,Low,
943,Pricing,Browsing,Prices are higher than other delivery apps.,Price Concern,Lower prices compared to competitors.,Unknown,Unknown,Negative,Medium,
947,Checkout,Checkout,Unnecessary charges added automatically.,Price Concern,Transparent and lower charges.,Unknown,Unknown,Negative,High,
951,General Experience,Checkout,Unknown,Unknown,Unknown,Unknown,Unknown,Positive,Low,
952,Inventory,Browsing,Fresh milk and vegetables unavailable.,Lack of Awareness,Availability of fresh milk and vegetables.,Unknown,Groceries,Neutral,Medium,
957,Pricing,Delivery,Surge charges and delayed deliveries.,Price Concern,Remove surge charges and improve delivery speed.,Unknown,Unknown,Negative,High,
961,General Experience,Browsing,Unknown,Unknown,Unknown,Unknown,Unknown,Positive,Low,
962,Pricing,Browsing,Very high product prices and poor service.,Price Concern,Lower prices and better service.,Unknown,Unknown,Negative,High,
966,Delivery,Delivery,High charges and delayed delivery.,Price Concern,Lower delivery fees and timely delivery.,Unknown,Unknown,Negative,High,
968,General Experience,Browsing,Unknown,Habit,Unknown,Homepage,Household Essentials,Positive,Low,
969,Categories,Discovery,Unknown,Lack of Awareness,Unknown,Homepage,Groceries,Positive,Low,
970,Delivery,Post-Purchase,Damaged products delivered with no refund options.,Trust,Provide refund or exchange for damaged items.,Unknown,Unknown,Negative,High,
971,Checkout,Checkout,Hidden charges applied without proper bill preview.,Trust,Show bill preview with clear charges before checkout.,Unknown,Unknown,Negative,High,
973,Pricing,Checkout,High delivery charges.,Price Concern,Lower delivery charges.,Unknown,Unknown,Negative,Medium,
974,Pricing,Browsing,Products are more expensive than competitors.,Price Concern,Competitive pricing compared to Zepto.,Unknown,Unknown,Negative,Medium,
975,General Experience,Delivery,Unknown,Unknown,Unknown,Unknown,Unknown,Positive,Low,
979,General Experience,Post-Purchase,Unknown,Unknown,Unknown,Unknown,Unknown,Positive,Low,
980,Delivery,Delivery,Delivered chicken is stinking and pale.,Unknown,Fresh quality meat delivery.,Unknown,Groceries,Negative,High,
983,Pricing,Checkout,Charging handling fee for small bill amounts.,Price Concern,Lower service or handling fees.,Unknown,Unknown,Negative,Medium,
984,Delivery,Post-Purchase,Products were missing from delivery and poor customer support.,Trust,Reliable order verification and helpful support.,Unknown,Unknown,Negative,High,
986,General Experience,Post-Purchase,Unknown,Unknown,Unknown,Unknown,Unknown,Positive,Low,
987,Inventory,Browsing,Requested item is out of stock.,Lack of Awareness,Restock requested items.,Unknown,Snacks & Beverages,Negative,Medium,
994,General Experience,Discovery,Unknown,Unknown,Unknown,Unknown,Unknown,Positive,Low,
995,General Experience,Discovery,Unknown,Unknown,Unknown,Unknown,Unknown,Positive,Low,
997,Cart,Selection,Handling charges apply and quantity limits prevent buying multiple items.,Price Concern,Remove quantity limits and excessive charges.,Unknown,Personal Care,Negative,Medium,
998,Checkout,Checkout,Store is temporarily unavailable only at final checkout step.,App Experience,Clear store availability status before shopping.,Unknown,Unknown,Negative,High,
999,Pricing,Discovery,Prices are higher with high delivery and handling charges.,Price Concern,Lower prices and fewer extra charges.,Unknown,Unknown,Negative,High,
1000,General Experience,Post-Purchase,Product stopped working and replacement policy is too short.,Trust,Longer replacement policy for electronics.,Unknown,Electronics,Negative,High,
1001,General Experience,Post-Purchase,Vendor is rude regarding coins given.,Unknown,Polite vendor customer service.,Unknown,Unknown,Negative,Medium,
1002,Categories,Browsing,Limited assortments and limited offers available.,Limited Information,Broader assortment and more offers.,Categories,Unknown,Negative,Medium,
1003,Pricing,Checkout,Service charges are too high and inconvenient.,Price Concern,Lower service charges.,Unknown,Unknown,Negative,High,
1010,Homepage,Discovery,Unknown,Unknown,Unknown,Homepage,Unknown,Positive,Low,
1013,General Experience,Discovery,Unknown,Unknown,Unknown,Unknown,Unknown,Positive,Low,
1014,General Experience,Discovery,Unknown,Unknown,Unknown,Unknown,Unknown,Positive,Low,
1019,Pricing,Checkout,Additional charges added at the end of payment.,Price Concern,Transparent pricing without hidden fees.,Unknown,Unknown,Negative,Medium,
1020,Pricing,Checkout,Increased handling fees and high minimum order value for free delivery.,Price Concern,Lower minimum order value for free delivery.,Unknown,Groceries,Negative,High,
1022,General Experience,Post-Purchase,Wrong items delivered and lack of customer support.,Trust,Better customer service and easy returns.,Unknown,Unknown,Negative,High,
1023,General Experience,Post-Purchase,Received damaged items with insects and poor support.,Trust,Quality control and responsive customer support.,Unknown,Unknown,Negative,High,
1024,Offers,Discovery,Lack of good offers and coupons compared to competitors.,Price Concern,Better discounts and promotional offers.,Offers,Unknown,Negative,Medium,
1025,Pricing,Checkout,Unknown,Unknown,Low convenience fees.,Unknown,Unknown,Positive,Low,
1027,Homepage,Browsing,Unknown,Unknown,Consistent fast delivery and fresh products.,Homepage,Groceries,Positive,Low,
1029,Delivery,Discovery,Unknown,Unknown,Fast delivery for urgent requirements.,Unknown,Unknown,Positive,Low,
1032,Inventory,Post-Purchase,Received expired and scratched products with rejected refund.,Trust,Valid expiration dates and hassle-free refunds.,Unknown,Groceries,Negative,High,
1033,General Experience,Post-Purchase,There is no return policy for ordered products.,Trust,Easy return policy for products.,Unknown,Unknown,Negative,High,
1034,Delivery,Post-Purchase,Poor packaging quality that tears easily.,Trust,Better packaging to prevent tearing.,Unknown,Unknown,Negative,Medium,
1035,Categories,Discovery,Unknown,Unknown,Quick home delivery for household items.,Categories,Household Essentials,Positive,Low,
1036,Pricing,Checkout,Unnecessary surge pricing applied quickly.,Price Concern,Transparent and fair pricing without surge.,Unknown,Unknown,Negative,Medium,
1038,Pricing,Checkout,Extra handling and night charges without loyalty discounts.,Price Concern,Loyalty discounts for regular customers.,Unknown,Unknown,Negative,Medium,
1040,General Experience,Post-Purchase,Defective products delivered and complex refund process.,Trust,Simple and fast refund process.,Unknown,Unknown,Negative,High,
1045,Delivery,Discovery,Unknown,Unknown,Minimum time delivery for all products.,Unknown,Unknown,Positive,Low,
1048,Search,Browsing,Unknown,Unknown,Easy to use app with available products.,Search,Unknown,Positive,Low,
1050,Categories,Browsing,Unknown,Unknown,Convenient grocery ordering.,Categories,Groceries,Positive,Low,
1051,General Experience,Post-Purchase,No solution and no return option available.,Trust,Return options and better customer support.,Unknown,Unknown,Negative,High,
1052,Delivery,Discovery,Unknown,Unknown,Super fast delivery within ten minutes.,Unknown,Unknown,Positive,Low,
1053,Search,Searching,Search results intentionally mix unrelated items to cause errors.,App Experience,Accurate search results without misleading item placement.,Search,Electronics,Negative,High,
1058,General Experience,Discovery,Unknown,Unknown,Easy daily life shopping experience.,Unknown,Unknown,Positive,Low,
1059,Checkout,Post-Purchase,Faulty items received with no return or replacement option.,Trust,Easy return or replacement for faulty items.,Unknown,Unknown,Negative,High,
1060,Pricing,Checkout,Excessive hidden charges added to small item purchases.,Price Concern,Lower fees and transparent pricing.,Unknown,Groceries,Negative,High,
1061,Inventory,Browsing,Favorite brands are frequently out of stock.,Lack of Awareness,Consistent stock availability of brands.,Unknown,Unknown,Neutral,Medium,
1062,General Experience,Discovery,Unknown,Unknown,Unknown,Unknown,Unknown,Positive,Low,
1063,Checkout,Post-Purchase,Unknown,Unknown,Maintain instant refunds and good range.,Unknown,Unknown,Positive,Low,
1064,Offers,Checkout,Hidden surge charges applied despite free delivery promises.,Price Concern,Honest free delivery policies.,Offers,Unknown,Negative,High,
1067,Pricing,Checkout,High prices and short delivery items with poor support.,Price Concern,Better prices and accurate delivery quantities.,Unknown,Unknown,Negative,High,
1068,Checkout,Post-Purchase,Terrible product quality and unhelpful customer support.,Trust,Reliable support and quality products.,Unknown,Personal Care,Negative,High,
1069,Inventory,Browsing,Out of stock items are listed on the app.,Lack of Awareness,Accurate inventory listings.,Unknown,Unknown,Negative,Medium,
1072,Inventory,Browsing,Required products are never available.,Lack of Awareness,Better product availability.,Unknown,Unknown,Negative,Medium,
1075,Checkout,Post-Purchase,Missing items and unhelpful generic support responses.,Trust,Transparent complaint resolution and accurate deliveries.,Unknown,Unknown,Negative,High,
1077,Delivery,Delivery,Unknown,Unknown,Unknown,Unknown,Unknown,Positive,Low,
1084,General Experience,Discovery,Unknown,Unknown,Unknown,Unknown,Unknown,Positive,Low,
1085,Pricing,Checkout,Delivery charges increase unfairly with each order.,Price Concern,Lower and consistent delivery charges.,Unknown,Unknown,Negative,Medium,
1086,Pricing,Browsing,Overall costs are too high without delivery charges.,Price Concern,Lower overall product prices.,Unknown,Unknown,Negative,Medium,
1087,Pricing,Checkout,Charged higher than Maximum Retail Price.,Price Concern,Strict adherence to MRP pricing.,Unknown,Unknown,Negative,High,
1088,Delivery,Delivery,Unknown,Unknown,Unknown,Unknown,Unknown,Positive,Low,
1091,Inventory,Browsing,Unknown,Unknown,Consistent product availability.,Unknown,Unknown,Positive,Low,
1092,Delivery,Post-Purchase,Store staff pack damaged or expired items.,Trust,Better quality checks by packing staff.,Unknown,Unknown,Negative,High,
1093,Delivery,Discovery,Unknown,Unknown,Quick emergency deliveries.,Unknown,Unknown,Positive,Low,
1097,Inventory,Browsing,Product variety and stock levels are too low.,Limited Information,Increase product variety and stock availability.,Unknown,Unknown,Negative,High,
1098,General Experience,Browsing,Product quality is not up to standard.,Trust,Improve product quality standards.,Unknown,Unknown,Negative,Medium,
1099,Delivery,Delivery,Unknown,Unknown,Unknown,Unknown,Groceries,Positive,Low,
1101,Inventory,Post-Purchase,Delivered a used and broken item.,Trust,Ensure quality checks before delivery.,Unknown,Household Essentials,Negative,High,
1102,Inventory,Checkout,Items show currently unavailable and orders get cancelled.,App Experience,Ensure proper service and reliable delivery support.,Unknown,Unknown,Negative,High,
1103,General Experience,Discovery,Unknown,Unknown,Unknown,Unknown,Unknown,Positive,Low,
1106,General Experience,Discovery,Unknown,Unknown,Unknown,Unknown,Unknown,Positive,Low,
1107,General Experience,Discovery,Unknown,Unknown,Unknown,Unknown,Unknown,Positive,Low,
1108,Pricing,Browsing,Facing frequent price issues on regular items.,Price Concern,Stable and fair pricing on products.,Previous Orders,Unknown,Negative,Medium,
1110,Pricing,Browsing,Some products are priced much higher than outside markets.,Price Concern,Lower prices matching market rates.,Unknown,Unknown,Negative,High,
1111,Homepage,Browsing,Unknown,Unknown,Unknown,Homepage,Unknown,Positive,Low,
1112,Inventory,Post-Purchase,Poor product quality and unsealed items delivered.,Trust,Deliver sealed and high quality products.,Unknown,Personal Care,Negative,High,
1113,General Experience,Discovery,Unknown,Unknown,Unknown,Unknown,Unknown,Positive,Low,
1117,Pricing,Browsing,Prices are higher than local market rates.,Price Concern,Competitive pricing matching local markets.,Unknown,Groceries,Negative,Medium,
1118,General Experience,Browsing,Unknown,Habit,Unknown,Previous Orders,Groceries,Neutral,Low,
1122,Pricing,Browsing,App is very expensive.,Price Concern,Lower prices.,Unknown,Unknown,Mixed,Medium,
1125,Pricing,Browsing,Prices are too high.,Price Concern,Consider better pricing.,Unknown,Unknown,Negative,Medium,
1126,General Experience,Browsing,Aggressive push sales tactics.,App Experience,Better customer-centric sales approach.,Unknown,Unknown,Neutral,Medium,
1130,General Experience,Discovery,Unknown,Unknown,Unknown,Unknown,Unknown,Positive,Low,
1132,Inventory,Post-Purchase,Delivered a clearly faulty product as a gift.,Trust,Mandatory quality checks before packing.,Unknown,Unknown,Negative,High,
1137,Inventory,Post-Purchase,Delivered chicken weight was less than ordered.,Unknown,Accurate item weights in orders.,Unknown,Groceries,Negative,Medium,
1138,Pricing,Checkout,Delivery charges and fees are too high.,Price Concern,Lower charges and better offers.,Unknown,Unknown,Negative,High,
1140,Checkout,Checkout,Delivery charge is too high and payment gateway unreliable.,Price Concern,Lower delivery charges and reliable payments.,Unknown,Unknown,Negative,High,
1142,Inventory,Post-Purchase,Chilled drinks arrive warm consistently.,Trust,Ensure cold items are delivered chilled.,Unknown,Snacks & Beverages,Negative,Medium,
1147,Pricing,Checkout,Extra charges applied for rain surge without rain.,Price Concern,Remove unfair rain surge fees.,Unknown,Unknown,Negative,Medium,
1149,General Experience,Post-Purchase,Unknown,Unknown,Unknown,Unknown,Groceries,Positive,Low,
1150,General Experience,Post-Purchase,Unknown,Unknown,Unknown,Unknown,Groceries,Positive,Low,
1153,Pricing,Checkout,Delivery charges are too high.,Price Concern,Lower delivery charges.,Unknown,Unknown,Negative,High,
1154,Inventory,Post-Purchase,Expired product sent with tampered expiry date.,Trust,Fresh unexpired products.,Unknown,Household Essentials,Negative,High,
1155,Inventory,Post-Purchase,Unknown,Unknown,Unknown,Unknown,Groceries,Positive,Low,
1157,General Experience,Discovery,Unknown,Unknown,Unknown,Unknown,Unknown,Positive,Low,
1159,Offers,Checkout,Discounts are lower compared to competitors.,Price Concern,Better discounts and offers.,Offers,Unknown,Neutral,Medium,
1163,Inventory,Post-Purchase,Delivered regular tomatoes instead of ordered organic ones.,Trust,Accurate product delivery.,Unknown,Groceries,Negative,Medium,
1164,Categories,Discovery,Unknown,Unknown,Unknown,Categories,Groceries,Positive,Low,
1168,Pricing,Checkout,High package and delivery charges.,Price Concern,Free delivery and free packaging.,Unknown,Unknown,Negative,High,
1169,Pricing,Checkout,Unnecessary delivery charges applied.,Price Concern,Remove delivery charges.,Unknown,Unknown,Negative,Medium,
1170,Checkout,Checkout,Handling charges added unexpectedly.,Price Concern,Transparent pricing without extra fees.,Unknown,Unknown,Neutral,Low,
1171,Inventory,Post-Purchase,Damaged products delivered multiple times without accountability.,Trust,Undamaged products and better customer accountability.,Unknown,Unknown,Negative,High,
1173,General Experience,Discovery,Unknown,Habit,Fast instant grocery delivery.,Unknown,Groceries,Positive,Low,
1174,Checkout,Checkout,Bill not showing and delivery charges high.,Price Concern,Clear bill display and lower delivery charges.,Unknown,Unknown,Negative,High,
1177,General Experience,Discovery,Unknown,Unknown,Unknown,Unknown,Groceries,Positive,Low,
1178,Categories,Browsing,Unknown,Unknown,Unknown,Categories,Electronics,Positive,Low,
1180,Homepage,Discovery,Unknown,Unknown,Unknown,Homepage,Unknown,Positive,Low,
1181,Delivery,Delivery,Unknown,Unknown,Unknown,Unknown,Groceries,Positive,Low,
1182,Pricing,Browsing,Prices are higher than competitors.,Price Concern,Lower competitive prices.,Unknown,Unknown,Negative,High,
1183,Categories,Browsing,Cannot hide non vegetarian items.,App Experience,Add option to hide non veg items.,Categories,Snacks & Beverages,Negative,Medium,
1184,Checkout,Checkout,Delivery charges are hidden.,Price Concern,Show transparent delivery charges.,Unknown,Unknown,Negative,High,
1185,Inventory,Post-Purchase,Printout quality is very bad.,Unknown,Better print quality.,Unknown,Household Essentials,Negative,Medium,
1188,Pricing,Browsing,Rates have increased over time.,Price Concern,Lower prices.,Unknown,Unknown,Neutral,Low,
1190,Offers,Browsing,Competitors give better deals.,Price Concern,Better deals and offers.,Offers,Unknown,Negative,Medium,
1191,Inventory,Selection,Expiry dates are erased on discounted items.,Trust,Clear expiry date information.,Offers,Unknown,Negative,High,
1193,Cart,Checkout,Handling and delivery charges double the price.,Price Concern,Fair pricing without extra charges.,Unknown,Unknown,Negative,High,
1194,Checkout,Checkout,Unclear convenience and handling charges.,Price Concern,Transparent charge details.,Unknown,Unknown,Neutral,Medium,
1196,Inventory,Discovery,Products are sometimes unavailable.,App Experience,Better inventory availability.,Unknown,Unknown,Mixed,Medium,
1198,Inventory,Post-Purchase,Quality of perishable items and electronics is poor.,Trust,Better product quality.,Unknown,Electronics,Mixed,High,
1199,Inventory,Post-Purchase,Delivered stale damaged or expired products.,Trust,Thorough quality checks before delivery.,Unknown,Groceries,Negative,High,
1200,Delivery,Delivery,Unknown,Unknown,Unknown,Unknown,Unknown,Positive,Low,
1203,Inventory,Post-Purchase,Items missing after order confirmation.,Trust,Accurate order fulfillment.,Unknown,Unknown,Negative,High,
1207,Pricing,Checkout,Delivery charges are too high.,Price Concern,Lower delivery charges.,Unknown,Unknown,Negative,High,
1209,General Experience,Discovery,Unknown,Unknown,Unknown,Unknown,Unknown,Positive,Low,
1210,General Experience,Discovery,Unknown,Unknown,Unknown,Unknown,Groceries,Positive,Low,
1212,Checkout,Checkout,Excessive hidden fees and delayed deliveries.,Price Concern,Lower delivery charges.,Unknown,Groceries,Negative,High,
1214,Categories,Discovery,Certain specific toys are unavailable.,Lack of Awareness,Better product availability.,Search,Unknown,Neutral,Low,
1220,Inventory,Browsing,Popular electronics like PS5 are frequently out of stock.,Limited Information,Better stock updates.,Search,Electronics,Negative,High,
1221,General Experience,Discovery,High overlap of dark store locations across competitors.,Unknown,Unknown,Unknown,Groceries,Neutral,Low,
1225,Checkout,Post-Purchase,Damaged items received and unhelpful customer support.,Trust,Better customer service.,Unknown,Snacks & Beverages,Negative,High,
1226,Pricing,Browsing,Overpaying for everyday groceries across platforms.,Price Concern,Lower prices.,Search,Groceries,Neutral,Medium,
1227,Pricing,Browsing,Constantly switching apps to compare prices.,App Experience,Easy price comparison.,Search,Groceries,Neutral,Medium,
1230,Pricing,Browsing,Significant price variations between milk brands.,Price Concern,Cheaper dairy products.,Categories,Snacks & Beverages,Neutral,Low,
1231,Inventory,Discovery,Local grocery options are limited.,Unknown,Wider availability.,Unknown,Groceries,Neutral,Low,
1233,Checkout,Post-Purchase,Incomplete delivery of promotional offers and poor refund policy.,Trust,Full delivery of items.,Offers,Groceries,Negative,High,
1234,Pricing,Browsing,Quick commerce vegetables cost double compared to local markets.,Price Concern,Lower prices on vegetables.,Categories,Groceries,Negative,High,
1236,General Experience,Discovery,Over-reliance on quick commerce for basic needs.,Habit,Unknown,Unknown,Groceries,Neutral,Low,
1237,Search,Searching,Specific food items are hard to find on quick commerce apps.,Lack of Awareness,Better search availability.,Search,Snacks & Beverages,Neutral,Low,
1239,Delivery,Delivery,Average order times have significantly increased.,App Experience,Faster delivery times.,Unknown,Groceries,Negative,High,
1240,Categories,Browsing,Unclear distinction between staple and emergency purchases.,No Need,Clear category distinction.,Categories,Groceries,Neutral,Low,
1241,Categories,Browsing,Tracking and shopping weekly home essentials is painful.,Habit,Automated weekly essential shopping.,Categories,Household Essentials,Negative,Medium,
1242,Search,Searching,Favorite snack items are missing for months.,Lack of Awareness,Wider snack availability.,Search,Snacks & Beverages,Negative,Medium,
1244,Checkout,Post-Purchase,Missing items and unhelpful chat support for refunds.,Trust,Instant refunds for missing items.,Unknown,Groceries,Negative,High,
1245,Categories,Browsing,Concerns about the health and quality of online vegetables.,Trust,Organic fresh produce.,Categories,Groceries,Negative,Medium,
1246,General Experience,Post-Purchase,Unknown,Unknown,Unknown,Unknown,Snacks & Beverages,Positive,Low,
1247,General Experience,Discovery,Unknown,Unknown,Unknown,Unknown,Unknown,Neutral,Low,
1249,Inventory,Selection,Received rotting and incorrect grocery items.,Trust,Top quality products and hassle-free refunds.,Unknown,Groceries,Negative,High,
1250,General Experience,Discovery,Late working hours make store visits impossible.,Unknown,Reliable grocery delivery for late hours.,Unknown,Groceries,Neutral,Low,
1253,Pricing,Selection,Products are much more expensive compared to supermarkets.,Price Concern,Lower prices matching supermarkets.,Unknown,Unknown,Negative,Medium,
1255,Inventory,Post-Purchase,Vegetables rot very quickly and smell pungent.,Trust,Fresh and safe vegetables without rotting.,Unknown,Groceries,Negative,High,
1258,Search,Searching,Lack of quality banana chips available on the app.,Limited Information,Better variety of regional snacks.,Search,Snacks & Beverages,Negative,Medium,
1259,General Experience,Discovery,Unknown,Unknown,Unknown,Unknown,Groceries,Neutral,Low,
1260,Offers,Discovery,Unknown,Habit,Better offers across platforms.,Offers,Unknown,Mixed,Low,
1262,Search,Searching,Bathing soap bars break apart and crumble easily.,Limited Information,Durable bathing soaps available on app.,Search,Personal Care,Negative,Medium,
1263,Delivery,Checkout,Delivery is suspended in protest zones due to restrictions.,App Experience,Delivery services in restricted zones.,Unknown,Medicines,Negative,High,
1264,Delivery,Checkout,Deliveries get intercepted or fail to reach protest sites.,App Experience,Reliable delivery to verified pickup spots.,Unknown,Household Essentials,Neutral,Medium,
1265,Delivery,Checkout,Food deliveries are going to waste due to surplus.,Lack of Awareness,Information on actual required items.,Unknown,Groceries,Neutral,Low,
1266,Delivery,Discovery,Service availability issues for specific locations.,App Experience,Service availability for essential donations.,Unknown,Medicines,Neutral,Medium,
1267,Delivery,Checkout,App is not working for specific delivery locations.,App Experience,Working delivery services for all locations.,Unknown,Unknown,Negative,High,
1268,Delivery,Discovery,Service availability issues for specific delivery addresses.,App Experience,Delivery support for protest locations.,Unknown,Household Essentials,Neutral,Medium,
1269,Delivery,Checkout,App is not working when trying to place orders.,App Experience,Working checkout and delivery.,Unknown,Unknown,Negative,High,
1270,General Experience,Discovery,Unknown,Unknown,Protective gear availability on app.,Unknown,Unknown,Neutral,Low,
1271,Delivery,Checkout,App keeps saying service is currently unavailable.,App Experience,Available delivery service for essential items.,Unknown,Medicines,Negative,High,
1273,Delivery,Checkout,App shows currently unavailable or temporarily unserviceable.,App Experience,Reliable delivery service availability.,Unknown,Groceries,Negative,High,
1274,General Experience,Delivery,Delivery services are blocked or unavailable at protest sites.,Unknown,Enable deliveries to protest locations.,Unknown,Groceries,Negative,High,
1275,General Experience,Checkout,Delivery apps are not working for specific locations.,Unknown,Allow deliveries to public areas.,Unknown,Medicines,Negative,High,
1276,General Experience,Discovery,Unknown,Unknown,Unknown,Unknown,Groceries,Neutral,Low,
1277,Inventory,Browsing,Items are always out of stock.,Lack of Awareness,Better inventory availability.,Search,Electronics,Negative,Medium,
1287,General Experience,Discovery,Unknown,Unknown,Unknown,Unknown,Household Essentials,Positive,Low,
1288,General Experience,Delivery,Confidential documents mixed up and delivered to wrong people.,Trust,Better handling of printed documents.,Unknown,Household Essentials,Negative,High,
1290,General Experience,Discovery,Unknown,Unknown,Unknown,Unknown,Household Essentials,Positive,Low,
1293,Search,Selection,Product title and listing details do not match the delivered item.,Trust,Accurate product descriptions and easy replacements.,Search,Electronics,Negative,High,
1294,Pricing,Checkout,Extra fees charged on every order.,Price Concern,Lower delivery fees.,Unknown,Groceries,Negative,Medium,
1296,General Experience,Discovery,Unknown,Habit,Unknown,Unknown,Groceries,Neutral,Low,
1297,Inventory,Post-Purchase,Dairy product quality is inconsistent and often spoiled.,Trust,Better quality control for dairy items.,Previous Orders,Snacks & Beverages,Negative,High,
1298,Categories,Browsing,Quick commerce apps lack local shop variety.,Limited Information,More local store options.,Categories,Household Essentials,Neutral,Medium,
1301,Inventory,Searching,Items are frequently unavailable.,Lack of Awareness,Better stock availability.,Search,Groceries,Neutral,Low,
1302,Categories,Browsing,Authentic Japanese ramen is not available on the app.,Limited Information,More authentic international food options.,Categories,Snacks & Beverages,Negative,Medium,
1304,Categories,Browsing,Zero source-tracing for fresh vegetables.,Trust,Transparent food sourcing information.,Categories,Groceries,Negative,High,
1306,Search,Searching,Previously available items are removed from quick commerce.,Lack of Awareness,Bring back discontinued items.,Search,Groceries,Negative,Medium,
1307,General Experience,Discovery,Unknown,Unknown,Unknown,Unknown,Groceries,Positive,Low,
1308,Categories,Discovery,Unknown,Lack of Awareness,Unknown,Categories,Household Essentials,Positive,Low,
1309,Inventory,Post-Purchase,Received spoiled and tampered perishable items.,Trust,Stricter quality checks for perishables.,Previous Orders,Groceries,Negative,High,
1310,General Experience,Discovery,Unknown,Unknown,Unknown,Unknown,Groceries,Neutral,Low,
1311,Search,Searching,Specific branded coffee candy is unavailable on the platform.,Limited Information,Availability of imported and rare confectionery items.,Search,Snacks & Beverages,Negative,Medium,
1312,Categories,Browsing,Uncertainty about discreet packaging for sensitive adult products.,Trust,Guaranteed discreet packaging with clear delivery instructions.,Categories,Personal Care,Mixed,High,
1318,Recommendations,Discovery,Boredom from seeing the same standard snack options repeatedly.,Lack of Awareness,Recommendations for unique and interesting snacks.,Unknown,Snacks & Beverages,Neutral,Low,
1319,Search,Searching,Uncertainty regarding electronic product quality and reliability.,Trust,Clear guidance and quality assurance for electronics.,Search,Electronics,Neutral,Medium,
1320,General Experience,Discovery,Unknown,Unknown,Unknown,Unknown,Unknown,Neutral,Low,
1321,Pricing,Selection,New snack product is overpriced relative to portion size.,Price Concern,Better pricing and value for money on new items.,Unknown,Snacks & Beverages,Negative,Medium,
1323,General Experience,Discovery,Difficulty in balancing quality and price for grocery essentials.,Price Concern,Best quality-to-price ratio options for groceries.,Unknown,Groceries,Neutral,Low,
1324,Inventory,Searching,Desired items are consistently out of stock across platforms.,Limited Information,Better stock availability and restock alerts.,Search,Unknown,Negative,High,
1326,Delivery,Post-Purchase,Cancelled sensitive documents delivered late to wrong address.,App Experience,Reliable cancellation handling and strict privacy protection.,Unknown,Unknown,Negative,High,
1327,Checkout,Checkout,High quick-commerce delivery fees causing frustration.,Price Concern,Lower delivery fees for quick commerce orders.,Unknown,Groceries,Neutral,Medium,
1328,Categories,Browsing,Surprise at finding unusual novelty items listed on app.,Lack of Awareness,Better visibility into unique category offerings.,Homepage,Personal Care,Neutral,Low,
1329,Pricing,Selection,Online platforms lack the deep discounts found in offline stores.,Price Concern,Better discounts and promotional offers matching offline markets.,Categories,Groceries,Negative,Medium,
1330,Inventory,Searching,Only processed brand available while fresh local alternative is desired.,Limited Information,"Availability of fresh, unadulterated local food items.",Search,Groceries,Negative,Medium,
1331,Checkout,Post-Purchase,Frequent small orders accumulate high delivery fee expenses.,Price Concern,Transparent cumulative delivery cost tracking.,Unknown,Groceries,Mixed,Medium,
1334,Homepage,Discovery,Collectible items are rarely available in stock.,Lack of Awareness,Stock notifications for collectible hobby items.,Homepage,Unknown,Positive,Low,
1335,Search,Discovery,Lack of serving suggestions or mixing guides for new beverage types.,Lack of Awareness,Recipe ideas and usage guides for beverage mixers.,Search,Snacks & Beverages,Positive,Low,
1336,General Experience,Browsing,Lack of large aesthetic physical supermarkets in the city.,No Need,More comprehensive offline supermarket options.,Unknown,Groceries,Neutral,Low,
1337,Inventory,Searching,Specific imported energy drink flavor is out of stock everywhere.,Limited Information,Broader assortment of imported energy drink variants.,Search,Snacks & Beverages,Negative,Medium,
1338,Inventory,Searching,Regular cigarette products are frequently out of stock.,Limited Information,Consistent stock replenishment for tobacco items.,Unknown,Snacks & Beverages,Negative,Medium,
1341,Pricing,Checkout,Lack of transparency in how handling fees are calculated.,Trust,Transparent pricing algorithms for handling fees.,Unknown,Unknown,Neutral,Medium,
1369,Categories,Discovery,Mini portable coolers are unavailable or unaffordable.,Limited Information,Affordable portable coolers.,Unknown,Electronics,Neutral,Low,
1370,Delivery,Delivery,Multiple unidentified delivery riders arrived at midnight.,Trust,Accurate rider information and safety.,Unknown,Unknown,Negative,High,
1371,Categories,Discovery,Concerns about product quality and organic options.,Trust,Affordable organic grocery options.,Unknown,Groceries,Negative,Medium,
1372,Search,Searching,Russet potatoes are too expensive.,Price Concern,Lower prices for vegetables.,Search,Groceries,Negative,Low,
1373,Cart,Checkout,Items delivered loose without a proper bag.,App Experience,Better packaging for delivery.,Unknown,Household Essentials,Negative,High,
1374,Categories,Discovery,Unclear compatibility of metro card with specific routes.,Limited Information,Clear product usage details.,Unknown,Unknown,Neutral,Low,
1379,Inventory,Post-Purchase,Delivered expired or old baby food stock.,Trust,Accurate inventory and fresh stock.,Unknown,Baby Care,Negative,High,
1382,Search,Searching,Glass water bottles are extremely expensive.,Price Concern,Reasonably priced glass water bottles.,Search,Groceries,Negative,Medium,
1383,Pricing,Browsing,High cost of online grocery shopping.,Price Concern,Ways to save money on groceries.,Unknown,Groceries,Neutral,Low,
1385,Pricing,Browsing,Local shops cannot compete with online discounts.,Price Concern,Competitive local pricing.,Unknown,Groceries,Neutral,Low,
1388,Search,Searching,Specific cheese brands are out of stock.,Lack of Awareness,Better inventory availability.,Search,Groceries,Negative,Medium,
1389,Checkout,Checkout,Handling fees and pass benefits are confusing.,Price Concern,Transparent and lower fees.,Unknown,Household Essentials,Negative,Medium,
1390,Delivery,Delivery,Order accepted then canceled after long wait.,App Experience,Reliable delivery and fair compensation.,Unknown,Snacks & Beverages,Negative,High,
1392,Inventory,Post-Purchase,Delivered rotten vegetables with fungus.,Trust,Fresh quality produce.,Unknown,Groceries,Negative,High,
1394,Search,Searching,Specific local food item is unavailable.,Lack of Awareness,Broader local product availability.,Search,Snacks & Beverages,Negative,Low,
1395,Categories,Discovery,No response from online platforms for farmer produce.,App Experience,Direct onboarding for local farmers.,Unknown,Groceries,Negative,High,
1397,Homepage,Discovery,Scared of side effects of viral products.,Trust,Safety information for viral products.,Homepage,Personal Care,Neutral,Medium,
1399,Recommendations,Discovery,Unknown,Lack of Awareness,Product reviews and information.,Recommendations,Snacks & Beverages,Positive,Low,
1410,Categories,Discovery,Uncertainty about metro card usage across routes.,Limited Information,Clear serviceability and usage details.,Unknown,Unknown,Neutral,Low,
1411,Inventory,Browsing,Quick commerce stores are closed at night.,App Experience,24/7 store availability.,Unknown,Groceries,Negative,Medium,
1412,Inventory,Searching,Specific items are frequently out of stock.,Lack of Awareness,Real-time stock availability updates.,Search,Electronics,Negative,High,
1413,Inventory,Discovery,Unknown,Unknown,Unknown,Unknown,Electronics,Neutral,Low,
1414,Inventory,Discovery,Unknown,Unknown,Unknown,Unknown,Electronics,Positive,Low,
1415,Inventory,Searching,High demand items remain out of stock everywhere.,Lack of Awareness,Better stock availability for electronics.,Search,Electronics,Negative,High,
1416,Inventory,Searching,Popular electronics sell out extremely fast across platforms.,Lack of Awareness,Accurate restock notifications.,Search,Electronics,Mixed,High,
1417,Inventory,Discovery,Unknown,Unknown,Easier access to limited stock items.,Unknown,Electronics,Positive,Low,
1419,Categories,Browsing,Specific fresh vegetable varieties are missing.,Limited Information,Wide variety of fresh produce.,Categories,Groceries,Negative,Medium,
1420,Pricing,Browsing,Grocery bills are surprisingly high.,Price Concern,Clear pricing comparisons across supermarkets.,Homepage,Groceries,Negative,Medium,
1423,Pricing,Browsing,Chicken prices vary significantly by location.,Price Concern,Affordable meat pricing.,Search,Groceries,Mixed,Medium,
1424,Inventory,Browsing,Quality of fruits and vegetables has degraded.,Trust,Fresh high quality fruits and vegetables.,Categories,Groceries,Negative,High,
1426,Search,Searching,Specific snack brands are unavailable.,Lack of Awareness,Broader snack inventory.,Search,Snacks & Beverages,Negative,Medium,
1428,Inventory,Post-Purchase,Incorrect freebie items delivered unexpectedly.,App Experience,Accurate free promotional items.,Offers,Personal Care,Mixed,Low,
1430,Inventory,Searching,Products remain out of stock everywhere.,Lack of Awareness,Better stock availability.,Search,Electronics,Negative,High,
1431,Pricing,Checkout,Final cart prices change due to various hidden fees.,Price Concern,Transparent final cart price comparisons.,Offers,Groceries,Neutral,Medium,
1433,Categories,Discovery,Cafe services are not available in certain regions.,Lack of Awareness,Instant cafe food delivery expansion.,Homepage,Snacks & Beverages,Neutral,Low,
1434,Categories,Browsing,Limited organic fruit options available.,Limited Information,More organic fruit varieties.,Categories,Groceries,Mixed,Low,
1435,Pricing,Checkout,Suspected higher pricing on iOS devices.,Price Concern,Fair pricing across all platforms and devices.,Search,Electronics,Neutral,Medium,
1437,Recommendations,Discovery,Unknown,Lack of Awareness,Curated food recommendations from peers.,Homepage,Snacks & Beverages,Positive,Low,
1438,Pricing,Browsing,Chicken prices are too high.,Price Concern,Competitive meat pricing.,Categories,Groceries,Negative,Medium,
1439,Pricing,Checkout,Checking prices across multiple apps is tedious.,App Experience,Consolidated price and delivery fee comparison.,Offers,Groceries,Negative,Medium,
1441,Checkout,Checkout,Grocery comparison apps only show price differences and lack real-time accuracy.,App Experience,Accurate real-time price comparison and single interface checkout.,Unknown,Groceries,Neutral,Medium,
1444,General Experience,Browsing,Unknown,Unknown,Discover popular items and go-to instant mart purchases.,Unknown,Groceries,Neutral,Low,
1445,Inventory,Post-Purchase,Expired packaged products are allegedly relabeled and resold.,Trust,Fresh and unexpired product delivery.,Unknown,Snacks & Beverages,Negative,High,
1449,Pricing,Checkout,Received a completely empty box and support accused me of being a scammer.,Trust,Fair refund policies and reliable customer support.,Unknown,Electronics,Negative,High,
1450,Search,Discovery,Product matching across quick commerce apps was a painful problem.,App Experience,Accurate cross-platform product matching.,Unknown,Groceries,Positive,Medium,
1452,Inventory,Searching,Mineral water cans are always out of stock.,Limited Information,Consistent availability of essential daily water cans.,Search,Household Essentials,Negative,High,
1453,Delivery,Post-Purchase,"Items arrived crushed, soiled, and customer support blocked my account.",Trust,Intact delivery and responsive customer support.,Unknown,Snacks & Beverages,Negative,High,
1454,General Experience,Post-Purchase,Unknown,Habit,Save money by reducing reliance on instant delivery apps.,Unknown,Groceries,Positive,Low,
1455,Categories,Searching,Unable to find specific cream biscuits in online stores.,Lack of Awareness,Wider product availability for regional snacks.,Categories,Snacks & Beverages,Neutral,Low,
1456,General Experience,Post-Purchase,Missing local food delivery and grocery apps after moving overseas.,Unknown,Access to familiar food options abroad.,Unknown,Groceries,Mixed,Medium,
1458,General Experience,Discovery,Unknown,Unknown,More survey responses for academic data analysis.,Unknown,Groceries,Neutral,Low,
1460,Offers,Discovery,Social media and marketing create unnecessary spending pressure.,Price Concern,Meaningful experiences instead of materialistic gifts.,Offers,Snacks & Beverages,Negative,Low,
1464,Pricing,Selection,High pricing for high protein milk on quick commerce.,Price Concern,Better discounts on dairy products.,Homepage,Groceries,Neutral,Low,
1465,Pricing,Selection,Massive price hike turned a budget staple into a luxury item.,Price Concern,Affordable budget-friendly staple items.,Previous Orders,Groceries,Negative,Medium,
1466,Inventory,Selection,Unsure which egg brands to trust after negative lab reports.,Trust,Recommendations for safe and tested food brands.,Unknown,Groceries,Negative,Medium,
1467,General Experience,Discovery,Unknown,Unknown,User feedback collection for research.,Unknown,Groceries,Neutral,Low,
1468,Pricing,Selection,Same product has different prices across platforms for the same location.,Price Concern,Consistent and transparent pricing across apps.,Search,Groceries,Neutral,Medium,
1470,Inventory,Checkout,Orders got cancelled due to technical and operational issues.,App Experience,Reliable order fulfillment without sudden cancellations.,Unknown,Groceries,Negative,High,
1471,Categories,Searching,Limited good flavours available online.,Limited Information,Better variety and stock of preferred flavours.,Categories,Snacks & Beverages,Negative,Low,
1472,General Experience,Discovery,Bad experiences at certain local restaurants.,Trust,Reliable restaurant and food recommendations.,Unknown,Groceries,Positive,Low,
1473,Offers,Discovery,Unknown,Unknown,Unknown,Offers,Unknown,Positive,Low,
1480,General Experience,Discovery,Service area limitations for gifting items.,Lack of Awareness,Wider delivery coverage.,Unknown,Unknown,Neutral,Low,
1481,Categories,Browsing,Unknown,Lack of Awareness,Snacks and ice cream availability.,Unknown,Snacks & Beverages,Neutral,Low,
1497,Delivery,Post-Purchase,Tampered product seal received.,Trust,Better quality control.,Unknown,Snacks & Beverages,Negative,High,
1500,Inventory,Post-Purchase,Items are damaged while delivering.,Trust,Better product handling.,Unknown,Unknown,Neutral,Medium,
1554,Search,Discovery,Unregulated sale of dangerous items.,App Experience,Proper age verification and safety checks.,Unknown,Household Essentials,Negative,High,
1562,Pricing,Checkout,High service and delivery charges.,Price Concern,Lower prices and fees.,Unknown,Groceries,Negative,High,
1563,General Experience,Discovery,Unknown,Habit,Unknown,Unknown,Groceries,Neutral,Low,
1564,General Experience,Discovery,Unsustainable business model.,Unknown,Fair labor practices.,Unknown,Unknown,Negative,Medium,
1567,Delivery,Checkout,High delivery fees.,Price Concern,Lower delivery fees.,Unknown,Unknown,Neutral,Medium,
1568,General Experience,Discovery,Unknown,Unknown,Unknown,Unknown,Groceries,Positive,Low,
1573,Inventory,Discovery,Fresh produce quality is questionable.,Trust,Fresh produce quality assurance.,Unknown,Groceries,Negative,High,
1578,Inventory,Discovery,Poor quality of fresh produce.,Trust,Higher quality fresh produce.,Unknown,Groceries,Mixed,Medium,
1579,General Experience,Discovery,Unknown,Habit,Unknown,Unknown,Groceries,Neutral,Low,
1580,General Experience,Discovery,Overpriced goods.,Price Concern,Cheaper local market options.,Unknown,Groceries,Negative,High,
1582,General Experience,Discovery,Unnecessary 10-minute delivery model.,No Need,Sustainable shopping options.,Unknown,Groceries,Negative,High,
1583,General Experience,Discovery,Negative environmental and social impact.,No Need,Support for local small businesses.,Unknown,Groceries,Negative,Medium,
1584,Delivery,Delivery,Dark stores cause traffic issues.,App Experience,Better urban planning for dark stores.,Unknown,Groceries,Negative,High,
1599,Delivery,Delivery,Delivery is too fast.,No Need,Longer delivery windows.,Unknown,Unknown,Neutral,Low,
1600,Delivery,Delivery,Unreasonable focus on exact delivery minutes.,App Experience,Better rider rest and fair pay.,Unknown,Unknown,Neutral,Medium,
1601,Delivery,Delivery,Delivery takes too long and defeats quick commerce.,Unknown,Faster delivery times.,Unknown,Unknown,Negative,Medium,
1602,Delivery,Delivery,High delivery charges and unnecessary quick delivery.,Price Concern,Lower delivery charges.,Unknown,Unknown,Neutral,Low,
1607,Delivery,Delivery,Delivery charges are high and riders face pressure.,Price Concern,Fair pay for delivery workers without high fees.,Unknown,Unknown,Negative,High,
1621,Delivery,Delivery,Unknown,Unknown,Better fleet regulation.,Unknown,Unknown,Positive,Low,
1624,Delivery,Delivery,10 minute delivery risks driver safety.,Unknown,Remove risky fast delivery models.,Unknown,Unknown,Positive,Medium,
1631,General Experience,Discovery,Local shops are close enough to walk to.,Habit,Walk to local shops instead.,Unknown,Unknown,Neutral,Low,
1632,General Experience,Discovery,Unknown,Unknown,Convenient shopping facilities.,Unknown,Unknown,Positive,Low,
1633,General Experience,Discovery,Unknown,Unknown,Convenient services.,Unknown,Unknown,Positive,Low,
1646,Delivery,Checkout,Delivery fees will destroy demand.,Price Concern,Lower delivery fees.,Unknown,Unknown,Negative,Medium,
1649,Delivery,Discovery,Unnecessary timers on the app.,App Experience,Remove 10 min counters.,Unknown,Unknown,Negative,Medium,
1652,Delivery,Delivery,Quick commerce exploits workers for non-urgent goods.,Trust,Ethical delivery models.,Unknown,Snacks & Beverages,Negative,High,
1653,Delivery,Delivery,Platform fees go to company instead of workers.,Trust,Fair worker compensation.,Unknown,Groceries,Negative,High,
1655,Delivery,Delivery,10-minute delivery prioritizes impatience over worker safety.,Trust,Safe and standard delivery times.,Unknown,Groceries,Negative,High,
1682,Delivery,Delivery,Delivery grouping and fee waivers affect service quality.,Price Concern,Transparent delivery charges.,Unknown,Groceries,Neutral,Medium,
1684,General Experience,Discovery,People complain but continue using quick commerce.,Habit,Consistent app usage.,Unknown,Unknown,Neutral,Low,
1698,General Experience,Discovery,Everything is getting costly.,Price Concern,Affordable pricing.,Unknown,Household Essentials,Negative,Medium,
1699,General Experience,Discovery,Apps dehumanize workers and ruin local stores.,Trust,Better treatment of gig workers.,Unknown,Groceries,Negative,High,
1700,General Experience,Discovery,Lack of quick commerce apps abroad frustrates users.,Habit,Quick delivery availability everywhere.,Unknown,Snacks & Beverages,Negative,Low,
1724,Delivery,Delivery,10 minute delivery incentivizes road recklessness.,Trust,Safer delivery timelines.,Unknown,Groceries,Negative,High,
1733,General Experience,Discovery,"Urban outdoor spaces are poor, driving homebound culture.",No Need,Better home delivery services.,Unknown,Unknown,Neutral,Low,
1765,General Experience,Post-Purchase,Unknown,Unknown,Unknown,Unknown,Unknown,Neutral,Low,
1786,Inventory,Browsing,Limited product availability compared to local stores.,Limited Information,Wider product variety.,Unknown,Groceries,Negative,Medium,
1793,Inventory,Post-Purchase,Improper storage led to food poisoning from sweets.,Trust,Better quality control for food items.,Unknown,Snacks & Beverages,Negative,High,
1794,General Experience,Discovery,Sub-standard products sold by big corporations.,Trust,Better product quality.,Unknown,Groceries,Negative,Medium,
1795,Pricing,Selection,Prices vary compared to local hawkers.,Price Concern,Competitive pricing.,Unknown,Groceries,Positive,Low,
1798,Checkout,Checkout,Hidden handling and delivery fees increase total cost.,Price Concern,Transparent pricing without extra fees.,Unknown,Household Essentials,Negative,Medium,
1799,Inventory,Post-Purchase,Unfit food items sold on quick commerce apps.,Trust,Hygienic and fresh food items.,Unknown,Groceries,Negative,High,
1801,Inventory,Post-Purchase,Fruits and vegetables appear good outside but are rotten inside.,Trust,Fresh and high quality produce.,Unknown,Groceries,Negative,High,
1826,Pricing,Checkout,Platform fees and delivery charges make services expensive.,Price Concern,Lower platform fees.,Unknown,Groceries,Negative,Medium,
1827,Checkout,Checkout,Convenience fees act as hidden charges.,Price Concern,No hidden convenience fees.,Unknown,Unknown,Negative,Medium,
1829,Checkout,Checkout,COD orders lead to inefficiencies and higher return rates.,App Experience,Efficient checkout process.,Unknown,Unknown,Neutral,Low,
1830,Checkout,Checkout,Misuse of cash on delivery by customers.,App Experience,Fair delivery charges.,Unknown,Unknown,Neutral,Low,
1831,Offers,Checkout,Memberships add more conditions and extra fees over time.,Price Concern,Transparent membership benefits.,Unknown,Unknown,Negative,High,
1833,General Experience,Checkout,Frustration with increasing extra charges.,Price Concern,Fair pricing.,Unknown,Unknown,Negative,Medium,
1835,General Experience,Discovery,Habit of returning to shopping apps despite uninstalling.,Habit,Better self control.,Unknown,Unknown,Neutral,Low,
1837,Delivery,Delivery,Unrealistic delivery pressure causes harassment and safety issues.,App Experience,Better treatment of delivery partners.,Unknown,Personal Care,Negative,High,
1843,Pricing,Checkout,Sneaky transition of free services into paid charges.,Price Concern,Upfront pricing transparency.,Unknown,Unknown,Negative,Medium,
1844,Pricing,Browsing,Prices are pumped up artificially everywhere.,Price Concern,Lower consumption costs.,Unknown,Unknown,Negative,Medium,
1846,General Experience,Checkout,Additional service costs are bundled into purchases.,Price Concern,Reasonable service charges.,Unknown,Unknown,Neutral,Low,
1847,Pricing,Selection,Extra charges make online shopping less appealing than local stores.,Price Concern,Cheaper deals without extra charges.,Unknown,Unknown,Negative,Medium,
1848,Pricing,Checkout,High subscription and extra fees make ordering expensive.,Price Concern,Lower fees and transparent pricing.,Unknown,Unknown,Negative,High,
1849,Pricing,Checkout,Memberships only benefit heavy spenders.,Price Concern,Affordable membership benefits.,Unknown,Unknown,Neutral,Medium,
1850,Inventory,Searching,Local product unavailability forces online shopping.,Habit,Better local product availability.,Unknown,Unknown,Neutral,Low,
1851,Checkout,Checkout,Unexpected shipping charges on every order.,Price Concern,Free or lower shipping charges.,Unknown,Unknown,Negative,High,
1852,General Experience,Post-Purchase,Platform fees and charges cause mental stress.,App Experience,Hassle free shopping experience.,Unknown,Unknown,Negative,Medium,
1853,Pricing,Checkout,High delivery fees charged by food platforms.,Price Concern,Lower delivery charges.,Unknown,Snacks & Beverages,Negative,Medium,
1854,General Experience,Discovery,High commission and delivery costs from delivery apps.,Price Concern,Fair pricing for food delivery.,Unknown,Snacks & Beverages,Negative,Medium,
1857,Checkout,Checkout,High return rates and COD abuse increase seller costs.,Price Concern,Fair handling of delivery costs.,Unknown,Unknown,Neutral,Medium,
1858,General Experience,Discovery,Poor trust and bad corporate practices on e-commerce.,Trust,Better trust and customer practices.,Unknown,Unknown,Negative,High,
1859,Inventory,Searching,Specific products are unavailable offline.,Habit,Better offline product availability.,Unknown,Unknown,Negative,Medium,
1860,Inventory,Discovery,Relying on apps only due to lack of offline options.,Habit,Better offline product availability.,Unknown,Unknown,Negative,Medium,
1861,General Experience,Discovery,Online market has a heavy hold over consumers.,Habit,Unknown,Unknown,Unknown,Neutral,Low,
1863,Pricing,Checkout,Surge pricing applied during rain or festive days.,Price Concern,Consistent pricing without surge charges.,Unknown,Electronics,Mixed,Medium,
1864,Checkout,Post-Purchase,Bad experience with electronics replacement and return policies.,Trust,Better return and replacement policies.,Unknown,Electronics,Negative,High,
1865,Checkout,Post-Purchase,Electronics replacements must be routed through service centers.,Trust,Direct return policies for electronics.,Unknown,Electronics,Neutral,Medium,
1866,Checkout,Post-Purchase,Tedious return process and multiple minimal fees.,App Experience,Simplest return process and zero hidden fees.,Unknown,Electronics,Negative,High,
1903,General Experience,Post-Purchase,Lack of good customer service kills repeat purchases.,Trust,Excellent customer service and quality products.,Unknown,Unknown,Positive,Medium,
1904,General Experience,Post-Purchase,"Positive reviews can be bought, reducing impact of negative feedback.",Trust,Authentic and transparent customer reviews.,Unknown,Unknown,Negative,Medium,
1907,General Experience,Discovery,Oligopoly markets leave customers with no better choices.,Trust,More competitive market choices.,Unknown,Unknown,Negative,High,
1909,General Experience,Discovery,Unknown,Unknown,Try alternative networks like ONDC.,Unknown,Unknown,Neutral,Low,
1910,Categories,Discovery,Favorite restaurants are not listed.,Lack of Awareness,List favorite restaurants.,Categories,Unknown,Negative,Medium,
1920,Checkout,Checkout,Refunds take months to process.,Trust,Immediate refunds for out of stock items.,Unknown,Electronics,Negative,High,
1924,Delivery,Delivery,Delivery guys did not follow elevator instructions.,App Experience,Better delivery handling.,Unknown,Household Essentials,Negative,Medium,
1928,Search,Searching,Products not available in local city.,Lack of Awareness,Better product availability.,Search,Pet Care,Negative,Medium,
2010,Delivery,Delivery,Delivery drivers are risking their lives.,Unknown,Safer working conditions for drivers.,Unknown,Unknown,Negative,High,
2011,Delivery,Delivery,Drivers are almost 24/7 on the road.,Unknown,Unknown,Unknown,Unknown,Neutral,Low,
2060,General Experience,Browsing,Have no use for the product.,No Need,Unknown,Unknown,Electronics,Neutral,Low,
2061,General Experience,Browsing,Too grown up to use it.,Habit,Unknown,Unknown,Electronics,Neutral,Low,
2062,General Experience,Browsing,Unknown,Unknown,Unknown,Unknown,Electronics,Positive,Low,
2063,General Experience,Browsing,No time to play video games.,No Need,More free time.,Unknown,Electronics,Negative,Low,
2064,General Experience,Browsing,Unknown,Unknown,Unknown,Unknown,Electronics,Positive,Low,
2065,General Experience,Browsing,Waiting for someone to play with.,No Need,Co-op gaming options.,Unknown,Electronics,Neutral,Low,
2066,General Experience,Browsing,Unknown,Unknown,Unknown,Unknown,Electronics,Positive,Low,
2067,General Experience,Browsing,Controlling impulsive purchases.,Price Concern,Better self control.,Unknown,Electronics,Neutral,Low,
2068,Pricing,Browsing,Prices are increasing.,Price Concern,Better pricing.,Unknown,Electronics,Negative,Medium,
2069,Inventory,Browsing,Product has been a tough thing to get.,Limited Information,Better product availability.,Unknown,Electronics,Negative,Medium,
2070,Offers,Browsing,Unknown,Unknown,Best discounts during festivals.,Offers,Electronics,Positive,Low,
2072,Search,Searching,Hard to find available stock.,Limited Information,Find available stock easily.,Search,Electronics,Neutral,Low,
2073,Search,Searching,Cannot find product anywhere.,Limited Information,Find product location.,Search,Electronics,Neutral,Low,
2074,Inventory,Browsing,Unclear if there is a shortage.,Limited Information,Clear inventory status.,Unknown,Electronics,Neutral,Low,
2075,Pricing,Discovery,Unknown,Unknown,Unknown,Unknown,Electronics,Positive,Low,
2077,General Experience,Discovery,Unknown,Unknown,Unknown,Unknown,Electronics,Neutral,Low,
2084,Inventory,Searching,Product is out of stock.,Unknown,Available stock for electronics.,Search,Electronics,Neutral,Medium,
2085,Inventory,Searching,Product is out of stock.,Unknown,Available stock for electronics.,Search,Electronics,Neutral,Medium,
2086,Inventory,Searching,Product is out of stock.,Unknown,Available stock for electronics.,Search,Electronics,Neutral,Medium,
2087,Pricing,Browsing,Prices are slightly high.,Price Concern,Lower prices.,Unknown,Electronics,Neutral,Low,
2095,Inventory,Searching,Product availability updates are missing.,Unknown,Better inventory updates.,Unknown,Electronics,Neutral,Low,
2096,Inventory,Searching,Product is out of stock.,Unknown,Available stock for electronics.,Search,Electronics,Neutral,Medium,
2097,Inventory,Searching,Unknown,Unknown,Unknown,Unknown,Electronics,Neutral,Low,
2098,Inventory,Browsing,Unknown,Unknown,Unknown,Homepage,Electronics,Positive,Low,
2101,Inventory,Searching,Unknown,Unknown,Unknown,Unknown,Electronics,Neutral,Low,
2117,General Experience,Discovery,Unknown,Unknown,Unknown,Unknown,Groceries,Negative,Medium,
2119,General Experience,Discovery,Unknown,Unknown,Unknown,Unknown,Groceries,Neutral,Low,
2120,General Experience,Discovery,Unknown,Unknown,Unknown,Unknown,Groceries,Neutral,Low,
2121,General Experience,Discovery,Unknown,Unknown,Unknown,Unknown,Groceries,Neutral,Low,
2124,Delivery,Discovery,Poor city infrastructure.,Unknown,Better infrastructure.,Unknown,Groceries,Negative,Medium,
2136,Inventory,Browsing,Unusual products are always in stock.,Unknown,Better inventory relevance.,Unknown,Unknown,Neutral,Low,
2139,Offers,Checkout,Unknown,Unknown,Lower free delivery threshold.,Offers,Groceries,Positive,Low,
2141,Delivery,Discovery,Traffic congestion makes stepping out difficult.,Unknown,Better city traffic.,Unknown,Groceries,Negative,Medium,
2227,General Experience,Discovery,Competitor provides better experience.,Habit,Better overall app experience.,Unknown,Groceries,Negative,Medium,
2229,General Experience,Post-Purchase,Customer support is unhelpful and relies on a poor chatbot.,Habit,Better customer support.,Unknown,Unknown,Negative,High,
2233,Delivery,Post-Purchase,Products arrived damaged with torn packets.,Trust,Better product handling during delivery.,Unknown,Snacks & Beverages,Negative,High,
2234,Inventory,Post-Purchase,Delivered items contained worms.,Trust,Quality checked products.,Unknown,Snacks & Beverages,Negative,High,
2237,General Experience,Post-Purchase,Missing and expired items received with no resolution.,Trust,Refunds for missing or expired items.,Unknown,Unknown,Negative,High,
2238,General Experience,Post-Purchase,No refunds or replacements provided for issues.,Trust,Reliable refund and replacement policy.,Unknown,Unknown,Negative,High,
2239,General Experience,Post-Purchase,Warranty claims are rejected unfairly.,Trust,Honored product warranties.,Unknown,Electronics,Negative,High,
2246,Search,Searching,Search results are too generic.,App Experience,Better search indexing.,Search,Unknown,Mixed,Medium,
2247,Search,Searching,Unknown,Unknown,Unknown,Unknown,Unknown,Neutral,Low,
2248,Pricing,Discovery,Unknown,Unknown,Unknown,Unknown,Unknown,Positive,Low,
2249,Search,Searching,Bundled offers mess up search results.,App Experience,Cleaner search results.,Search,Snacks & Beverages,Negative,Medium,
2253,General Experience,Discovery,Unknown,Unknown,Unknown,Unknown,Unknown,Positive,Low,
2256,Cart,Selection,Cannot compare entire carts.,App Experience,Cart comparison feature.,Unknown,Unknown,Positive,Low,
2259,Pricing,Discovery,Fares shown are not real.,Price Concern,Accurate pricing.,Unknown,Unknown,Negative,Medium,
2261,General Experience,Discovery,Unknown,Unknown,Add food delivery platforms.,Unknown,Unknown,Positive,Low,
2263,General Experience,Discovery,Unknown,Unknown,Add more store options.,Unknown,Unknown,Positive,Low,
2264,Pricing,Checkout,Hidden add-on charges and surge pricing.,Price Concern,Track add-on charges.,Unknown,Unknown,Positive,Medium,
2267,Pricing,Discovery,Unknown,Unknown,Unknown,Unknown,Unknown,Positive,Low,
2275,Cart,Selection,Search is slow.,App Experience,Unified cart across stores.,Search,Unknown,Mixed,Medium,
2280,General Experience,Discovery,Unknown,Unknown,Unknown,Unknown,Unknown,Positive,Low,
2282,Inventory,Searching,Inaccurate serviceability status for stores.,Trust,Accurate serviceability data.,Search,Unknown,Mixed,Medium,
2287,Cart,Checkout,Cart features and processing speed are lacking.,App Experience,Add more features and improve speed.,Unknown,Unknown,Negative,High,
2288,General Experience,Discovery,Unknown,Unknown,Integrate more competitor platforms.,Unknown,Unknown,Neutral,Low,
2289,General Experience,Discovery,Unknown,Unknown,Add competitors to comparison.,Unknown,Unknown,Neutral,Low,
2290,Pricing,Checkout,Final cart prices differ from itemized prices due to hidden charges.,Price Concern,Show transparent final cart pricing.,Unknown,Unknown,Negative,High,
2293,Delivery,Discovery,Stores show as not serviceable.,App Experience,Ensure accurate serviceability status.,Unknown,Unknown,Negative,Medium,
2295,General Experience,Discovery,Unknown,Unknown,Unknown,Unknown,Unknown,Positive,Low,
2297,General Experience,Discovery,Unknown,Unknown,Add more retail platforms.,Unknown,Unknown,Positive,Low,
2308,Pricing,Discovery,High platform and delivery fees.,Price Concern,Reduce fees and charges.,Unknown,Unknown,Neutral,Medium,
2313,Search,Searching,Search results incorrectly show available products as out of stock.,Limited Information,Show accurate product availability.,Search,Unknown,Negative,Medium,
2315,General Experience,Discovery,Unknown,Unknown,Integrate more grocery platforms.,Unknown,Groceries,Neutral,Low,
2316,Homepage,Discovery,Store showing as not serviceable.,App Experience,Fix serviceability errors.,Homepage,Unknown,Positive,Medium,
2317,General Experience,Discovery,Unknown,Unknown,Add more competitor options.,Unknown,Groceries,Neutral,Low,
2318,General Experience,Discovery,Unknown,Unknown,Include more competitor platforms.,Unknown,Groceries,Neutral,Low,
2333,Inventory,Post-Purchase,Delivered grocery items are dirty and stored in unhygienic conditions.,Trust,Improve warehouse storage hygiene.,Unknown,Groceries,Negative,High,
2334,Inventory,Post-Purchase,Fruits and vegetables are rotten or very small for the price.,Trust,Ensure better quality fresh produce.,Unknown,Groceries,Negative,High,
2335,Categories,Browsing,Misleading organic and healthy product categorization.,Trust,Provide genuine product categorization.,Categories,Groceries,Negative,Medium,
2336,Inventory,Post-Purchase,Cafe food items have poor quality.,Trust,Improve food quality.,Unknown,Snacks & Beverages,Negative,High,
2337,Inventory,Post-Purchase,Defrosted food quality is poor.,Trust,Better food preservation.,Unknown,Snacks & Beverages,Negative,High,
2338,Offers,Discovery,Irrelevant promotional coupons for poor quality food items.,Poor Recommendations,Offer better promotions for quality items.,Offers,Snacks & Beverages,Negative,Medium,
2339,Inventory,Post-Purchase,Vegetable quality is worse compared to other quick commerce apps.,Trust,Improve vegetable quality.,Unknown,Groceries,Negative,High,
2340,General Experience,Discovery,Use competitor for regular shopping and only use Blinkit for printouts.,Habit,Use Blinkit for regular grocery shopping.,Unknown,Groceries,Neutral,Low,
2341,Categories,Browsing,Online vegetables are below average quality so prefer buying offline.,Trust,Better quality vegetables online.,Categories,Groceries,Negative,High,
2342,Inventory,Post-Purchase,Delivered grocery product had a bad smell despite valid expiry date.,Trust,Fresh and high quality products.,Unknown,Groceries,Negative,High,
2343,Categories,Browsing,All online vegetables are below average quality.,Trust,Better quality vegetables.,Categories,Groceries,Negative,High,
2345,Inventory,Post-Purchase,Certain curd brands cannot be used to make more curds.,Limited Information,Natural products that culture properly.,Unknown,Groceries,Neutral,Low,
2346,Inventory,Post-Purchase,Uncertainty about why normal curd pasteurisation kills the curd culture.,Limited Information,Clear product processing details.,Unknown,Groceries,Neutral,Low,
2348,Pricing,Browsing,Curd shelf life varies significantly between brands which may impact pricing.,Price Concern,Transparent pricing for dairy items.,Unknown,Groceries,Neutral,Low,
2349,Inventory,Browsing,Uncertainty about ingredients used in certain curd brands to extend shelf life.,Limited Information,Natural ingredients in dairy products.,Unknown,Groceries,Neutral,Low,
2350,Inventory,Browsing,Noticeable quality differences between dairy brands.,Trust,Consistent quality across all dairy brands.,Unknown,Groceries,Neutral,Low,
2351,Pricing,Browsing,Higher unit price for larger packaging of premium curd.,Price Concern,Better unit pricing on bulk sizes.,Unknown,Groceries,Neutral,Low,
2352,Inventory,Selection,Texture and taste preferences differ for regular dairy consumption.,Habit,Consistent taste for regular consumption.,Unknown,Groceries,Positive,Low,
2353,Inventory,Post-Purchase,Some curd brands make it difficult to make more curd from leftovers.,Habit,Curd that is easy to reuse for making more curd.,Unknown,Groceries,Positive,Low,
2354,Inventory,Browsing,Suspicion that other brands add preservatives for texture and longevity.,Trust,Preservative-free natural dairy products.,Unknown,Groceries,Mixed,Medium,
2355,Inventory,Browsing,Misconceptions about preservatives in specific white curd brands.,Limited Information,Accurate product composition details.,Unknown,Groceries,Neutral,Low,
2356,Inventory,Selection,Unknown,Unknown,High quality dairy products.,Unknown,Groceries,Positive,Low,
2357,Pricing,Browsing,Logistics costs might make regional products priced high in other states.,Price Concern,Affordable regional products across states.,Unknown,Groceries,Neutral,Low,
2358,Inventory,Browsing,Certain regional products are not available locally.,Lack of Awareness,Availability of regional brands across regions.,Unknown,Groceries,Neutral,Low,
2359,Inventory,Browsing,Uncertainty about additives used to make packet milk curd extremely thick.,Trust,Transparent ingredients for thick packet milk.,Unknown,Groceries,Negative,Medium,
2361,Pricing,Browsing,Pricing variations across different retail stores.,Price Concern,Competitive discounts across platforms.,Unknown,Groceries,Neutral,Low,
2362,Offers,Browsing,Owned outlets do not offer the same discounts as retail stores.,Price Concern,Better discounts on brand-owned outlets.,Offers,Groceries,Neutral,Low,
2363,Pricing,Browsing,Competitor prices are significantly lower.,Price Concern,Lower prices compared to competitors.,Unknown,Groceries,Negative,Medium,
2365,Pricing,Browsing,Unclear pricing differences across brands.,Price Concern,Clear pricing and product comparisons.,Unknown,Groceries,Neutral,Low,
2367,Inventory,Browsing,Uncertainty regarding product shelf life and preservatives.,Trust,Better product information on ingredients.,Unknown,Groceries,Neutral,Low,
2368,Inventory,Discovery,Specific regional products are hard to find.,Lack of Awareness,Better availability of regional brands.,Unknown,Groceries,Negative,Medium,
2369,Inventory,Browsing,Quantity details for products are confusing.,Limited Information,Accurate quantity and packaging details.,Unknown,Groceries,Neutral,Low,
2370,Inventory,Browsing,Product texture and quality do not meet expectations.,Trust,Better quality products.,Unknown,Groceries,Negative,Medium,
2371,Inventory,Browsing,Varying expiry dates raise quality concerns.,Trust,Clear expiry date information.,Unknown,Groceries,Neutral,Low,
2372,Recommendations,Discovery,Unknown,Unknown,Recommendations for better products.,Recommendations,Groceries,Positive,Low,
2373,Pricing,Browsing,Inaccurate quantity or pricing displayed.,Price Concern,Accurate pricing and quantity details.,Unknown,Groceries,Neutral,Low,
2378,General Experience,Discovery,Different platforms used for different shopping needs.,Habit,All shopping needs met on one platform.,Unknown,Groceries,Neutral,Medium,
2379,Pricing,Discovery,Uncertainty about hypermarket pricing.,Price Concern,Transparent pricing information.,Unknown,Groceries,Neutral,Low,
2380,General Experience,Discovery,Unknown,Unknown,Unknown,Unknown,Groceries,Neutral,Low,
2381,Categories,Browsing,Some products are missing on the app.,Lack of Awareness,Broader product catalog for exploration.,Categories,Groceries,Positive,Low,
2382,General Experience,Discovery,Life stage changes shift shopping back to physical stores.,Habit,Better offline-to-online transition features.,Unknown,Groceries,Neutral,Low,
2385,Delivery,Discovery,Local physical stores are more convenient than delivery apps.,Habit,Faster local convenience.,Unknown,Groceries,Positive,Low,
2386,Inventory,Discovery,Unknown,Unknown,Good quality fruits and vegetables.,Unknown,Groceries,Positive,Low,
2387,Pricing,Browsing,Unknown,Unknown,Affordable pricing for produce.,Unknown,Groceries,Positive,Low,
2388,Inventory,Discovery,Different apps are needed for specialized quality items.,Habit,High quality across all categories on one app.,Unknown,Groceries,Neutral,Medium,
2389,Inventory,Browsing,Meat quality delivered is poor and smells bad.,Trust,Fresh and high-quality meat delivery.,Unknown,Groceries,Negative,High,
2390,General Experience,Discovery,Unknown,Unknown,Reliable alternative shopping apps.,Unknown,Groceries,Neutral,Low,
2391,General Experience,Discovery,Habitual buying from local shops instead of using apps.,Habit,Convenient online grocery options.,Unknown,Groceries,Neutral,Low,
2392,General Experience,Discovery,Local area lacks decent large supermarkets.,App Experience,Better local supermarket options.,Unknown,Groceries,Negative,Low,
2393,General Experience,Discovery,Unknown,Habit,Unknown,Unknown,Groceries,Neutral,Low,
2394,Offers,Discovery,No quick commerce usage due to competitor cashbacks.,Price Concern,Better cashbacks and offers.,Offers,Groceries,Negative,Medium,
2395,Offers,Browsing,Offline supermarkets have bad hygiene and slow billing.,Habit,Good card discounts and variety.,Offers,Groceries,Positive,Low,
2396,Cart,Browsing,Kirana counter service lacks self-service cart comparison.,Habit,Self-service cart and comparison.,Unknown,Groceries,Neutral,Low,
2397,Pricing,Selection,Prices vary across platforms requiring comparison.,Price Concern,Lower prices and retention offers.,Unknown,Groceries,Mixed,Medium,
2398,General Experience,Discovery,Unknown,Unknown,Fast delivery.,Unknown,Groceries,Positive,Low,
2400,Pricing,Selection,Eggs and fish are much costlier online.,Price Concern,Competitive pricing on perishables.,Unknown,Groceries,Mixed,Medium,
2401,General Experience,Discovery,Unknown,Unknown,Unknown,Unknown,Groceries,Positive,Low,
2402,General Experience,Discovery,Relying on multiple channels for different items.,Habit,Quick online delivery for urgent items.,Unknown,Groceries,Neutral,Low,
2403,General Experience,Discovery,Fragmented shopping across different stores and apps.,Habit,Convenient multi-platform options.,Unknown,Groceries,Neutral,Low,
2404,General Experience,Discovery,Unknown,Habit,Unknown,Unknown,Groceries,Neutral,Low,
2405,General Experience,Discovery,Unknown,Habit,Unknown,Unknown,Groceries,Neutral,Low,
2406,General Experience,Discovery,Bakery items are becoming expensive lately.,Price Concern,Affordable bakery items.,Unknown,Groceries,Neutral,Low,
2407,Pricing,Discovery,Unknown,Lack of Awareness,Online grocery price transparency.,Unknown,Groceries,Neutral,Low,
2408,Categories,Browsing,Avoid buying vegetables from delivery services.,Trust,Fresh vegetable quality assurance.,Categories,Groceries,Mixed,Medium,
2409,General Experience,Discovery,Unknown,Habit,Home delivery convenience.,Unknown,Groceries,Positive,Low,
2410,General Experience,Discovery,Unknown,Habit,Customized grocery processing.,Unknown,Groceries,Neutral,Low,
2411,General Experience,Discovery,Unknown,Habit,Urgent delivery options.,Unknown,Groceries,Neutral,Low,
2412,Pricing,Browsing,Unknown,Price Concern,Lower prices compared to local vendors.,Unknown,Groceries,Positive,Low,
2413,Delivery,Delivery,Unknown,Unknown,Reliable doorstep delivery.,Unknown,Groceries,Positive,Low,
2414,General Experience,Discovery,Unknown,Habit,Local walkable store shopping.,Unknown,Groceries,Neutral,Low,
2415,Pricing,Selection,Unknown,Price Concern,Better credit card offers.,Offers,Groceries,Mixed,Medium,
2416,General Experience,Discovery,Unknown,Unknown,Unknown,Unknown,Groceries,Neutral,Low,
2418,General Experience,Discovery,App prices are higher than local shops.,Habit,Support local kirana stores.,Unknown,Snacks & Beverages,Negative,High,
2419,Offers,Discovery,Too many needless notifications and spam.,App Experience,Fewer spam notifications.,Offers,Personal Care,Mixed,Medium,
2420,General Experience,Discovery,Unknown,Habit,In-store shopping experience.,Unknown,Groceries,Positive,Low,
2442,Pricing,Checkout,Hidden or inflated pricing on units sold.,Price Concern,Transparent pricing.,Unknown,Groceries,Negative,High,
2444,Search,Searching,UX can be optimized for uncommon products.,App Experience,Better search UX for uncommon items.,Search,Snacks & Beverages,Positive,Low,
2445,Homepage,Discovery,Service not available in specific location.,Lack of Awareness,Service availability in Mailasandra.,Homepage,Unknown,Neutral,Medium,
2446,Inventory,Browsing,Tobacco products not available on Android.,Lack of Awareness,Consistent inventory across platforms.,Categories,Unknown,Neutral,Low,
2447,Homepage,Discovery,Pincode is not serviceable.,Lack of Awareness,Pincode serviceability expansion.,Homepage,Unknown,Neutral,Medium,
2448,Pricing,Discovery,Quick commerce prices are higher than local stores.,Price Concern,Cheaper prices at local stores.,Unknown,Groceries,Negative,High,
2449,General Experience,Post-Purchase,Service issues never happened at local stores.,Trust,Reliable service like local stores.,Unknown,Unknown,Negative,Medium,
2452,Pricing,Selection,Misleading pricing and offers on essentials.,Price Concern,Accurate pricing without hidden costs.,Unknown,Household Essentials,Negative,High,
2459,Cart,Checkout,Must order more items to get free delivery.,Price Concern,Lower minimum order value for free delivery.,Unknown,Medicines,Negative,High,
2461,Checkout,Delivery,Missing items and poor customer service support.,Trust,Accurate order fulfillment and reliable support.,Offers,Unknown,Negative,High,
2463,Categories,Discovery,Local stores lack online visibility.,Lack of Awareness,Online visibility for local stores.,Categories,Groceries,Neutral,Low,
2466,Delivery,Post-Purchase,Items delivered broken and customer care refused refund.,Trust,Safe delivery and fair customer support.,Previous Orders,Groceries,Negative,High,
2471,Offers,Post-Purchase,Getting wrong free product is a hassle to return.,App Experience,Easy return process for wrong items.,Offers,Groceries,Negative,Medium,
2474,General Experience,Discovery,Prefer visiting physical shops over online shopping.,Habit,Better offline shopping alternative.,Unknown,Groceries,Neutral,Low,
2475,Checkout,Checkout,Prepaying online risks losing money on wrong orders.,Trust,Pay on delivery option.,Unknown,Unknown,Neutral,Medium,
2476,Offers,Post-Purchase,Poor customer support for incorrect promotional products.,Trust,Full refund for incorrect items.,Offers,Groceries,Negative,Medium,
2478,Offers,Discovery,Misleading promotional offers requiring manual code application.,Lack of Awareness,Clear and automatic promotional offers.,Offers,Snacks & Beverages,Negative,High,
2480,Inventory,Post-Purchase,Low quality items mixed with high quality produce.,Trust,Consistent quality in fresh produce.,Unknown,Groceries,Negative,High,
2481,Inventory,Post-Purchase,Inconsistent quality when ordering multiple packs.,Trust,Reliable quality control for fresh items.,Unknown,Groceries,Negative,Medium,
2483,Checkout,Checkout,Uncertainty of item quality before paying online.,Trust,Inspect items before payment.,Unknown,Unknown,Neutral,Medium,
2484,Checkout,Checkout,Unknown,Trust,Payment on delivery option.,Unknown,Unknown,Neutral,Low,
2487,Delivery,Delivery,Abusive delivery agent and lack of customer support.,Trust,Safer delivery and immediate customer support.,Unknown,Unknown,Negative,High,
2494,Pricing,Browsing,Paying a premium price for delivery convenience.,Price Concern,Fair pricing on items.,Unknown,Groceries,Neutral,Medium,
2495,Pricing,Browsing,Inflated commodity prices in addition to extra fees.,Price Concern,Transparent and reasonable pricing.,Unknown,Groceries,Negative,Medium,
2496,Pricing,Browsing,Lack of market price awareness inside the app ecosystem.,Price Concern,Market price benchmarking tools.,Unknown,Groceries,Negative,Low,
2497,Pricing,Checkout,Hidden costs make items more expensive overall.,Price Concern,Transparent fee display.,Unknown,Unknown,Neutral,Low,
2498,Pricing,Browsing,Online prices are significantly higher than physical stores.,Price Concern,Lower online prices matching stores.,Unknown,Snacks & Beverages,Negative,Medium,
2499,Pricing,Browsing,Most people are unaware of huge price differences.,Price Concern,Better price transparency.,Unknown,Unknown,Neutral,Low,
2500,Pricing,Browsing,Online platform quotes 50 percent higher than store price.,Price Concern,Store-equivalent pricing online.,Unknown,Snacks & Beverages,Negative,High,
2501,Pricing,Browsing,Local stores offer better prices and freebies than online.,Price Concern,Better deals and lower prices online.,Unknown,Electronics,Negative,Medium,
2502,Pricing,Browsing,Quick commerce is more expensive for fruits and vegetables.,Price Concern,Cheaper produce pricing.,Unknown,Groceries,Mixed,Medium,
2503,Pricing,Browsing,Unknown,Unknown,Standardized pricing using MRP.,Unknown,Unknown,Positive,Low,
2504,Pricing,Browsing,Prices are much higher compared to local markets.,Price Concern,Lower prices on products.,Unknown,Groceries,Negative,High,
2505,General Experience,Browsing,High prices driving users to local markets.,Price Concern,Competitive pricing.,Unknown,Groceries,Negative,High,
2507,Pricing,Browsing,Online grocery prices are double compared to local markets.,Price Concern,Affordable grocery prices.,Unknown,Groceries,Negative,High,
2508,Pricing,Browsing,Convenience fees make app purchases costly.,Price Concern,Transparent and lower pricing.,Unknown,Groceries,Neutral,Medium,
2509,General Experience,Browsing,Unknown,Habit,Unknown,Unknown,Groceries,Neutral,Low,
2510,General Experience,Browsing,Unknown,Unknown,Unknown,Unknown,Groceries,Neutral,Low,
2511,Delivery,Browsing,Unknown,Unknown,Better delivery options from local stores.,Unknown,Groceries,Neutral,Low,
2512,Delivery,Browsing,Unknown,Unknown,ONDC type grocery delivery.,Unknown,Groceries,Positive,Low,
2520,Pricing,Browsing,Prices vary across different localities.,Price Concern,Fair pricing across all areas.,Unknown,Groceries,Neutral,Medium,
2521,Inventory,Browsing,Vegetables are expensive on quick commerce apps.,Price Concern,Market prices for vegetables.,Unknown,Groceries,Negative,Medium,
2522,Inventory,Browsing,Local markets often lack items or good quality.,Limited Information,Reliable availability of quality items.,Unknown,Groceries,Mixed,Medium,
2523,Pricing,Browsing,Quick commerce prices are vastly higher than market prices.,Price Concern,Reasonable pricing for vegetables.,Unknown,Groceries,Negative,High,
2524,Pricing,Checkout,Hidden convenience charges inflated directly into item prices.,Price Concern,Transparent breakdown of convenience costs.,Unknown,Groceries,Negative,High,
2529,Inventory,Browsing,Quick commerce is only useful for niche unavailable items.,No Need,Better day-to-day pricing.,Unknown,Groceries,Mixed,Medium,
2539,Inventory,Post-Purchase,Received expired products and slow refund process.,Trust,Faster refunds and quality checks.,Unknown,Unknown,Negative,High,
2543,Cart,Checkout,Missing items and arbitrary order restrictions.,App Experience,Better order fulfillment and no restrictions.,Unknown,Unknown,Negative,High,
2552,Search,Searching,Difficulty finding specific items.,Lack of Awareness,Easier product search.,Search,Unknown,Neutral,Low,
2553,Search,Discovery,Unknown,Unknown,Unknown,Search,Unknown,Positive,Low,
2561,Homepage,Discovery,Push notifications use confusing language and jokes.,App Experience,Better localization in notifications.,Homepage,Unknown,Negative,Medium,
2571,Homepage,Discovery,Ads and copies use confusing Hinglish text.,App Experience,Clearer communication in marketing copies.,Homepage,Unknown,Negative,Medium,
2572,General Experience,Discovery,Unknown,Unknown,Unknown,Unknown,Unknown,Neutral,Low,
2574,General Experience,Discovery,App notifications sent in incorrect language.,App Experience,Notifications in preferred locale.,Unknown,Unknown,Negative,Medium,
2596,General Experience,Discovery,Unknown,Unknown,Unknown,Unknown,Groceries,Negative,Low,
2599,Pricing,Checkout,Hidden marginal costs leading to higher prices.,Price Concern,Transparent and lower pricing.,Unknown,Unknown,Negative,High,
2602,Inventory,Browsing,Unknown,Unknown,Storage centers in hotspots.,Unknown,Unknown,Neutral,Low,
2604,Inventory,Checkout,High transaction delays despite nearby warehouse.,App Experience,Faster delivery times.,Unknown,Unknown,Negative,High,
2605,General Experience,Discovery,Unknown,Unknown,Unknown,Unknown,Unknown,Neutral,Low,
2606,Inventory,Browsing,Dark store not properly set up.,App Experience,Better inventory availability.,Unknown,Unknown,Neutral,Low,
2614,Delivery,Delivery,Delayed deliveries despite nearby warehouse.,App Experience,Punctual delivery times.,Unknown,Unknown,Negative,High,
2622,Checkout,Checkout,Tipping culture adds up extra costs.,Price Concern,Fair worker pay factored in prices.,Unknown,Unknown,Negative,Medium,
2625,General Experience,Browsing,Unknown,Habit,Unknown,Unknown,Groceries,Positive,Low,
2626,General Experience,Discovery,Unknown,Habit,Unknown,Unknown,Groceries,Neutral,Low,
2630,General Experience,Browsing,Unknown,No Need,Unknown,Unknown,Groceries,Positive,Low,
2635,General Experience,Discovery,Unknown,No Need,Unknown,Unknown,Groceries,Neutral,Low,
2636,General Experience,Browsing,Unknown,Habit,Unknown,Unknown,Groceries,Neutral,Low,
2637,Cart,Checkout,Minimum order limit required.,Price Concern,Lower minimum order limit.,Unknown,Groceries,Neutral,Medium,
2638,Cart,Selection,Adding extra items just to avoid delivery charges.,Price Concern,Remove delivery charges on small orders.,Previous Orders,Groceries,Neutral,Medium,
2639,Categories,Browsing,Unknown,Habit,Unknown,Categories,Snacks & Beverages,Positive,Low,
2640,Categories,Browsing,Unknown,Unknown,Unknown,Unknown,Snacks & Beverages,Positive,Low,
2641,Inventory,Browsing,Competitor lacks diverse options.,Unknown,Better product collection.,Previous Orders,Snacks & Beverages,Positive,Low,
2643,General Experience,Browsing,Unknown,Unknown,Unknown,Unknown,Personal Care,Positive,Low,
2648,Pricing,Discovery,Local market folks have heavy markups.,Price Concern,Better prices than local markets.,Unknown,Groceries,Positive,Low,
2653,Categories,Discovery,Unknown,Unknown,Unknown,Unknown,Groceries,Positive,Low,
2659,Delivery,Discovery,Unknown,Unknown,Fast delivery during work hours.,Unknown,Snacks & Beverages,Positive,Low,
2660,Inventory,Browsing,Quality of fruits and vegetables requires physical checking.,Trust,Better quality fresh produce.,Unknown,Groceries,Mixed,Medium,
2662,Pricing,Discovery,Unknown,Unknown,Free delivery and better discounts.,Unknown,Groceries,Positive,Low,
2663,Inventory,Discovery,Emergency items not available in pharmacies.,Unknown,Availability of emergency medicines.,Unknown,Medicines,Positive,Low,
2664,Recommendations,Discovery,Unknown,Unknown,Better curated product lists.,Recommendations,Unknown,Positive,Low,
2665,Offers,Selection,Unknown,Unknown,Lower prices below MRP with free delivery.,Offers,Unknown,Positive,Low,
2666,Inventory,Discovery,Aggregator quality for fresh produce is bad.,Trust,Better quality fresh produce.,Unknown,Groceries,Negative,High,
2667,Cart,Selection,Forcing extra purchases for small items.,No Need,Lower minimum order requirements.,Unknown,Groceries,Negative,Medium,
2668,Categories,Discovery,Unknown,Unknown,Unknown,Unknown,Personal Care,Positive,Low,
2669,Offers,Discovery,Unknown,Unknown,More discounts on pricier items.,Offers,Household Essentials,Positive,Low,
2670,Inventory,Browsing,Delivery services sell old inventory.,Trust,Fresher produce selection.,Unknown,Groceries,Negative,Medium,
2671,General Experience,Discovery,Physical shopping is preferred over online.,Habit,Unknown,Unknown,Groceries,Negative,Low,
2672,General Experience,Discovery,Neighborhood streets are unsafe and dirty.,Habit,Better local infrastructure.,Unknown,Groceries,Negative,Medium,
2674,General Experience,Discovery,Lack of local grocery shops nearby.,Unknown,Reliable delivery in remote areas.,Unknown,Groceries,Neutral,Low,
2680,Pricing,Browsing,Need to check multiple apps for cheap prices.,Price Concern,Best prices in one place.,Unknown,Groceries,Neutral,Medium,
2682,Search,Searching,Unknown,Unknown,Cross-platform search functionality.,Search,Unknown,Neutral,Low,
2683,Search,Searching,Unknown,Unknown,Universal search across apps.,Search,Unknown,Neutral,Low,
2684,General Experience,Discovery,UI has some rough edges.,App Experience,Better app interface.,Unknown,Unknown,Neutral,Low,
2685,General Experience,Discovery,Unknown,Unknown,Unknown,Unknown,Groceries,Neutral,Low,
2690,Pricing,Checkout,Delivery apps mislead customers with hidden high delivery charges.,Price Concern,Show transparent cart prices with delivery charges included.,Unknown,Unknown,Negative,High,
2691,Cart,Selection,Product names do not match word to word across apps.,App Experience,Better cart synchronization across platforms.,Unknown,Unknown,Neutral,Medium,
2694,General Experience,Discovery,Platforms are not integrated on a single network yet.,Lack of Awareness,Unified order lifecycle through consumer interface.,Unknown,Unknown,Neutral,Low,
2695,Delivery,Delivery,Delivery times need to match quick commerce speeds.,Unknown,Faster delivery times.,Unknown,Unknown,Neutral,Medium,
2696,General Experience,Discovery,Missing integration with other grocery platforms.,Lack of Awareness,Include more grocery platforms.,Unknown,Groceries,Positive,Low,
2697,General Experience,Discovery,Unknown,Unknown,Unknown,Unknown,Groceries,Positive,Low,
2699,General Experience,Discovery,Unknown,Unknown,Unknown,Unknown,Unknown,Positive,Low,
2700,General Experience,Discovery,Doing price checks manually is tedious.,Habit,Automated price comparison app.,Unknown,Unknown,Positive,Medium,
2706,General Experience,Discovery,Limited service areas available.,Lack of Awareness,Expand service to more areas.,Unknown,Electronics,Positive,Low,
2707,General Experience,Discovery,Area dropdown is less precise than lat-long.,App Experience,Location selection based on lat-long.,Unknown,Unknown,Positive,Low,
2711,General Experience,Discovery,Service not available in other metro locations.,Lack of Awareness,Expand to other metro locations.,Unknown,Unknown,Positive,Low,
2712,General Experience,Discovery,Limited grocers and cities supported.,Lack of Awareness,Expand to different cities and grocers.,Unknown,Groceries,Neutral,Low,
2714,General Experience,Discovery,UI of the comparison app is not intuitive.,App Experience,More intuitive user interface.,Unknown,Unknown,Negative,Medium,
2716,Inventory,Searching,Products from certain apps fail to load.,App Experience,Fix product loading issues.,Search,Unknown,Negative,High,
2722,General Experience,Post-Purchase,Unknown,Habit,Unknown,Unknown,Snacks & Beverages,Positive,Low,
2723,General Experience,Discovery,Unknown,Habit,Unknown,Unknown,Snacks & Beverages,Positive,Low,
2724,General Experience,Discovery,Unknown,Habit,Unknown,Unknown,Snacks & Beverages,Neutral,Low,
2725,General Experience,Discovery,Product quality was mid historically.,Habit,Unknown,Unknown,Snacks & Beverages,Neutral,Low,
2727,Inventory,Discovery,Unknown,Unknown,Unknown,Unknown,Snacks & Beverages,Positive,Low,
2729,Inventory,Discovery,Unknown,Unknown,Unknown,Unknown,Snacks & Beverages,Positive,Low,
2730,General Experience,Discovery,Unknown,Unknown,Unknown,Unknown,Snacks & Beverages,Positive,Low,
2731,Inventory,Discovery,Products are frequently out of stock.,Lack of Awareness,Better product availability.,Unknown,Snacks & Beverages,Negative,Medium,
2732,Inventory,Discovery,Unknown,Unknown,Unknown,Unknown,Snacks & Beverages,Neutral,Low,
2733,Inventory,Discovery,Unknown,Unknown,Unknown,Unknown,Snacks & Beverages,Positive,Low,
2735,Inventory,Discovery,Products are hard to find.,Lack of Awareness,Better product availability.,Unknown,Snacks & Beverages,Neutral,Medium,
2736,Inventory,Discovery,Products are out of stock almost everywhere.,Lack of Awareness,Better product availability.,Unknown,Snacks & Beverages,Mixed,Medium,
2737,General Experience,Discovery,Unknown,Unknown,Unknown,Unknown,Snacks & Beverages,Neutral,Low,
2739,Inventory,Discovery,Products are hard to find and only available in tiny packets.,Limited Information,Larger pack sizes available.,Unknown,Snacks & Beverages,Mixed,Medium,
2740,Inventory,Discovery,Product quantity has decreased over time.,Unknown,Larger quantities in packs.,Unknown,Snacks & Beverages,Neutral,Low,
2741,General Experience,Discovery,Unknown,Unknown,Unknown,Unknown,Snacks & Beverages,Neutral,Low,
2743,Inventory,Discovery,Unknown,Unknown,Unknown,Unknown,Snacks & Beverages,Positive,Low,
2744,Inventory,Discovery,Products are very hard to find.,Lack of Awareness,Better product availability.,Unknown,Snacks & Beverages,Negative,High,
2745,Inventory,Discovery,Unknown,Unknown,Unknown,Unknown,Snacks & Beverages,Positive,Low,
2747,General Experience,Discovery,Unknown,Unknown,Unknown,Unknown,Snacks & Beverages,Positive,Low,
2748,Inventory,Discovery,Products are hard to find.,Lack of Awareness,Easier product discovery.,Unknown,Snacks & Beverages,Neutral,Medium,
2749,General Experience,Discovery,Unknown,Unknown,Unknown,Unknown,Snacks & Beverages,Positive,Low,
2751,General Experience,Discovery,Unknown,Unknown,Unknown,Unknown,Snacks & Beverages,Positive,Low,
2753,Inventory,Discovery,Products sell out too quickly.,Lack of Awareness,Better stock availability.,Unknown,Snacks & Beverages,Negative,Medium,
2754,General Experience,Post-Purchase,Unknown,Unknown,Unknown,Unknown,Unknown,Positive,Low,
2760,General Experience,Discovery,Unknown,Unknown,Unknown,Unknown,Unknown,Negative,Low,
2761,Checkout,Checkout,Failed to deliver paid items.,Trust,Reliable order fulfillment.,Unknown,Unknown,Negative,High,
2762,Checkout,Checkout,Payment failed but items delivered.,App Experience,Stable payment processing.,Unknown,Unknown,Mixed,Medium,
2763,Checkout,Delivery,Cannot trust delivery and payment systems.,Trust,Reliable delivery verification.,Unknown,Unknown,Negative,High,
2764,General Experience,Discovery,Unknown,Unknown,Unknown,Unknown,Unknown,Neutral,Low,
2765,General Experience,Discovery,Unknown,Unknown,Unknown,Unknown,Unknown,Positive,Low,
2766,Pricing,Discovery,Unknown,Unknown,Better prices and rewards.,Unknown,Unknown,Positive,Low,
2767,Inventory,Browsing,Extremely limited selection available.,Limited Information,Larger product selection.,Unknown,Groceries,Mixed,Medium,
2768,Pricing,Discovery,Poor problem resolution.,Price Concern,Better offers and rates.,Offers,Groceries,Mixed,Medium,
2770,Delivery,Delivery,Unknown,Unknown,Fast delivery.,Unknown,Unknown,Positive,Low,
2771,General Experience,Post-Purchase,Unknown,Unknown,Consistent service.,Unknown,Unknown,Positive,Low,
2772,General Experience,Discovery,Unknown,Unknown,Unknown,Unknown,Unknown,Neutral,Low,
2773,General Experience,Browsing,Unknown,Unknown,Better shopping experience.,Unknown,Unknown,Positive,Low,
2774,Checkout,Checkout,Delivery apps are not flawless.,Trust,Flawless delivery process.,Unknown,Unknown,Neutral,Medium,
2777,Delivery,Delivery,Unknown,Unknown,Proper cooling for ice creams.,Unknown,Snacks & Beverages,Positive,Low,
2778,Inventory,Browsing,Products remain out of stock.,Limited Information,Restock notification.,Unknown,Unknown,Negative,Medium,
2779,Checkout,Checkout,Backend allows transactions for out of stock items.,App Experience,Accurate inventory status during checkout.,Unknown,Unknown,Negative,High,
2782,Pricing,Checkout,Removed free delivery for small orders.,Price Concern,Free delivery on orders.,Unknown,Groceries,Negative,High,
2786,Categories,Post-Purchase,Poor product quality and unresponsive help centre.,Trust,Responsive customer support and easy returns.,Unknown,Groceries,Negative,High,
2789,General Experience,Post-Purchase,Unknown,Unknown,Unknown,Unknown,Unknown,Positive,Low,
2790,Checkout,Post-Purchase,Getting refunds is difficult and items are missing.,Unknown,Easier refund process and accurate deliveries.,Unknown,Groceries,Negative,High,
2792,General Experience,Discovery,Instant delivery apps are terrible.,App Experience,Better offline shopping alternatives.,Unknown,Groceries,Negative,High,
2793,Inventory,Browsing,Getting heavy staples alone is difficult.,Unknown,Home delivery for heavy items.,Unknown,Groceries,Neutral,Medium,
2794,Inventory,Post-Purchase,Received extremely rotten vegetables.,Trust,Fresh vegetable quality checks.,Unknown,Groceries,Negative,High,
2795,Checkout,Post-Purchase,Received rotten food and did not get refund.,Trust,Refunds for spoiled items.,Unknown,Groceries,Negative,High,
2797,General Experience,Post-Purchase,Claim process is difficult.,Unknown,Easier claim process.,Unknown,Unknown,Positive,Medium,
2798,General Experience,Discovery,Unknown,Unknown,Unknown,Unknown,Unknown,Positive,Low,
2799,General Experience,Discovery,Unknown,Unknown,Unknown,Unknown,Unknown,Positive,Low,
2800,Inventory,Discovery,Unknown,Unknown,Better grocery quality.,Recommendations,Groceries,Positive,Low,
2801,General Experience,Discovery,Unknown,Unknown,Unknown,Unknown,Unknown,Neutral,Low,
2802,General Experience,Discovery,Unknown,Unknown,Unknown,Unknown,Unknown,Neutral,Low,
2803,General Experience,Discovery,Unknown,Unknown,Referral code.,Recommendations,Unknown,Neutral,Low,
2804,General Experience,Discovery,Unknown,Unknown,Unknown,Unknown,Unknown,Positive,Low,
2805,General Experience,Post-Purchase,Unknown,Unknown,Unknown,Unknown,Unknown,Positive,Low,
2806,Inventory,Browsing,Vegetables are refrigerated and lack freshness.,Trust,Fresher vegetables.,Unknown,Groceries,Negative,Medium,
2807,General Experience,Discovery,Food quality and organic certifications are unreliable.,Trust,Safer food produce.,Unknown,Groceries,Neutral,Low,
2808,Inventory,Discovery,Unknown,Lack of Awareness,Source information for produce.,Unknown,Groceries,Neutral,Low,
2809,Inventory,Discovery,Unknown,Unknown,Unknown,Unknown,Groceries,Positive,Low,
2810,Inventory,Discovery,Unknown,Unknown,Direct farm sourcing.,Unknown,Groceries,Positive,Low,
2811,General Experience,Discovery,Produce is grown using sewage water.,Trust,Safe and clean produce.,Unknown,Groceries,Negative,High,
2812,Categories,Discovery,Unknown,Unknown,Better product discovery.,Categories,Snacks & Beverages,Neutral,Low,
2813,General Experience,Discovery,Local store produce quality is poor.,Trust,Better quality vegetables.,Unknown,Groceries,Positive,Low,
2814,General Experience,Discovery,Produce grown in sewage water.,Trust,Safe vegetables.,Unknown,Groceries,Negative,High,
2815,General Experience,Discovery,Contaminated produce in the market.,Trust,Tested heavy metal-free produce.,Unknown,Groceries,Positive,Medium,
2816,Pricing,Discovery,Uncertainty about high vegetable prices.,Price Concern,Affordable vegetables.,Unknown,Groceries,Neutral,Low,
2817,General Experience,Discovery,Heavy metal contaminated food causes disease.,Trust,Safe and healthy food options.,Unknown,Groceries,Negative,High,
2871,Delivery,Checkout,Low delivery partner pay and long hours.,Unknown,Fair pay for delivery agents.,Unknown,Unknown,Negative,High,
2872,Delivery,Checkout,High delivery costs for urgent orders.,Price Concern,Free delivery options.,Unknown,Unknown,Mixed,Medium,
2873,General Experience,Discovery,Inconsistent product quality across apps.,Trust,Consistent product quality.,Unknown,Groceries,Neutral,Medium,
2874,General Experience,Discovery,Inconsistent quality and high prices.,Price Concern,Reliable and fresh products.,Unknown,Groceries,Mixed,Medium,
2876,General Experience,Post-Purchase,Difficulty in getting refunds for bad items.,Trust,Easy refund policy.,Unknown,Groceries,Neutral,Medium,
2877,Categories,Discovery,Other platforms lack imported brands.,Lack of Awareness,More imported brand availability.,Categories,Groceries,Positive,Low,
2880,General Experience,Discovery,Local shops offer better cost and quality.,Habit,Better local shopping alternatives.,Unknown,Groceries,Positive,Medium,
2881,General Experience,Discovery,Cannot find good local stores.,Lack of Awareness,Good local stores with reasonable costs.,Unknown,Groceries,Negative,Medium,
2882,General Experience,Discovery,Physical shopping feels more convenient.,Habit,Convenient local supermarket access.,Unknown,Groceries,Positive,Low,
2883,General Experience,Selection,Unknown,Habit,Convenient store pickup options.,Unknown,Unknown,Neutral,Low,
2884,Categories,Browsing,Cannot manually pick fruits and veggies.,Trust,In-store manual product selection.,Categories,Groceries,Negative,Medium,
2885,Pricing,Discovery,Fresh produce quality is poor.,Trust,Fresh produce with good pricing.,Unknown,Groceries,Mixed,Medium,
2886,Delivery,Delivery,Delivery times are longer than advertised.,App Experience,Accurate delivery time estimates.,Unknown,Groceries,Mixed,Medium,
2888,Categories,Browsing,Unknown,Unknown,Good quality organic products.,Categories,Groceries,Positive,Low,
2889,Pricing,Discovery,Fresh fruits and veggies are cheaper offline.,Price Concern,Lower prices on fresh produce.,Unknown,Groceries,Negative,Medium,
2890,Inventory,Post-Purchase,Stale items and wrong products delivered often.,Trust,Fresh and accurate product delivery.,Unknown,Groceries,Negative,High,
2891,Delivery,Checkout,High delivery charges are a turn off.,Price Concern,Lower delivery charges.,Unknown,Groceries,Negative,High,
2892,General Experience,Browsing,Unknown,Habit,Convenient random item ordering.,Unknown,Groceries,Neutral,Low,
2894,General Experience,Discovery,Physical touch needed to determine quality.,Trust,Better quality visibility for produce.,Unknown,Groceries,Neutral,Medium,
2895,General Experience,Discovery,Prefers physical store visits for personal routine.,Habit,Offline shopping experience.,Unknown,Groceries,Neutral,Low,
2896,Delivery,Checkout,Unreliable quality for vegetables and fruits.,Trust,Reliable fresh produce delivery.,Unknown,Groceries,Mixed,Medium,
2897,Delivery,Discovery,Unknown,Unknown,Faster delivery options.,Unknown,Groceries,Positive,Low,
2898,General Experience,Discovery,Unknown,Habit,Local store shopping.,Unknown,Groceries,Neutral,Low,
2899,Delivery,Discovery,Unknown,Unknown,Ten minute quick delivery.,Unknown,Groceries,Positive,Low,
2900,Pricing,Checkout,Fixed delivery fee charged.,Price Concern,Max discounts and lower prices.,Unknown,Groceries,Positive,Low,
2901,Inventory,Post-Purchase,Rotten and missing products delivered.,Trust,Accurate and fresh product delivery.,Unknown,Groceries,Negative,High,
2902,Inventory,Post-Purchase,Wrong items delivered.,Trust,Correct item fulfillment.,Unknown,Groceries,Negative,High,
2903,Delivery,Delivery,Fresh vegetables quality has declined.,Trust,Great selection and quick delivery.,Unknown,Groceries,Mixed,Medium,
2904,Inventory,Browsing,Meat category is not available.,Lack of Awareness,Meat delivery availability.,Categories,Groceries,Neutral,Medium,
2905,Delivery,Post-Purchase,Limited delivery to gated societies only.,App Experience,Wider delivery coverage area.,Unknown,Groceries,Positive,Medium,
2906,Offers,Checkout,Unknown,Unknown,Free deliveries above low threshold.,Unknown,Groceries,Positive,Low,
2908,Search,Searching,App is not displaying preferred shop options.,App Experience,Grocery delivery from preferred shops.,Search,Groceries,Negative,High,
2909,Inventory,Browsing,Quality of local vendor swings a lot.,Trust,Consistent quality in fresh produce.,Unknown,Groceries,Mixed,Medium,
2910,General Experience,Discovery,Unknown,Unknown,Unknown,Unknown,Groceries,Positive,Low,
2917,Offers,Discovery,Unknown,Unknown,Compare subscription offers.,Unknown,Unknown,Neutral,Low,
2918,General Experience,Discovery,Unknown,Unknown,Unknown,Unknown,Groceries,Neutral,Low,
2919,General Experience,Discovery,Unknown,Unknown,Unknown,Unknown,Unknown,Positive,Low,
2923,General Experience,Discovery,Unknown,Unknown,Unknown,Unknown,Medicines,Positive,Low,
2925,Pricing,Discovery,Delivery takes too long.,Price Concern,Quicker delivery options.,Unknown,Groceries,Neutral,Medium,
2929,Inventory,Browsing,Items often out of stock.,Limited Information,Better inventory availability.,Unknown,Groceries,Neutral,Medium,
2940,General Experience,Discovery,Unknown,Unknown,Unknown,Unknown,Groceries,Neutral,Low,
2948,Pricing,Browsing,Quick delivery apps are costlier.,Price Concern,Lower prices on quick delivery.,Unknown,Groceries,Neutral,Medium,
2958,Offers,Browsing,Better discounts available on other apps.,Price Concern,Higher discounts and offers.,Unknown,Groceries,Negative,Medium,
2960,Offers,Checkout,Comparing prices across apps takes time.,App Experience,Better app offers and discounts.,Unknown,Groceries,Neutral,Medium,
2962,General Experience,Browsing,Blinkit lost its quality after rebranding.,Trust,Better product range and quality.,Unknown,Groceries,Negative,High,
2963,Pricing,Browsing,Prices might hike in the future.,Price Concern,Consistent affordable pricing.,Unknown,Groceries,Neutral,Low,
2965,Delivery,Discovery,Unknown,Unknown,Instant delivery options.,Unknown,Groceries,Neutral,Low,
2966,General Experience,Discovery,Unknown,Habit,Unknown,Unknown,Groceries,Neutral,Low,
2967,General Experience,Browsing,Unknown,Habit,Better grocery delivery options.,Unknown,Groceries,Neutral,Low,
2969,Delivery,Discovery,Unknown,Unknown,Quick delivery for sudden needs.,Unknown,Groceries,Positive,Low,
2970,Inventory,Discovery,Unknown,Lack of Awareness,Alcohol delivery options.,Unknown,Snacks & Beverages,Neutral,Low,
2972,Delivery,Delivery,Unknown,Unknown,Early morning deliveries.,Unknown,Groceries,Positive,Low,
2996,Inventory,Browsing,Unsure about chemical free claims.,Trust,Transparent product information.,Unknown,Groceries,Neutral,Medium,
2997,General Experience,Post-Purchase,Unknown,Unknown,Unknown,Unknown,Groceries,Positive,Low,
2998,General Experience,Discovery,Unknown,Unknown,Unknown,Unknown,Groceries,Neutral,Low,
2999,General Experience,Discovery,Unknown,Unknown,Unknown,Unknown,Groceries,Positive,Low,
3000,General Experience,Discovery,Unknown,Unknown,Unknown,Unknown,Groceries,Neutral,Low,
3001,Inventory,Post-Purchase,Vegetables were rotting from inside.,Trust,Fresh and high quality vegetables.,Unknown,Groceries,Negative,High,
3002,General Experience,Post-Purchase,Poor vegetable quality online.,Trust,Better quality produce.,Unknown,Groceries,Negative,Medium,
3003,General Experience,Discovery,Unknown,Unknown,Unknown,Unknown,Groceries,Positive,Low,
3004,General Experience,Discovery,Unknown,Lack of Awareness,Unknown,Unknown,Groceries,Neutral,Low,
3005,Delivery,Discovery,Delivery takes longer and costs more.,Price Concern,Faster and cheaper delivery options.,Unknown,Groceries,Neutral,Medium,
3006,Inventory,Discovery,Store bought vegetables last unnaturally long.,Trust,Freshly harvested vegetables.,Unknown,Groceries,Negative,Medium,
3008,General Experience,Discovery,Issues with vegetable quality on quick commerce.,Trust,Better quality produce.,Unknown,Groceries,Negative,Medium,
3009,General Experience,Discovery,Unknown,Trust,Better quality groceries.,Unknown,Groceries,Neutral,Low,
3010,Pricing,Browsing,Prices are only okay during weekend discounts.,Price Concern,Lower everyday prices.,Offers,Groceries,Negative,Medium,
3011,Inventory,Discovery,Chemicals used to make produce look fresh.,Trust,Chemical free produce.,Unknown,Groceries,Negative,High,
3012,Inventory,Post-Purchase,Quality has reduced consistently after change to Blinkit.,Trust,Consistent product quality.,Unknown,Groceries,Negative,High,
3013,Inventory,Discovery,Chain stores have low quality vegetables.,Trust,Better quality checks.,Unknown,Groceries,Negative,High,
3014,Inventory,Selection,Delivered fruits and vegetables are bad quality.,Trust,Careful selection of fresh produce.,Unknown,Groceries,Negative,High,
3015,General Experience,Post-Purchase,Unknown,Unknown,Unknown,Unknown,Groceries,Positive,Low,
3016,General Experience,Post-Purchase,Difficult customer support and lack of trust.,Trust,Easier customer support and better trust.,Unknown,Groceries,Negative,High,
3024,General Experience,Discovery,Unknown,Unknown,Unknown,Unknown,Unknown,Neutral,Low,
3029,Checkout,Checkout,Payment card gets declined for non-food items.,Price Concern,Enable card payments for all categories.,Unknown,Groceries,Negative,High,
3033,Offers,Checkout,Cannot use half the money added every month.,Price Concern,Flexible wallet usage.,Unknown,Unknown,Negative,High,
3035,Checkout,Checkout,Scan and pay always ends with error.,App Experience,Fix scan and pay errors.,Unknown,Groceries,Negative,High,
3038,General Experience,Checkout,Unknown,Unknown,Unknown,Unknown,Unknown,Positive,Low,
3041,General Experience,Discovery,Unknown,Unknown,Unknown,Unknown,Unknown,Neutral,Low,
3050,Categories,Discovery,Unknown,Lack of Awareness,Better regional snack selection.,Unknown,Snacks & Beverages,Positive,Low,
3051,General Experience,Discovery,Unknown,Unknown,Unknown,Unknown,Snacks & Beverages,Neutral,Low,
3052,General Experience,Discovery,Unknown,Unknown,Unknown,Unknown,Unknown,Positive,Low,
3053,Categories,Post-Purchase,Unknown,Unknown,Unknown,Unknown,Snacks & Beverages,Positive,Low,
3054,Categories,Discovery,Unknown,Unknown,Wider availability of banana chips.,Unknown,Snacks & Beverages,Positive,Low,
3057,Search,Searching,Hard to find hot chips online.,Limited Information,Better local snack search results.,Search,Snacks & Beverages,Neutral,Medium,
3058,Categories,Discovery,Unknown,Lack of Awareness,Add hot chips to snack category.,Unknown,Snacks & Beverages,Positive,Low,
3059,Inventory,Browsing,Online platforms lack variety of snack types.,Limited Information,Broader snack inventory variety.,Categories,Snacks & Beverages,Negative,Medium,
3060,Categories,Browsing,Online platforms have limited frame of reference.,App Experience,Better exploration of local categories.,Categories,Snacks & Beverages,Neutral,Medium,
3061,Inventory,Discovery,Homemade items not available on app.,Limited Information,Authentic homemade snack options.,Unknown,Snacks & Beverages,Positive,Low,
3066,Inventory,Discovery,Regional items are missing from inventory.,Limited Information,Add regional specialty items.,Unknown,Snacks & Beverages,Positive,Low,
3068,Categories,Discovery,Local specialty items missing online.,Lack of Awareness,Better local category curation.,Unknown,Snacks & Beverages,Positive,Low,
3069,Search,Searching,Cannot find specific local shops.,Limited Information,List specific local store spots.,Search,Snacks & Beverages,Neutral,Low,
3070,Search,Searching,Unknown,Unknown,Accurate store location details.,Search,Snacks & Beverages,Positive,Low,
3073,General Experience,Discovery,Unknown,Unknown,Unknown,Unknown,Unknown,Neutral,Low,
3076,General Experience,Discovery,Unknown,Unknown,Unknown,Unknown,Snacks & Beverages,Neutral,Low,
3078,General Experience,Discovery,Unknown,Unknown,Unknown,Unknown,Unknown,Neutral,Low,
3079,General Experience,Discovery,Unknown,Unknown,Unknown,Unknown,Unknown,Neutral,Low,
3080,General Experience,Discovery,Unknown,Unknown,Unknown,Unknown,Snacks & Beverages,Positive,Low,
3081,Inventory,Discovery,Specific snack brand is unavailable.,Lack of Awareness,Better snack variety.,Unknown,Snacks & Beverages,Neutral,Low,
3082,General Experience,Discovery,Unknown,Unknown,Unknown,Unknown,Snacks & Beverages,Neutral,Low,
3083,Inventory,Post-Purchase,Received poorly fried snacks.,Trust,Better quality control.,Unknown,Snacks & Beverages,Negative,Medium,
3084,General Experience,Discovery,Unknown,Unknown,Unknown,Unknown,Snacks & Beverages,Neutral,Low,
3085,Search,Discovery,Unknown,Unknown,Unknown,Search,Snacks & Beverages,Neutral,Low,
3086,General Experience,Discovery,Product flavor variants are unappealing.,Limited Information,Authentic product variants.,Unknown,Snacks & Beverages,Negative,Low,
3088,Inventory,Post-Purchase,Snack quality does not match authentic taste.,Trust,Authentic regional snacks.,Unknown,Snacks & Beverages,Negative,Medium,
3089,General Experience,Discovery,Unknown,Unknown,Unknown,Unknown,Snacks & Beverages,Neutral,Low,
3090,General Experience,Discovery,Unknown,Unknown,Unknown,Unknown,Snacks & Beverages,Neutral,Low,
3091,Inventory,Discovery,Popular snack brands are missing.,Lack of Awareness,Add popular regional brands.,Unknown,Snacks & Beverages,Positive,Low,
3092,Inventory,Discovery,Missing popular brand options.,Lack of Awareness,Add more popular brands.,Unknown,Snacks & Beverages,Positive,Low,
3093,Inventory,Discovery,Fresh snacks are hard to find.,Limited Information,Fresher snack inventory.,Unknown,Snacks & Beverages,Positive,Low,
3094,General Experience,Discovery,Unknown,Unknown,Unknown,Unknown,Snacks & Beverages,Positive,Low,
3095,Delivery,Browsing,Competitor app is slower but cheaper.,Price Concern,Lower prices.,Unknown,Unknown,Mixed,Medium,
3096,Offers,Discovery,Competitor offers better cashback.,Price Concern,Better cashback offers.,Offers,Unknown,Positive,Medium,
3097,Offers,Discovery,Offers are time-based and restrictive.,Price Concern,Better consistent offers.,Offers,Unknown,Positive,Low,
3116,General Experience,Post-Purchase,Unknown,Unknown,Unknown,Unknown,Unknown,Negative,High,
3140,Categories,Discovery,Unknown,Unknown,Better product variety.,Unknown,Personal Care,Positive,Low,
3141,Pricing,Discovery,Products are too expensive.,Price Concern,Lower prices.,Unknown,Personal Care,Negative,Medium,
3142,Categories,Discovery,Unknown,Unknown,Unknown,Unknown,Personal Care,Neutral,Low,
3143,Categories,Discovery,Unknown,Unknown,Unknown,Unknown,Personal Care,Positive,Low,
3168,Search,Searching,Unknown,Unknown,Unknown,Search,Medicines,Neutral,Low,
3172,Inventory,Discovery,Items are out of stock.,Limited Information,Accurate stock availability.,Unknown,Unknown,Neutral,Medium,
3173,Checkout,Checkout,Too many details required at checkout.,App Experience,Simpler checkout process.,Unknown,Unknown,Neutral,Medium,
3174,Delivery,Delivery,Delivery issues during unrest.,Unknown,Reliable delivery services.,Unknown,Snacks & Beverages,Negative,High,
3237,Delivery,Delivery,Delivery apps not working.,Unknown,Reliable delivery services.,Unknown,Household Essentials,Negative,High,
3238,Delivery,Delivery,Delivery services restricted in certain areas.,Unknown,Wider service coverage.,Unknown,Household Essentials,Negative,High,
3242,Delivery,Delivery,Delivery personnel cannot access locations.,Unknown,Better delivery access.,Unknown,Groceries,Negative,High,
3257,Delivery,Discovery,Unclear delivery options for locations.,Unknown,Clear delivery guidelines.,Unknown,Groceries,Neutral,Medium,
3259,Delivery,Delivery,Delivery partners unwilling to deliver to sites.,Unknown,Wider service coverage.,Unknown,Groceries,Negative,Medium,
3313,Inventory,Checkout,Area is unserviceable.,Unknown,Wider service coverage.,Unknown,Groceries,Negative,High,
3319,Inventory,Post-Purchase,Seller inventory logistics issues.,Unknown,Better logistics support.,Unknown,Unknown,Negative,High,
3320,General Experience,Post-Purchase,High seller commissions.,Unknown,Lower seller commissions.,Unknown,Unknown,Neutral,Medium,
3321,Inventory,Post-Purchase,Inventory slots unavailable for drop.,Unknown,Better seller support team.,Unknown,Unknown,Negative,High,
3324,Categories,Discovery,Unknown,Unknown,Unknown,Unknown,Electronics,Positive,Low,
3328,General Experience,Post-Purchase,Unknown,Unknown,Unknown,Unknown,Electronics,Positive,Low,
3330,General Experience,Discovery,Unknown,Unknown,Unknown,Unknown,Unknown,Positive,Low,
3333,General Experience,Discovery,Unknown,Unknown,Unknown,Unknown,Electronics,Positive,Low,
3334,Search,Searching,Product is out of stock.,Unknown,Better inventory availability.,Search,Electronics,Neutral,Medium,
3336,Pricing,Selection,Unknown,Unknown,Unknown,Unknown,Electronics,Positive,Low,
3338,Categories,Browsing,Unknown,Unknown,Unknown,Categories,Groceries,Positive,Low,
3339,General Experience,Discovery,Unknown,Unknown,Unknown,Unknown,Electronics,Positive,Low,
3340,General Experience,Discovery,Unknown,Unknown,Unknown,Unknown,Household Essentials,Positive,Low,
3341,Search,Searching,Product is out of stock.,Unknown,Better inventory availability.,Search,Electronics,Neutral,Medium,
3343,Search,Searching,Unknown,Unknown,Unknown,Search,Electronics,Neutral,Low,
3344,General Experience,Discovery,Unknown,Unknown,Unknown,Unknown,Personal Care,Positive,Low,
3346,Pricing,Selection,Prices are too high.,Price Concern,Lower product prices.,Unknown,Personal Care,Negative,Medium,
3364,General Experience,Discovery,Unknown,Unknown,Unknown,Unknown,Unknown,Positive,Low,
3365,Delivery,Delivery,Emergency service response is slow.,Trust,Faster emergency response.,Unknown,Medicines,Negative,High,
3373,Pricing,Checkout,Prices may increase later.,Price Concern,Transparent pricing.,Unknown,Unknown,Negative,Medium,
3374,General Experience,Post-Purchase,Unknown,Unknown,Unknown,Unknown,Unknown,Positive,Low,
3389,Inventory,Selection,Fake or mixed supplies received.,Trust,Authentic product supplies.,Unknown,Groceries,Negative,High,
3404,Categories,Browsing,Emergency option is hidden.,Lack of Awareness,Better feature visibility.,Categories,Medicines,Neutral,Low,
3428,Inventory,Selection,Store team is not doing their job.,App Experience,Better store management.,Unknown,Groceries,Negative,High,
3447,Delivery,Delivery,Delivery is unnecessarily too fast.,App Experience,Standard delivery speed.,Unknown,Unknown,Negative,Low,
3448,Delivery,Delivery,Delivery speed is too fast.,App Experience,Manageable delivery time.,Unknown,Unknown,Negative,Low,
3450,Delivery,Delivery,Unknown,Unknown,Unknown,Unknown,Unknown,Neutral,Low,
3451,Delivery,Delivery,Unknown,Unknown,Unknown,Unknown,Unknown,Neutral,Low,
3452,Delivery,Delivery,Unknown,Unknown,Unknown,Unknown,Unknown,Positive,Low,
3453,Delivery,Delivery,Unknown,Unknown,Unknown,Unknown,Unknown,Negative,Low,
3454,Inventory,Discovery,Vegetables contain heavy metal toxins.,Trust,Provide safe chemical free vegetables.,Unknown,Groceries,Negative,High,
3457,Inventory,Discovery,Food quality and safety issues persist.,Trust,Better food safety standards.,Unknown,Groceries,Negative,High,
3461,Inventory,Discovery,Unknown,Unknown,Unknown,Unknown,Groceries,Neutral,Low,
3470,General Experience,Post-Purchase,Unknown,Unknown,Unknown,Unknown,Unknown,Negative,Medium,
3471,Inventory,Discovery,Adulterated food items sold openly.,Trust,Strict quality checks on food.,Unknown,Groceries,Negative,High,
3474,Inventory,Discovery,Contaminated water used for farming.,Trust,Clean water usage verification.,Unknown,Groceries,Negative,High,
3532,General Experience,Post-Purchase,Print quality is not great.,App Experience,Better printer ink quality.,Unknown,Household Essentials,Mixed,Medium,
3533,General Experience,Post-Purchase,Unknown,Unknown,Unknown,Unknown,Household Essentials,Positive,Low,
3536,Pricing,Browsing,Product is more expensive for lower quantity.,Price Concern,Fair pricing for quantity.,Unknown,Snacks & Beverages,Negative,Medium,
3538,Pricing,Browsing,Glass bottle packaging is expensive.,Price Concern,Cheaper packaging options.,Unknown,Snacks & Beverages,Negative,Medium,
3540,Inventory,Browsing,Product is already out of stock.,Limited Information,Better stock availability.,Unknown,Unknown,Negative,Medium,
3542,Search,Discovery,Unknown,Unknown,Unknown,Search,Snacks & Beverages,Neutral,Low,
3543,Search,Discovery,Unknown,Unknown,Unknown,Search,Snacks & Beverages,Positive,Low,
3545,Inventory,Post-Purchase,Poor storage affects meat freshness.,Trust,Better cold chain storage.,Unknown,Groceries,Mixed,High,
3546,Inventory,Post-Purchase,Improper delivery handling affects quality.,Trust,Proper product handling during delivery.,Unknown,Groceries,Negative,Medium,
3547,Inventory,Post-Purchase,Storage facilities house near expiry products.,Trust,Fresher stock in storage.,Unknown,Groceries,Negative,High,
3548,Inventory,Delivery,Frozen items like cheese and ice cream arrive in bad condition.,Trust,Better cold chain storage for frozen goods.,Unknown,Snacks & Beverages,Negative,High,
3549,Inventory,Delivery,Ice cream quality is poor upon delivery.,Trust,Maintain proper temperature for frozen items.,Unknown,Snacks & Beverages,Negative,High,
3550,Inventory,Delivery,Ice cream always has ice crystals.,Trust,Fresh and properly stored ice cream.,Unknown,Snacks & Beverages,Negative,Medium,
3551,General Experience,Post-Purchase,Unknown,Unknown,Unknown,Unknown,Unknown,Positive,Low,
3555,Checkout,Delivery,Deliveries lack discreet packaging.,App Experience,Provide discreet packaging for sensitive orders.,Unknown,Personal Care,Negative,Medium,
3556,Checkout,Delivery,Clear plastic bags compromise privacy.,App Experience,Use opaque packaging for privacy.,Unknown,Personal Care,Negative,Medium,
3557,Checkout,Delivery,Paper bag packaging does not ensure privacy.,App Experience,Ensure completely discreet delivery.,Unknown,Personal Care,Negative,Low,
3558,Checkout,Delivery,Delivery agents open packages for photo verification.,App Experience,Privacy during delivery verification.,Unknown,Personal Care,Negative,High,
3559,Delivery,Delivery,Delivery agents announce order names loudly.,App Experience,Train delivery staff to maintain customer privacy.,Unknown,Personal Care,Negative,High,
3560,Delivery,Delivery,Packages arrive with open packaging.,App Experience,Secure and sealed packaging.,Unknown,Personal Care,Negative,High,
3561,Delivery,Delivery,Sensitive items delivered without outer bags.,App Experience,Always use covering bags for sensitive deliveries.,Unknown,Personal Care,Negative,High,
3562,General Experience,Post-Purchase,Unknown,Unknown,Unknown,Unknown,Unknown,Neutral,Low,
3563,General Experience,Discovery,Delivery speed is crucial for urgent needs.,Unknown,Faster and reliable delivery.,Unknown,Personal Care,Neutral,Medium,
3571,Checkout,Post-Purchase,Poor product durability and short warranty.,Trust,Better quality products with longer warranties.,Unknown,Personal Care,Negative,High,
3572,Checkout,Checkout,Lack of incognito mode for private purchases.,App Experience,Add an incognito mode for private orders.,Unknown,Personal Care,Positive,Medium,
3573,Checkout,Delivery,Sensitive products lack discreet packaging.,App Experience,Discreet packaging options.,Unknown,Personal Care,Negative,Medium,
3574,General Experience,Discovery,Social stigma around purchasing condoms.,Trust,Normalize buying sensitive products.,Unknown,Personal Care,Neutral,Low,
3575,Delivery,Delivery,Lack of privacy leads to awkward neighborhood exposure.,App Experience,Maintain strict delivery privacy.,Unknown,Personal Care,Negative,Medium,
3579,Checkout,Delivery,Discreet delivery is not guaranteed.,Trust,Guaranteed discreet packaging.,Unknown,Personal Care,Negative,High,
3580,Delivery,Delivery,Delivery agents make inappropriate remarks or looks due to poor packaging.,App Experience,Professional delivery and private packaging.,Unknown,Personal Care,Negative,High,
3581,General Experience,Discovery,Unknown,Unknown,Unknown,Unknown,Unknown,Neutral,Low,
3583,Delivery,Delivery,Unknown,Unknown,Better delivery packaging.,Unknown,Unknown,Positive,Low,
3584,Delivery,Delivery,Lack of discreet packaging for sensitive items.,Trust,Discreet delivery packaging.,Unknown,Personal Care,Negative,High,
3586,Delivery,Delivery,Items are delivered without discreet packaging.,Trust,Discreet packaging for orders.,Unknown,Personal Care,Negative,High,
3587,Delivery,Delivery,Unknown,Unknown,Unknown,Unknown,Personal Care,Positive,Low,
3588,Delivery,Delivery,Lack of discreet packaging for sensitive purchases.,Trust,Discreet delivery options.,Unknown,Personal Care,Negative,High,
3589,Delivery,Delivery,Delivery agents can easily see order contents.,Trust,Privacy in delivery.,Unknown,Personal Care,Neutral,Medium,
3590,Delivery,Delivery,Lack of discreet packaging causes delivery privacy concerns.,Trust,Secure and private delivery.,Unknown,Personal Care,Neutral,Medium,
3591,Delivery,Delivery,Deliveries lack proper privacy packaging.,Trust,Discreet packaging.,Unknown,Personal Care,Neutral,Medium,
3592,Cart,Checkout,Order history visible to others sharing the account.,Trust,Option to hide specific order history.,Unknown,Personal Care,Neutral,Medium,
3594,Delivery,Delivery,Inconsistent discreet packaging for sensitive items.,Trust,Consistent discreet packaging.,Unknown,Personal Care,Neutral,Medium,
3595,Delivery,Delivery,Lack of consistent discreet packaging for sensitive items.,Trust,Better discreet packaging.,Unknown,Personal Care,Neutral,Medium,
3596,Delivery,Delivery,Unknown,Unknown,Discreet packaging.,Unknown,Personal Care,Positive,Low,
3597,Delivery,Delivery,Adult products are not delivered discreetly.,Trust,Discreet packaging for sensitive products.,Unknown,Personal Care,Negative,High,
3598,Delivery,Delivery,Inadequate packaging privacy for sensitive items.,Trust,Better privacy in delivery.,Unknown,Personal Care,Neutral,Medium,
3619,Checkout,Checkout,Unknown,Unknown,Reliable payment options.,Unknown,Unknown,Neutral,Low,
3620,Checkout,Checkout,Unknown,Unknown,Unknown,Unknown,Unknown,Neutral,Low,
3622,Search,Searching,Restricted items do not show up in search.,Lack of Awareness,Clear information on restricted products.,Search,Snacks & Beverages,Negative,Medium,
3623,Search,Searching,Tobacco products require downloading a separate app.,App Experience,Seamless in-app access to tobacco products.,Search,Snacks & Beverages,Negative,High,
3624,Delivery,Post-Purchase,Rude customer support and incorrect deliveries.,Trust,Better customer support resolution.,Unknown,Unknown,Negative,High,
3643,Delivery,Delivery,Delivery personnel failed to deliver to the doorstep.,Unknown,Reliable doorstep delivery.,Unknown,Unknown,Negative,High,
3650,General Experience,Post-Purchase,Delivery app experience causes frustration.,App Experience,Better service reliability.,Unknown,Unknown,Negative,Medium,
3669,Delivery,Delivery,Unrealistic delivery times put riders at risk.,Unknown,Safer delivery timelines.,Unknown,Groceries,Negative,High,
3683,Recommendations,Discovery,Unknown,Lack of Awareness,Discover new snack options.,Recommendations,Snacks & Beverages,Positive,Low,
3684,Recommendations,Discovery,Unknown,Lack of Awareness,Discover good quality chips.,Recommendations,Snacks & Beverages,Positive,Low,
3685,Categories,Browsing,Unknown,Price Concern,Better gourmet product discovery.,Categories,Snacks & Beverages,Positive,Low,
3686,Recommendations,Discovery,Unknown,Lack of Awareness,Healthy food recommendations.,Recommendations,Groceries,Positive,Low,
3687,Recommendations,Discovery,Unknown,Lack of Awareness,Discover new snack mixes.,Recommendations,Snacks & Beverages,Positive,Low,
3688,Recommendations,Discovery,Unknown,Lack of Awareness,Good snack recommendations.,Recommendations,Snacks & Beverages,Positive,Low,
3689,Recommendations,Discovery,Unknown,Lack of Awareness,Recommendations for electronics.,Recommendations,Electronics,Positive,Low,
3690,Search,Selection,Unknown,Unknown,Guidance on product quantity.,Unknown,Electronics,Neutral,Low,
3691,Recommendations,Discovery,Unknown,Limited Information,Better quality electronics options.,Recommendations,Electronics,Positive,Low,
3692,Pricing,Selection,Electronic items are too costly for the usage.,Price Concern,Affordable electronic items.,Unknown,Electronics,Negative,Medium,
3693,Inventory,Post-Purchase,Electronics return policy and after-sales support are poor.,Trust,Better after-sales support for electronics.,Unknown,Electronics,Negative,High,
3695,Inventory,Discovery,Store inventory data is outdated.,Limited Information,Accurate store availability data.,Unknown,Groceries,Mixed,Medium,
3696,Inventory,Discovery,Unknown,Lack of Awareness,More store coverage in empty areas.,Unknown,Groceries,Positive,Low,
3697,Inventory,Discovery,Unknown,Unknown,Accurate stock availability.,Unknown,Groceries,Positive,Low,
3698,Inventory,Discovery,Product is out of stock in local area.,Limited Information,Consistent product availability.,Unknown,Groceries,Negative,Medium,
3700,Inventory,Discovery,Unknown,Unknown,Available stock confirmation.,Unknown,Groceries,Positive,Low,
3701,General Experience,Discovery,Logistics and heavy materials execution are difficult.,App Experience,Better logistics execution.,Unknown,Household Essentials,Neutral,Medium,
3702,General Experience,Discovery,Unknown,Unknown,Unknown,Unknown,Unknown,Neutral,Low,
3703,General Experience,Discovery,Unknown,Unknown,Unknown,Unknown,Unknown,Positive,Low,
3704,Categories,Browsing,Construction materials lack direct customer purchasing channels and local expertise.,Trust,Better product availability and comparison for hardware.,Unknown,Household Essentials,Mixed,Medium,
3705,General Experience,Discovery,Unknown,Unknown,Unknown,Unknown,Unknown,Neutral,Low,
3706,General Experience,Post-Purchase,Products have bad reputation everywhere.,Trust,Better product quality checks.,Unknown,Unknown,Negative,High,
3707,General Experience,Post-Purchase,Unknown,Unknown,Unknown,Unknown,Unknown,Negative,Low,
3709,General Experience,Post-Purchase,Unknown,Unknown,Unknown,Unknown,Unknown,Negative,Low,
3710,Offers,Discovery,"Product tastes disgusting, smells like dog treats, and is overpriced.",Price Concern,Better quality and fairly priced products.,Offers,Snacks & Beverages,Negative,High,
3713,Inventory,Discovery,Dark stores are filthy and unreliable.,Trust,Clean and hygienic dark stores.,Unknown,Groceries,Negative,High,
3714,General Experience,Discovery,Unknown,Unknown,Unknown,Unknown,Groceries,Neutral,Low,
3718,General Experience,Post-Purchase,Unknown,Unknown,Unknown,Unknown,Electronics,Positive,Low,
3719,General Experience,Post-Purchase,Unknown,Unknown,Unknown,Unknown,Electronics,Neutral,Low,
3720,General Experience,Post-Purchase,Unknown,Unknown,Unknown,Unknown,Electronics,Neutral,Low,
3722,Categories,Browsing,Unknown,Lack of Awareness,Information on infrared cooktops.,Unknown,Electronics,Neutral,Low,
3723,Categories,Post-Purchase,Appliance was rarely used and felt like a waste of money initially.,No Need,Better utility from appliance purchases.,Unknown,Electronics,Mixed,Medium,
3724,General Experience,Selection,Unknown,Habit,Compatibility for cooking different food types.,Unknown,Electronics,Neutral,Low,
3733,Categories,Browsing,"Infrared cooktops have bad reviews, are expensive, and use high electricity.",Price Concern,Affordable and energy-efficient cooktops.,Unknown,Electronics,Negative,High,
3737,Categories,Browsing,Unknown,Unknown,Cheaper cooktop alternatives.,Unknown,Electronics,Positive,Low,
3738,Search,Discovery,Unknown,Lack of Awareness,Stock availability for specific appliances.,Search,Electronics,Neutral,Low,
3739,Categories,Selection,Induction stoves require specific compatible cookware.,Limited Information,Clear product compatibility information.,Unknown,Electronics,Neutral,Medium,
3740,Delivery,Delivery,Delivery delays expected.,Unknown,Faster delivery times.,Unknown,Electronics,Negative,High,
3742,General Experience,Discovery,Unknown,Unknown,Unknown,Unknown,Electronics,Neutral,Low,
3745,Pricing,Selection,Uncertain if product price is fair.,Price Concern,Better pricing transparency.,Unknown,Electronics,Neutral,Medium,
3746,Pricing,Browsing,Variable pricing has increased costs significantly.,Price Concern,Stable and fair pricing.,Unknown,Unknown,Negative,High,
3748,Inventory,Searching,Items out of stock at nearby stores.,App Experience,Better inventory availability.,Search,Unknown,Neutral,Medium,
3749,Inventory,Selection,Unknown,Unknown,Available home appliances.,Unknown,Electronics,Positive,Low,
3754,Inventory,Discovery,Childhood toys were expensive previously.,Price Concern,Affordable nostalgic toys.,Unknown,Unknown,Positive,Low,
3759,Search,Discovery,Unknown,Lack of Awareness,Find specific fun toys easily.,Search,Unknown,Neutral,Low,
3761,Search,Discovery,Difficulty finding specific products.,Lack of Awareness,Easier product discovery.,Search,Unknown,Negative,Medium,
3763,Categories,Selection,Unknown,Unknown,Unique lifestyle products.,Categories,Personal Care,Positive,Low,
3768,General Experience,Post-Purchase,Unknown,Unknown,Unknown,Unknown,Unknown,Positive,Low,
3770,Categories,Post-Purchase,Unknown,Unknown,More fun toys.,Unknown,Unknown,Positive,Low,
3774,Categories,Post-Purchase,Unknown,Unknown,Unknown,Unknown,Personal Care,Positive,Low,
3803,Inventory,Browsing,Doubtful quality of groceries online.,Trust,Better grocery quality assurance.,Homepage,Groceries,Negative,High,
3804,Pricing,Browsing,Offline stores are perceived as cheaper.,Price Concern,Lower prices online.,Previous Orders,Groceries,Mixed,Medium,
3805,Pricing,Selection,Unknown,Unknown,Better card offers.,Offers,Groceries,Positive,Low,
3806,Pricing,Selection,Store pricing varies by location.,Price Concern,Cost-effective local pricing.,Unknown,Groceries,Neutral,Medium,
3807,Pricing,Browsing,Unknown,Unknown,Clear discount tags.,Offers,Groceries,Positive,Low,
3808,Categories,Browsing,Unable to inspect grocery quality before buying.,Trust,Better product visibility.,Unknown,Groceries,Neutral,Medium,
3809,General Experience,Post-Purchase,Unknown,Unknown,Unknown,Unknown,Groceries,Positive,Low,
3813,Pricing,Discovery,Unknown,Unknown,Lower prices on gifts and souvenirs.,Unknown,Snacks & Beverages,Positive,Low,
3814,General Experience,Discovery,Unknown,Unknown,Unknown,Unknown,Unknown,Neutral,Low,
3815,Categories,Browsing,Lack of product variety and browsing features.,Limited Information,Better product variety and browsing experience.,Categories,Unknown,Negative,Medium,
3816,Inventory,Selection,Poor quality of fresh dairy items compared to local vendors.,Trust,Better quality fresh dairy products.,Unknown,Groceries,Negative,High,
3817,Delivery,Post-Purchase,"Received spoiled chicken, rotten eggs, and expired milk.",Trust,Reliable cold supply chain and fresh products.,Unknown,Groceries,Negative,High,
3818,General Experience,Post-Purchase,Unknown,Unknown,Easy handling of damaged products.,Unknown,Unknown,Positive,Low,
3819,Checkout,Post-Purchase,Returns and refunds process is mentally draining.,Trust,Hassle-free returns and quality assurance.,Unknown,Unknown,Negative,Medium,
3820,General Experience,Discovery,Unknown,Habit,Quick delivery for urgent items.,Unknown,Groceries,Neutral,Low,
3821,Inventory,Selection,Vegetables delivered are poor quality.,Trust,Fresh high quality vegetables.,Unknown,Groceries,Negative,High,
3822,General Experience,Discovery,Unknown,Habit,Better offline shopping alternatives.,Unknown,Personal Care,Negative,Low,
3823,General Experience,Discovery,Unknown,Habit,Support local employment.,Unknown,Unknown,Neutral,Low,
3824,General Experience,Discovery,Unknown,Unknown,Seamless e-commerce grocery delivery.,Unknown,Groceries,Positive,Low,
3825,Cart,Selection,Unknown,Unknown,Easy bulk ordering for weekly needs.,Unknown,Groceries,Positive,Low,
3826,Pricing,Checkout,Re-ordering frequently gets too expensive.,Price Concern,Better cost management for frequent orders.,Unknown,Groceries,Negative,Medium,
3827,General Experience,Discovery,Items not available in local grocery stores.,Habit,Availability of unique items on apps.,Unknown,Groceries,Neutral,Low,
3828,Pricing,Discovery,Unknown,Price Concern,Better discounts and urgent delivery.,Offers,Groceries,Neutral,Low,
3830,Pricing,Discovery,Unknown,Price Concern,Cheaper products locally.,Unknown,Groceries,Positive,Low,
3831,Offers,Discovery,Online prices are higher without offers.,Price Concern,Better offers and discounts.,Offers,Groceries,Neutral,Medium,
3832,Pricing,Discovery,Online app prices are too high.,Price Concern,Lower prices comparable to wholesale stores.,Unknown,Groceries,Negative,Medium,
3833,Pricing,Discovery,Online items lack better deals and freshness.,Price Concern,Better deals and fresh quality.,Unknown,Groceries,Negative,Medium,
3834,Pricing,Browsing,Prices are too high.,Price Concern,Lower prices on items.,Unknown,Unknown,Negative,High,
3836,Inventory,Searching,Some products are only available offline.,Limited Information,Better product availability.,Search,Snacks & Beverages,Mixed,Medium,
3838,General Experience,Discovery,Local vendors preferred except for emergencies.,Habit,Unknown,Unknown,Groceries,Neutral,Low,
3840,General Experience,Discovery,Local ration shops are trusted more.,Trust,Better trust in online platforms.,Unknown,Groceries,Negative,Medium,
3841,General Experience,Discovery,Unknown,Habit,Unknown,Unknown,Groceries,Positive,Low,
3842,General Experience,Discovery,Unknown,Habit,Support local economy.,Unknown,Groceries,Negative,Low,
3844,General Experience,Discovery,Unknown,Habit,Fresh and fairly priced goods.,Unknown,Groceries,Positive,Low,
3873,Pricing,Checkout,GST pricing issues on items.,Price Concern,GST included stock.,Unknown,Snacks & Beverages,Negative,Medium,
3890,General Experience,Checkout,App frequently experiences issues.,App Experience,Better app stability.,Unknown,Unknown,Negative,High,
3891,General Experience,Post-Purchase,Issues with refunds and replacements for bad products.,Trust,Reliable refund and replacement policy.,Unknown,Unknown,Negative,High,
3892,General Experience,Post-Purchase,Uncertainty about refund and replacement policies.,Trust,Clear return policies.,Unknown,Unknown,Neutral,Medium,
3893,General Experience,Post-Purchase,Unknown,Unknown,Instant refunds.,Unknown,Unknown,Positive,Low,
3894,Inventory,Searching,Required items were not available at the time.,Limited Information,Better stock availability.,Search,Unknown,Neutral,Medium,
3895,Inventory,Browsing,Low stock availability on platforms.,Limited Information,Higher stock levels.,Unknown,Unknown,Neutral,Low,
3896,Inventory,Searching,Specific items hard to find.,Limited Information,Availability of specific items.,Search,Snacks & Beverages,Neutral,Low,
3897,Inventory,Discovery,Unknown,Unknown,Unknown,Unknown,Snacks & Beverages,Neutral,Low,
3898,General Experience,Discovery,Limited exposure to other apps.,Habit,Try new apps.,Unknown,Unknown,Neutral,Low,
3899,General Experience,Discovery,Unknown,Unknown,Unknown,Unknown,Unknown,Positive,Low,
3902,General Experience,Checkout,Constant headaches and issues with competitor app.,App Experience,Peace of mind during ordering.,Unknown,Unknown,Negative,High,
3903,General Experience,Delivery,Unknown,Unknown,Good customer support.,Unknown,Unknown,Positive,Low,
3907,General Experience,Post-Purchase,Unknown,Unknown,Unknown,Unknown,Unknown,Negative,Medium,
3908,General Experience,Post-Purchase,Service is consistently poor.,Unknown,Better service quality.,Unknown,Unknown,Negative,High,
3910,Delivery,Delivery,Unknown,Unknown,Unknown,Unknown,Unknown,Positive,Low,
3911,Delivery,Delivery,Delivery delays happen late at night.,Unknown,Consistent delivery times.,Unknown,Unknown,Negative,Medium,
3912,General Experience,Post-Purchase,Unknown,Unknown,Unknown,Unknown,Unknown,Neutral,Low,
3913,Delivery,Delivery,Unknown,Unknown,Unknown,Unknown,Unknown,Neutral,Low,
3914,Delivery,Delivery,Unknown,Unknown,Fast delivery.,Unknown,Unknown,Neutral,Low,
3915,Inventory,Delivery,Incorrect product substitutions during delivery.,Trust,Accurate item substitution.,Unknown,Groceries,Negative,High,
3916,Inventory,Delivery,Wrong product substitutions sent.,Trust,Correct product delivery.,Unknown,Groceries,Negative,Medium,
3919,General Experience,Browsing,Physical stores lead to impulse buying.,Habit,Control spending on unnecessary items.,Unknown,Groceries,Positive,Low,
3920,Checkout,Checkout,Difficult to control budget while shopping.,Price Concern,Better budget management tools.,Unknown,Unknown,Neutral,Low,
3921,Delivery,Delivery,Waiting for orders feels sad.,Unknown,Faster delivery updates.,Unknown,Unknown,Negative,Low,
3922,General Experience,Post-Purchase,Delivery workers are exploited by apps.,Unknown,Fair treatment for delivery agents.,Unknown,Unknown,Negative,Medium,
3925,General Experience,Post-Purchase,Unknown,Unknown,Unknown,Unknown,Unknown,Neutral,Low,
3939,Categories,Browsing,Unknown,Habit,Unknown,Previous Orders,Snacks & Beverages,Neutral,Low,
3940,Categories,Browsing,Unknown,Habit,Unknown,Previous Orders,Groceries,Neutral,Low,
3941,Categories,Browsing,Unknown,Lack of Awareness,Product recommendations.,Unknown,Snacks & Beverages,Neutral,Low,
3942,Categories,Browsing,Unknown,Unknown,Unknown,Unknown,Snacks & Beverages,Positive,Low,
3943,Search,Searching,Unknown,Unknown,Brand variety for eggs.,Search,Groceries,Neutral,Low,
3958,Categories,Browsing,Unknown,Habit,Quick access to essentials.,Previous Orders,Groceries,Positive,Low,
3962,Categories,Browsing,Unknown,Habit,Unknown,Unknown,Groceries,Neutral,Low,
3974,Delivery,Discovery,Unknown,Unknown,Unknown,Unknown,Unknown,Neutral,Low,
3985,General Experience,Discovery,Unknown,Unknown,Unknown,Unknown,Household Essentials,Positive,Low,
3992,Inventory,Browsing,Unknown,Unknown,Unknown,Unknown,Snacks & Beverages,Neutral,Low,
3993,Inventory,Browsing,Unknown,Unknown,Unknown,Unknown,Snacks & Beverages,Positive,Low,
3994,General Experience,Selection,Unknown,Unknown,Unknown,Unknown,Snacks & Beverages,Positive,Low,
3996,Inventory,Searching,Product is out of stock.,Lack of Awareness,Better inventory availability.,Search,Snacks & Beverages,Negative,Medium,
4000,General Experience,Discovery,Unknown,Unknown,Unknown,Unknown,Snacks & Beverages,Positive,Low,
4002,Categories,Browsing,Unknown,Limited Information,Clear product information.,Categories,Groceries,Neutral,Low,
4008,Delivery,Post-Purchase,Poor packaging led to damaged items.,Trust,Better delivery handling.,Unknown,Snacks & Beverages,Negative,High,
4034,Delivery,Checkout,Unknown,Unknown,Unknown,Unknown,Unknown,Neutral,Low,
4074,Pricing,Checkout,Pricing is too high.,Price Concern,Lower prices.,Unknown,Unknown,Negative,Medium,
4087,Inventory,Searching,Product is out of stock.,Lack of Awareness,Better inventory availability.,Search,Electronics,Neutral,Low,
4088,Categories,Browsing,Unknown,Unknown,Unknown,Categories,Groceries,Neutral,Low,
4110,General Experience,Discovery,Unknown,Unknown,Unknown,Unknown,Unknown,Positive,Low,
4112,General Experience,Discovery,Unknown,Unknown,Unknown,Unknown,Unknown,Neutral,Low,
4115,General Experience,Discovery,Unknown,Unknown,Unknown,Unknown,Unknown,Positive,Low,
4117,General Experience,Discovery,Unknown,Unknown,Unknown,Unknown,Unknown,Positive,Low,
4121,Delivery,Delivery,Unknown,Unknown,Unknown,Unknown,Unknown,Positive,Low,
4123,General Experience,Discovery,Unknown,Unknown,Unknown,Unknown,Unknown,Neutral,Low,
4125,General Experience,Discovery,Unknown,Unknown,Unknown,Unknown,Unknown,Neutral,Low,
4127,General Experience,Discovery,Unknown,Unknown,Unknown,Unknown,Groceries,Neutral,Low,
4131,General Experience,Discovery,Unknown,Unknown,Unknown,Unknown,Groceries,Positive,Low,
4132,General Experience,Discovery,Unknown,Unknown,Unknown,Unknown,Groceries,Neutral,Low,
4134,General Experience,Discovery,Unknown,Unknown,Unknown,Unknown,Unknown,Positive,Low,
4139,General Experience,Discovery,Unknown,Unknown,Unknown,Unknown,Unknown,Neutral,Low,
4140,General Experience,Discovery,Unknown,Unknown,Unknown,Unknown,Unknown,Neutral,Low,
4143,Delivery,Delivery,Unknown,Unknown,Unknown,Unknown,Unknown,Positive,Low,
4152,General Experience,Discovery,Unknown,Unknown,Unknown,Unknown,Groceries,Positive,Low,
4155,General Experience,Discovery,Unknown,Unknown,Unknown,Unknown,Groceries,Negative,Low,
4156,Checkout,Post-Purchase,Unable to schedule pickup for product returns easily.,App Experience,Easier return pickup scheduling.,Unknown,Unknown,Negative,High,
4157,General Experience,Selection,Return and replacement policies are unclear.,Limited Information,Clearer return policies.,Unknown,Electronics,Neutral,Medium,
4161,Checkout,Post-Purchase,Refunds take too long and support uses useless bots.,Trust,Faster refunds and human customer support.,Unknown,Unknown,Negative,High,
4165,Delivery,Post-Purchase,Orders marked delivered without being received.,Trust,Reliable order delivery.,Unknown,Unknown,Negative,High,
4166,Delivery,Delivery,Unknown,Unknown,Consistent delivery and tracking.,Unknown,Unknown,Positive,Low,
4167,Pricing,Selection,Unknown,Price Concern,Competitive pricing.,Unknown,Unknown,Neutral,Low,
4172,Delivery,Post-Purchase,Frequent delivery failures waste time.,Trust,Reliable deliveries without hassle.,Unknown,Unknown,Negative,High,
4174,Delivery,Delivery,Orders marked as handed to resident but never received.,Trust,Reliable delivery agents.,Unknown,Unknown,Negative,High,
4182,General Experience,Post-Purchase,Poor service led to stopping app usage.,Trust,Better customer service.,Unknown,Unknown,Negative,High,
4185,Delivery,Post-Purchase,Damaged items received and customer support is hard to reach.,Trust,Human customer support and safe delivery.,Unknown,Household Essentials,Negative,High,
4188,General Experience,Post-Purchase,Orders fail repeatedly leading to stopping usage.,App Experience,Reliable order fulfillment.,Unknown,Unknown,Negative,High,
4190,Delivery,Delivery,Orders marked as delivered but never arrived.,Trust,Reliable delivery confirmation.,Unknown,Unknown,Negative,High,
4197,Inventory,Post-Purchase,Received empty box and refund was denied.,Trust,Hassle free refunds and genuine products.,Unknown,Unknown,Negative,High,
4199,Delivery,Delivery,Deliveries delayed and unhelpful customer support.,Trust,Timely deliveries and honest support.,Unknown,Unknown,Negative,High,
4207,Inventory,Post-Purchase,Received rancid curd due to poor storage.,Trust,Fresh dairy items with proper storage.,Unknown,Groceries,Negative,High,
4209,Inventory,Post-Purchase,Blamed by support for spoiled perishable items.,Trust,Better customer support for spoiled items.,Unknown,Groceries,Negative,Medium,
4210,Inventory,Post-Purchase,Received melted and refrozen desserts with cracked lids.,Trust,Proper cold chain storage for frozen items.,Unknown,Snacks & Beverages,Negative,High,
4212,Inventory,Post-Purchase,Worst storage conditions for dairy items.,Trust,Better quality control for dairy products.,Unknown,Groceries,Negative,High,
4213,Categories,Browsing,Specific yogurt varieties are missing from grocery stores.,Lack of Awareness,Availability of healthy specialty yogurts.,Categories,Groceries,Neutral,Low,
4215,Inventory,Post-Purchase,Received multiple packs of puffed and spoiled yogurt.,Trust,Fresh and safe dairy products delivered.,Unknown,Groceries,Negative,High,
4217,Inventory,Post-Purchase,Received rotten and cracked eggs with poor customer service.,Trust,Full refunds for damaged unsafe food items.,Unknown,Groceries,Negative,High,
4218,General Experience,Post-Purchase,Dissatisfaction with food ordering quality.,Trust,Better food quality and service reliability.,Unknown,Groceries,Negative,Medium,
4219,Delivery,Delivery,Unknown,Unknown,Inspect items before accepting delivery.,Unknown,Unknown,Neutral,Low,
4221,Delivery,Delivery,Unknown,Unknown,Customer vigilance during order delivery.,Unknown,Unknown,Negative,Low,
4222,Delivery,Delivery,Delivery personnel cannot resolve product issues on the spot.,App Experience,Better dispute resolution process during delivery.,Unknown,Unknown,Neutral,Medium,
4240,Search,Searching,Specific potato varieties are hard to find locally.,Lack of Awareness,Better availability of regional grocery items.,Search,Groceries,Positive,Low,
4244,Inventory,Browsing,Required grocery items are listed as out of stock.,Lack of Awareness,Better stock availability for fresh produce.,Categories,Groceries,Negative,Medium,
4246,General Experience,Checkout,Unknown,Unknown,Reliable packaging bags for all orders.,Unknown,Unknown,Positive,Low,
4247,General Experience,Post-Purchase,Excessive paper bag accumulation from deliveries.,Unknown,Eco-friendly packaging options.,Unknown,Unknown,Neutral,Low,
4248,General Experience,Delivery,Missing delivery bags for orders in certain regions.,App Experience,Consistent packaging across all locations.,Unknown,Unknown,Neutral,Low,
4249,General Experience,Post-Purchase,Unknown,Unknown,Unknown,Unknown,Unknown,Neutral,Low,
4259,Offers,Discovery,Hidden annual maintenance charges.,Limited Information,Clear upfront fee disclosure.,Unknown,Unknown,Neutral,Medium,
4260,Offers,Discovery,Card charges are not mentioned.,Limited Information,Clear card fee information.,Unknown,Unknown,Neutral,Medium,
4261,Offers,Discovery,Terms and conditions are in fine print.,Limited Information,Better visibility of terms.,Unknown,Unknown,Neutral,Low,
4295,General Experience,Browsing,Received bad quality items occasionally.,Trust,Consistent product quality.,Unknown,Personal Care,Negative,Medium,
4297,Delivery,Delivery,Delivery time promise is dropped.,Unknown,Faster delivery times.,Unknown,Groceries,Neutral,Low,
4298,Delivery,Delivery,Delivery duration is increasing.,Unknown,Quick delivery.,Unknown,Groceries,Neutral,Low,
4299,Delivery,Delivery,Delivery time increased to 15 mins.,Unknown,Faster delivery.,Unknown,Groceries,Neutral,Low,
4300,Delivery,Delivery,Delivery time varies based on location.,Unknown,Consistent delivery time.,Unknown,Groceries,Neutral,Low,
4301,Delivery,Delivery,Unknown,Unknown,Safe delivery drivers.,Unknown,Groceries,Positive,Low,
4302,Inventory,Selection,Receiving rotten refrigerated or frozen goods.,Trust,Fresh refrigerated goods.,Unknown,Groceries,Negative,High,
4303,Inventory,Selection,Lack of safety checks for stored goods.,Trust,Better quality checks.,Unknown,Groceries,Negative,High,
4304,Delivery,Delivery,Deliveries take longer than promised.,Unknown,Accurate delivery time.,Unknown,Groceries,Neutral,Low,
4305,Delivery,Delivery,Unknown,Unknown,Fast delivery.,Unknown,Groceries,Positive,Low,
4307,Delivery,Delivery,Delivery time is no longer advertised.,Unknown,Fast delivery.,Unknown,Groceries,Neutral,Low,
4309,Delivery,Discovery,Unrealistic delivery time taglines.,Unknown,Realistic delivery timelines.,Unknown,Groceries,Neutral,Low,
4311,Delivery,Checkout,Unnecessary pressure for 10 minute delivery.,No Need,Reliable standard delivery.,Unknown,Groceries,Neutral,Low,
4312,Delivery,Checkout,Anxiety over delayed deliveries.,Unknown,Fast 10 minute delivery.,Unknown,Groceries,Neutral,Low,
4359,Delivery,Checkout,The 10 minute delivery model is stressful.,App Experience,Remove 10 minute delivery pressure.,Unknown,Groceries,Negative,Medium,
4361,Delivery,Checkout,Exploitation of gig worker delivery partners.,App Experience,Fair treatment for delivery workers.,Unknown,Groceries,Negative,Medium,
4363,General Experience,Post-Purchase,Unknown,Unknown,Unknown,Unknown,Unknown,Negative,Low,
4364,General Experience,Post-Purchase,Unknown,Unknown,Unknown,Unknown,Unknown,Negative,Low,
4367,General Experience,Discovery,Unknown,Trust,Unknown,Unknown,Groceries,Negative,Medium,
4386,Pricing,Browsing,Fresh items are more expensive.,Price Concern,Lower prices on fresh items.,Unknown,Groceries,Mixed,Medium,
4394,Inventory,Selection,Received discontinued old inventory.,Habit,Accurate and up to date inventory.,Unknown,Baby Care,Negative,High,
4403,General Experience,Post-Purchase,Privacy breach concerns with printouts.,Trust,Secure document handling.,Unknown,Unknown,Negative,High,
4406,General Experience,Post-Purchase,Privacy risks with document printing.,Trust,Secure document printing.,Unknown,Unknown,Neutral,Medium,
4407,General Experience,Post-Purchase,Risks with confidential prints.,Trust,Better data privacy.,Unknown,Unknown,Negative,Medium,
4420,Delivery,Delivery,Delivery personnel might check documents.,Trust,Trustworthy delivery process.,Unknown,Unknown,Neutral,Medium,
4422,General Experience,Browsing,Unknown,App Experience,Unknown,Unknown,Unknown,Negative,Low,
4423,Delivery,Post-Purchase,Unknown,Unknown,Unknown,Unknown,Unknown,Positive,Low,
4425,Delivery,Post-Purchase,Unknown,Trust,Better privacy guidelines.,Unknown,Unknown,Neutral,Low,
4431,Delivery,Post-Purchase,Confidential print envelope arrived open.,Trust,Secure packaging.,Unknown,Unknown,Negative,High,
4433,Categories,Discovery,Unknown,Lack of Awareness,Unknown,Unknown,Unknown,Neutral,Low,
4434,General Experience,Selection,Privacy risks using print service.,Trust,Unknown,Unknown,Unknown,Negative,Medium,
4435,Delivery,Post-Purchase,Envelopes can be unsealed and resealed.,Trust,Secure packaging for documents.,Unknown,Unknown,Negative,High,
4437,General Experience,Browsing,Unknown,Trust,Safe printing service.,Unknown,Unknown,Mixed,Low,
4490,Pricing,Browsing,Unknown,Price Concern,Better prices.,Unknown,Groceries,Positive,Low,
4491,Pricing,Browsing,Unknown,Price Concern,Competitive pricing.,Unknown,Groceries,Neutral,Low,
4492,Inventory,Selection,Received expired products with hidden charges.,Trust,Fresh products and transparent pricing.,Unknown,Groceries,Negative,High,
4493,Inventory,Discovery,Products sold are fake or poor quality.,Trust,Ensure authentic and high quality products.,Unknown,Groceries,Negative,High,
4494,Inventory,Discovery,Platform sells fake items.,Trust,Ensure product authenticity.,Unknown,Groceries,Negative,High,
4495,Inventory,Discovery,Milk products may be adulterated.,Trust,Pure and unadulterated milk.,Unknown,Groceries,Negative,High,
4497,Offers,Discovery,Lack of good offers on staple items.,Price Concern,Better discounts on staples.,Offers,Groceries,Mixed,Medium,
4498,Pricing,Browsing,Unknown,Price Concern,Best value for money products.,Unknown,Groceries,Neutral,Low,
4499,Pricing,Browsing,Certain items are crazily overpriced online.,Price Concern,Lower prices for daily items.,Unknown,Groceries,Mixed,Medium,
4500,Pricing,Browsing,Unknown,Price Concern,Unknown,Unknown,Groceries,Positive,Low,
4501,General Experience,Discovery,Lack of human interaction online.,Habit,Human interaction while shopping.,Unknown,Unknown,Positive,Low,
4502,General Experience,Discovery,Unknown,Habit,Unknown,Unknown,Groceries,Neutral,Low,
4503,Pricing,Discovery,Unknown,Price Concern,Save money on groceries.,Unknown,Groceries,Positive,Low,
4504,General Experience,Discovery,Unknown,Habit,Unknown,Unknown,Unknown,Neutral,Low,
4505,General Experience,Discovery,Unknown,Habit,Unknown,Unknown,Unknown,Neutral,Low,
4506,General Experience,Discovery,Unknown,Habit,Convenient multi-channel purchasing.,Unknown,Groceries,Neutral,Low,
4507,General Experience,Discovery,Unknown,Habit,Unknown,Unknown,Unknown,Neutral,Low,
4508,General Experience,Discovery,Unknown,Habit,Unknown,Unknown,Groceries,Neutral,Low,
4509,General Experience,Discovery,Unknown,Habit,Unknown,Unknown,Groceries,Neutral,Low,
4510,Pricing,Browsing,Local market vegetables can be expensive.,Price Concern,Cheaper vegetable prices.,Unknown,Groceries,Neutral,Low,
4511,General Experience,Discovery,Unknown,Habit,Unknown,Unknown,Groceries,Neutral,Low,
4512,General Experience,Browsing,Unknown,Habit,Convenient single item online purchases.,Unknown,Groceries,Positive,Low,
4513,Offers,Browsing,Unknown,Price Concern,Best prices across platforms.,Offers,Groceries,Positive,Low,
4514,General Experience,Browsing,Unknown,Unknown,Unknown,Unknown,Groceries,Neutral,Low,
4515,General Experience,Discovery,Unknown,Unknown,Unknown,Unknown,Groceries,Neutral,Low,
4516,General Experience,Browsing,Unknown,Unknown,Unknown,Unknown,Groceries,Neutral,Low,
4517,Pricing,Selection,High prices online.,Price Concern,Lower prices.,Unknown,Groceries,Positive,Medium,
4518,General Experience,Browsing,Unknown,Unknown,Unknown,Unknown,Groceries,Neutral,Low,
4519,General Experience,Browsing,Unknown,Habit,Unknown,Unknown,Groceries,Neutral,Low,
4520,Cart,Selection,Impulse purchases lead to unnecessary items.,Habit,Better purchase control.,Unknown,Groceries,Positive,Low,
4521,Pricing,Selection,Unknown,Price Concern,Competitive pricing.,Unknown,Groceries,Neutral,Low,
4522,Delivery,Checkout,Unwanted fast delivery and lack of slot selection.,Trust,Scheduled delivery time slots.,Offers,Groceries,Negative,Medium,
4523,General Experience,Browsing,Forgetting items to buy.,Habit,Shopping list feature.,Unknown,Groceries,Neutral,Low,
4524,Inventory,Post-Purchase,Delivered products are expired or smell bad.,Trust,Fresher product quality.,Unknown,Snacks & Beverages,Negative,High,
4525,General Experience,Discovery,Unknown,Habit,Unknown,Unknown,Groceries,Neutral,Low,
4527,General Experience,Discovery,Unknown,Habit,Unknown,Unknown,Groceries,Neutral,Low,
4546,Delivery,Post-Purchase,Unknown,Unknown,Unknown,Unknown,Groceries,Neutral,Low,
4549,Delivery,Checkout,High delivery charges and minimum order limits.,Price Concern,Free or lower delivery fees.,Unknown,Groceries,Negative,High,
4550,Inventory,Selection,Perceived lower product quality on quick commerce platforms.,Trust,Consistent product quality.,Unknown,Groceries,Negative,Medium,
4551,Inventory,Selection,Unknown,Trust,Transparent sourcing information.,Unknown,Groceries,Neutral,Low,
4552,Inventory,Selection,Unknown,Trust,Unknown,Unknown,Groceries,Neutral,Low,
4553,Inventory,Selection,Unknown,Trust,Unknown,Unknown,Groceries,Positive,Low,
4554,Pricing,Checkout,Increasing prices and expensive services.,Price Concern,Affordable pricing.,Unknown,Groceries,Negative,High,
4555,Pricing,Selection,Products are sold at MRP with high margins.,Price Concern,Lower prices on products.,Unknown,Groceries,Negative,High,
4556,Pricing,Selection,Items are sold above MRP with cooling excuses.,Price Concern,Fair pricing without extra markups.,Unknown,Snacks & Beverages,Negative,High,
4557,Pricing,Checkout,Extra charges added for chilled items.,Price Concern,Transparent and standard pricing.,Unknown,Groceries,Negative,Medium,
4558,General Experience,Discovery,Unknown,Unknown,Unknown,Unknown,Unknown,Neutral,Low,
4559,General Experience,Discovery,Unknown,Unknown,Unknown,Unknown,Unknown,Negative,Low,
4561,Pricing,Checkout,High additional fees charged like delivery and handling.,Price Concern,Lower additional fees.,Unknown,Unknown,Negative,High,
4566,Categories,Browsing,Unknown,Unknown,Unknown,Unknown,Snacks & Beverages,Neutral,Low,
4567,Pricing,Selection,High profit margins on packaged goods.,Price Concern,Lower prices on packaged goods.,Unknown,Groceries,Negative,Medium,
4568,Pricing,Selection,Unknown,Unknown,Unknown,Unknown,Groceries,Neutral,Low,
4569,General Experience,Discovery,Elderly people lack awareness of quick commerce apps.,Lack of Awareness,Better app awareness for elderly users.,Unknown,Groceries,Neutral,Low,
4571,General Experience,Delivery,Received poor quality complimentary items.,Trust,Better quality control on items.,Unknown,Groceries,Negative,Medium,
4572,Pricing,Selection,Prices increase after initial discounts.,Price Concern,Consistent affordable pricing.,Unknown,Groceries,Negative,High,
4579,Pricing,Selection,Unknown,Unknown,Unknown,Unknown,Unknown,Neutral,Low,
4580,General Experience,Discovery,People do not trust online apps for purchases.,Trust,Build better consumer trust.,Unknown,Unknown,Neutral,Medium,
4581,General Experience,Browsing,Unknown,Unknown,Maintain convenient services.,Categories,Electronics,Positive,Low,
4583,Categories,Browsing,Unknown,Unknown,More variety and smaller pack sizes.,Categories,Groceries,Positive,Low,
4584,General Experience,Discovery,Unknown,Unknown,Better local sourcing.,Unknown,Groceries,Positive,Low,
4586,Delivery,Post-Purchase,Service quality worsens over time.,App Experience,Consistent service quality.,Unknown,Unknown,Negative,High,
4587,Pricing,Selection,Online apps do not offer significantly lower prices.,Price Concern,Deeps discounts on items.,Unknown,Unknown,Neutral,Medium,
4588,Offers,Browsing,Local stores lack app availability in certain areas.,Lack of Awareness,Better app expansion and offers.,Unknown,Snacks & Beverages,Neutral,Medium,
4589,Pricing,Post-Purchase,Online players will ramp up fees and tone down discounts.,Price Concern,Lower delivery charges and better discounts.,Unknown,Groceries,Negative,High,
4608,Inventory,Discovery,Specific products are missing from inventory.,Lack of Awareness,Wider product availability.,Unknown,Groceries,Neutral,Low,
4609,Inventory,Discovery,Specific items are not available.,Lack of Awareness,Better product availability.,Unknown,Groceries,Neutral,Low,
4610,Inventory,Discovery,Quality of available cheese is poor and items are discontinued.,Limited Information,Better quality gourmet products.,Unknown,Groceries,Negative,Medium,
4611,Inventory,Discovery,Fresh cheese products are missing from shelves.,Limited Information,Fresh cheese availability.,Unknown,Groceries,Mixed,Medium,
4612,Inventory,Discovery,Required cheese variety is missing.,Lack of Awareness,Wider variety of cheese.,Unknown,Groceries,Neutral,Low,
4614,Inventory,Discovery,Supply chain issues cause product shortages.,Limited Information,Stable supply chain.,Unknown,Groceries,Neutral,Medium,
4615,Inventory,Discovery,Unknown,Unknown,Unknown,Unknown,Groceries,Neutral,Low,
4622,Search,Searching,Unable to find specialty chili peppers.,Lack of Awareness,Better search results for gourmet items.,Search,Groceries,Negative,Medium,
4623,Recommendations,Discovery,Unknown,Lack of Awareness,More unique product recommendations.,Recommendations,Snacks & Beverages,Positive,Low,
4624,Delivery,Delivery,Unknown,Unknown,Reliable home delivery.,Unknown,Groceries,Positive,Low,
4626,Inventory,Discovery,Authentic imported cheese is not available.,Limited Information,Availability of authentic imported products.,Unknown,Groceries,Negative,Medium,
4627,Inventory,Discovery,Unknown,Unknown,Unknown,Unknown,Groceries,Neutral,Low,
4629,Inventory,Discovery,Unknown,Unknown,Unknown,Unknown,Groceries,Neutral,Low,
4630,Inventory,Discovery,Specialty parmesan is hard to find locally.,Lack of Awareness,Better local availability of specialty items.,Unknown,Groceries,Neutral,Low,
4631,Delivery,Delivery,Unknown,Unknown,Fast delivery services.,Unknown,Groceries,Neutral,Low,
4633,Inventory,Discovery,Fresh cheeses expire quickly and are near expiry when delivered.,Trust,Fresher product stock with longer shelf life.,Unknown,Groceries,Negative,High,Trust
4635,Categories,Browsing,Users are stuck buying the same brand and fail to explore.,Habit,Better category exposure to try new brands.,Categories,Groceries,Negative,Medium,
4636,Inventory,Discovery,Unknown,Unknown,Unknown,Unknown,Groceries,Neutral,Low,
4637,Inventory,Discovery,Unknown,Unknown,Unknown,Unknown,Groceries,Neutral,Low,
4638,General Experience,Discovery,Unknown,Unknown,Unknown,Unknown,Unknown,Neutral,Low,
4639,General Experience,Discovery,Unknown,Unknown,Unknown,Unknown,Unknown,Neutral,Low,
4640,General Experience,Discovery,Unknown,Unknown,Unknown,Unknown,Groceries,Positive,Low,
4641,General Experience,Discovery,Unknown,Unknown,Unknown,Unknown,Groceries,Positive,Low,
4642,Pricing,Discovery,Prices are too high.,Price Concern,Lower prices.,Unknown,Groceries,Mixed,Medium,
4643,Search,Searching,Hard to find specific items.,Lack of Awareness,Better product availability.,Search,Groceries,Positive,Medium,
4644,Inventory,Discovery,Unknown,Unknown,Unknown,Unknown,Groceries,Positive,Low,
4645,Inventory,Discovery,Unknown,Unknown,Unknown,Unknown,Groceries,Positive,Low,
4646,General Experience,Discovery,Unknown,Unknown,Unknown,Unknown,Groceries,Neutral,Low,
4651,General Experience,Discovery,Unknown,Unknown,Unknown,Unknown,Unknown,Positive,Low,
4653,Checkout,Checkout,Hidden charges increase total order cost.,Price Concern,Transparent pricing without hidden fees.,Unknown,Unknown,Negative,High,
4657,Checkout,Checkout,Too many hidden fees added.,Price Concern,No extra fees.,Unknown,Unknown,Negative,High,
4658,Checkout,Checkout,Delivery fees are annoying.,Price Concern,Free delivery.,Unknown,Unknown,Negative,Medium,
4659,Checkout,Checkout,Hidden fees are shocking.,Price Concern,Transparent billing.,Unknown,Unknown,Negative,High,
4661,Pricing,Checkout,High prices exploit user laziness.,Price Concern,Lower pricing.,Unknown,Unknown,Negative,Medium,
4662,Offers,Checkout,Dependent on discounts to use app.,Price Concern,Consistent discounts.,Offers,Unknown,Mixed,Medium,
4663,Inventory,Selection,Products near expiry date are sold.,Trust,Fresh products with long expiry.,Unknown,Groceries,Negative,High,
4667,Pricing,Discovery,Products are much more expensive online.,Price Concern,Fair pricing compared to local stores.,Unknown,Groceries,Negative,High,
4669,General Experience,Discovery,Unknown,Habit,Unknown,Unknown,Groceries,Neutral,Low,
4671,General Experience,Discovery,Unknown,Habit,Unknown,Unknown,Groceries,Neutral,Low,
4672,Offers,Checkout,Promo discounts are no longer provided.,Price Concern,Provide better promo discounts.,Offers,Unknown,Negative,Medium,
4673,General Experience,Discovery,E-commerce pricing lacks transparency.,Price Concern,Support local vendors instead.,Unknown,Unknown,Negative,Low,
4674,Checkout,Checkout,Multiple hidden fees are added at checkout.,Price Concern,Show a clear delivery fee.,Unknown,Unknown,Negative,High,
4675,Pricing,Checkout,Actual product prices are higher than competitors.,Price Concern,Lower product prices.,Unknown,Groceries,Negative,High,
4676,Offers,Checkout,Paid memberships result in higher charges.,Price Concern,Remove membership extra charges.,Offers,Unknown,Negative,High,
4677,Pricing,Checkout,Product prices are inflated to cover membership fees.,Price Concern,Keep transparent pricing without inflation.,Offers,Unknown,Negative,High,
4678,Delivery,Delivery,Quick commerce delivery is slow sometimes.,Habit,Ensure faster delivery times.,Unknown,Groceries,Neutral,Low,
4679,Pricing,Discovery,Regular users get higher prices on items.,Habit,Fair pricing for regular users.,Unknown,Groceries,Negative,Medium,
4680,Checkout,Checkout,Handling fees increase slowly over time.,Price Concern,Lower handling fees.,Unknown,Unknown,Negative,Medium,
4681,General Experience,Discovery,Convenience apps capitalize on user laziness.,No Need,Unknown,Unknown,Unknown,Neutral,Low,
4684,Checkout,Checkout,Delivery charges and tips add up.,Price Concern,Remove mandatory delivery fees.,Unknown,Unknown,Negative,Medium,
4685,Offers,Checkout,Subscription pricing changes over time.,Price Concern,Maintain stable subscription pricing.,Offers,Unknown,Neutral,Low,
4686,Checkout,Checkout,Hidden charges appear at the click of a button.,Price Concern,Transparent charges during checkout.,Unknown,Unknown,Mixed,Medium,
4687,Offers,Checkout,Bait and switch pricing and inconsistent passes.,Price Concern,Consistent pricing and clear delivery costs.,Offers,Unknown,Negative,High,
4688,Offers,Checkout,Subscriptions feel like a scam.,Price Concern,Remove paid subscriptions.,Offers,Unknown,Negative,High,
4691,Pricing,Checkout,Pricing is unpredictable and changes frequently.,Price Concern,Consistent and transparent pricing.,Unknown,Unknown,Mixed,Medium,
4694,Delivery,Delivery,Orders are accepted and then cancelled due to closed shops.,Trust,Reliable order fulfillment.,Unknown,Unknown,Negative,High,
4695,Delivery,Post-Purchase,Quality issues and unexpected order cancellations.,Trust,Better product quality and reliable support.,Unknown,Unknown,Negative,High,
4697,General Experience,Post-Purchase,Facing continuous hard times with service.,Trust,Better customer service.,Unknown,Unknown,Negative,Medium,
4699,Delivery,Delivery,Waited long time before order cancellation.,Trust,Timely and trusted delivery.,Unknown,Unknown,Negative,High,
4702,Delivery,Delivery,Delivery was two hours late and app showed incorrect tracking.,Unknown,Accurate delivery times and proper support.,Unknown,Snacks & Beverages,Negative,High,
4703,General Experience,Delivery,Past delivery experiences caused embarrassment with guests.,Trust,Reliable delivery service.,Unknown,Unknown,Negative,High,
4704,Delivery,Delivery,Orders were cancelled due to operational issues after long delays.,Trust,Reliable and timely deliveries.,Unknown,Unknown,Negative,High,
4706,General Experience,Post-Purchase,Delivery partner kept change and customer support provided AI responses.,Trust,Human customer support and correct change.,Unknown,Groceries,Negative,High,
4709,General Experience,Post-Purchase,Customer support is nonexistent.,Trust,Responsive customer support.,Unknown,Unknown,Negative,High,
4710,Inventory,Selection,Poor experience buying electronics.,Trust,Better quality electronics.,Unknown,Electronics,Negative,Medium,
4718,Delivery,Delivery,Account was blacklisted after complaining about poor service.,Trust,Better customer service.,Unknown,Unknown,Negative,High,
4719,Pricing,Browsing,Low profit margins for local stores.,Price Concern,Fair pricing for local vendors.,Unknown,Groceries,Negative,Low,
4720,Delivery,Delivery,Glass items broke due to careless delivery handling.,Trust,Careful handling of fragile items.,Unknown,Groceries,Negative,High,
4725,Inventory,Selection,Unable to personally inspect fresh produce before buying.,Trust,Inspect fresh produce before payment.,Unknown,Groceries,Negative,Medium,
4726,General Experience,Discovery,Uncertain about produce quality and customer care.,Trust,Quality produce assurance.,Unknown,Groceries,Neutral,Low,
4727,General Experience,Browsing,Unknown,Habit,Local vendor delivery options.,Unknown,Groceries,Neutral,Low,
4728,Delivery,Post-Purchase,Rare bad quality produce incidents.,Unknown,Easy on-the-spot returns.,Unknown,Groceries,Positive,Low,
4729,General Experience,Browsing,Unknown,Unknown,Good quality delivery options.,Unknown,Groceries,Positive,Low,
4730,General Experience,Browsing,Street vendors can be rude.,Unknown,Better shopping alternatives.,Unknown,Groceries,Neutral,Low,
4731,General Experience,Delivery,Unknown,Unknown,Consistent good quality items.,Unknown,Groceries,Positive,Low,
4732,Inventory,Selection,Quantity is always a disappointment.,Limited Information,Clear quantity information.,Unknown,Groceries,Negative,Medium,
4733,Categories,Discovery,Advertised freshness does not match reality.,Lack of Awareness,Accurate product advertisements.,Homepage,Groceries,Neutral,Low,
4734,Inventory,Selection,Quick commerce veggies spoil faster and include poor quality leaves.,Trust,Fresh and high quality vegetables.,Unknown,Groceries,Negative,Medium,
4767,General Experience,Discovery,Terms are not disclosed properly.,Trust,Transparent terms and conditions.,Unknown,Groceries,Negative,High,
4783,Delivery,Delivery,10 minute delivery is too rushed and unrealistic.,Unknown,Reasonable delivery time windows.,Unknown,Unknown,Neutral,Medium,
4784,Delivery,Delivery,10 minute delivery is impractical given travel time.,Unknown,Realistic delivery time expectations.,Unknown,Unknown,Negative,Medium,
4786,Delivery,Delivery,Demand for instant delivery driven by privileged users.,Unknown,Safer delivery practices.,Unknown,Unknown,Negative,High,
4808,Delivery,Delivery,10 minute delivery policy causes dangerous driving.,Unknown,Safer delivery policies without rushing.,Unknown,Unknown,Negative,High,
4809,General Experience,Discovery,Unknown,Unknown,Unknown,Unknown,Unknown,Neutral,Low,
4819,Delivery,Delivery,High delivery fees charged for faster delivery.,Price Concern,Lower delivery fees.,Unknown,Unknown,Neutral,Medium,
4834,Pricing,Selection,Extremely high prices for tiny items.,Price Concern,Fair pricing on products.,Unknown,Snacks & Beverages,Negative,High,
4852,Inventory,Browsing,Unknown,Unknown,Unknown,Unknown,Groceries,Neutral,Low,
4853,General Experience,Browsing,Unknown,Unknown,Unknown,Unknown,Household Essentials,Neutral,Low,
4854,Delivery,Delivery,Unknown,Unknown,Unknown,Unknown,Unknown,Neutral,Low,
4856,Delivery,Delivery,Workers are not paid enough for instant delivery.,Unknown,Better working conditions for delivery staff.,Unknown,Snacks & Beverages,Negative,High,
4858,Cart,Selection,Items are packed immediately upon adding to cart.,App Experience,Better control over order processing timing.,Unknown,Unknown,Neutral,Medium,
4865,Inventory,Browsing,Basic seasonal items missing.,Limited Information,Better seasonal inventory availability.,Unknown,Household Essentials,Neutral,Medium,
4905,Pricing,Browsing,Prices are expected to increase soon.,Price Concern,Affordable and stable pricing.,Unknown,Unknown,Negative,Medium,
4906,Pricing,Selection,Unknown,Unknown,Reliable product availability.,Unknown,Unknown,Positive,Low,
4942,General Experience,Discovery,Unknown,Unknown,Fresh fruit options.,Unknown,Groceries,Neutral,Low,
4943,Delivery,Delivery,Unknown,Unknown,Fast and accurate delivery.,Unknown,Groceries,Positive,Low,
4949,General Experience,Post-Purchase,Unknown,Unknown,Easy ordering process.,Recommendations,Groceries,Positive,Low,
4951,Inventory,Discovery,Store availability unclear during night hours.,Lack of Awareness,Clear operational hours.,Unknown,Unknown,Neutral,Medium,
4952,General Experience,Discovery,Store forced to close early due to local rules.,Unknown,24/7 uninterrupted service availability.,Unknown,Unknown,Negative,High,
4954,Inventory,Browsing,Store closed unexpectedly during night time emergencies.,App Experience,Ensure 24/7 store availability.,Unknown,Snacks & Beverages,Negative,High,
4955,Inventory,Browsing,Stores are closing early at night in Hyderabad.,App Experience,Keep night services operational.,Unknown,Unknown,Negative,Medium,
4957,Inventory,Browsing,Store showing closed status.,App Experience,Accurate store open status.,Unknown,Unknown,Negative,Medium,
4958,Inventory,Browsing,Store closed late at night.,App Experience,Keep stores open late.,Unknown,Unknown,Negative,Medium,
4959,Inventory,Browsing,Stores closed due to rain and night time.,App Experience,Operational continuity during rain.,Unknown,Unknown,Negative,Medium,
4960,Inventory,Browsing,Inconsistent store timings across locations.,App Experience,Consistent 24/7 availability.,Unknown,Unknown,Neutral,Low,
4961,Inventory,Browsing,Store closed despite expectations of 24/7 service.,App Experience,Reliable 24/7 service.,Unknown,Unknown,Neutral,Low,
4962,Inventory,Browsing,Temporary store closure due to rain.,App Experience,Faster reopening after rain.,Unknown,Unknown,Neutral,Low,
4963,General Experience,Browsing,Competitor stays open longer.,App Experience,Extend operating hours.,Unknown,Unknown,Neutral,Low,
4964,General Experience,Browsing,Unknown,Unknown,Unknown,Unknown,Unknown,Neutral,Low,
4965,Inventory,Browsing,Quick commerce services close after midnight.,App Experience,All night delivery services.,Unknown,Unknown,Neutral,Low,
4966,General Experience,Browsing,Unknown,Unknown,Unknown,Unknown,Unknown,Neutral,Low,
4969,General Experience,Checkout,Unknown,Unknown,Unknown,Unknown,Unknown,Positive,Low,
4971,Inventory,Discovery,Unknown,Lack of Awareness,Seasonal availability details.,Unknown,Groceries,Neutral,Low,
4972,Inventory,Discovery,Unknown,Unknown,Unknown,Unknown,Groceries,Neutral,Low,
4973,Categories,Discovery,Unknown,Unknown,Unknown,Unknown,Snacks & Beverages,Positive,Low,
4977,Inventory,Post-Purchase,Quality concerns with cut fruits.,Trust,Better fresh food quality checks.,Unknown,Groceries,Negative,Medium,
4978,Inventory,Post-Purchase,Doubtful about Blinkit fruit quality.,Trust,Higher quality produce delivery.,Unknown,Groceries,Mixed,Medium,
4979,Categories,Discovery,Unknown,Unknown,More custom options for cut fruits.,Unknown,Groceries,Neutral,Low,
4984,Pricing,Browsing,Unknown,Price Concern,Better pricing on fruits.,Unknown,Groceries,Neutral,Low,
4985,Inventory,Browsing,Items go out of stock very quickly.,Habit,Better stock availability.,Unknown,Electronics,Neutral,Medium,
4995,Inventory,Browsing,Popular items are quickly bought by resellers.,Habit,Fair stock distribution.,Unknown,Electronics,Neutral,Low,
4996,Inventory,Browsing,Unknown,Unknown,Unknown,Unknown,Electronics,Positive,Low,
4997,Search,Searching,Manual search does not work for products.,App Experience,Improve search functionality.,Search,Electronics,Negative,High,
4998,Inventory,Browsing,Products remain out of stock for a long time.,Unknown,Maintain steady inventory.,Unknown,Electronics,Negative,High,
4999,Pricing,Browsing,Prices have increased online.,Price Concern,Lower prices.,Unknown,Electronics,Negative,Medium,
5000,General Experience,Discovery,Unknown,Unknown,Stock notifications.,Unknown,Electronics,Positive,Low,
5004,General Experience,Discovery,Unknown,Unknown,Unknown,Unknown,Unknown,Neutral,Low,
5005,Inventory,Searching,Desired item is unavailable everywhere.,Unknown,Better product availability.,Search,Electronics,Negative,High,
5008,General Experience,Post-Purchase,Product excitement wore off quickly.,No Need,Unknown,Unknown,Electronics,Negative,Low,
5022,Pricing,Checkout,Unknown,Unknown,Fair MRP pricing.,Unknown,Electronics,Positive,Low,
5023,General Experience,Post-Purchase,Unknown,Unknown,Unknown,Unknown,Electronics,Positive,Low,
5024,Inventory,Browsing,Popular items are continuously out of stock.,Unknown,Better inventory availability.,Unknown,Electronics,Neutral,Medium,
5025,General Experience,Discovery,Unknown,Unknown,Unknown,Unknown,Unknown,Neutral,Low,
5031,Inventory,Discovery,Unknown,Unknown,Unknown,Unknown,Electronics,Positive,Low,
5032,Inventory,Browsing,Limited stock sells out within minutes.,Habit,Higher stock quantities.,Unknown,Electronics,Neutral,Medium,
5033,Inventory,Checkout,Items sell out within one minute.,Habit,Faster checkout or more stock.,Unknown,Electronics,Negative,High,
5034,Inventory,Browsing,Unknown,Unknown,Unknown,Unknown,Electronics,Positive,Low,
5035,Inventory,Browsing,Desired item went out of stock.,Habit,Better stock availability.,Unknown,Electronics,Neutral,Medium,
5036,General Experience,Discovery,Unknown,Lack of Awareness,Stock alert notifications.,Unknown,Electronics,Positive,Low,
5041,Pricing,Selection,Forced to buy unwanted warranty.,Price Concern,Fair pricing without forced add-ons.,Unknown,Electronics,Negative,High,
5043,Inventory,Discovery,Items are constantly out of stock everywhere.,Limited Information,Accurate stock status and restock alerts.,Search,Electronics,Negative,High,
5044,Inventory,Discovery,Unknown,Unknown,Unknown,Unknown,Electronics,Positive,Low,
5045,Pricing,Discovery,Unknown,Unknown,Unknown,Unknown,Electronics,Neutral,Low,
5047,General Experience,Discovery,Unknown,Unknown,Unknown,Unknown,Electronics,Neutral,Low,
5048,Delivery,Discovery,Delivery coverage is limited by pincode.,App Experience,Better delivery coverage area.,Unknown,Electronics,Negative,Medium,
5049,Inventory,Discovery,Items sell out too fast due to scalpers.,Limited Information,Fair access to limited stock items.,Unknown,Electronics,Negative,High,
5056,Categories,Browsing,Unclear product differences.,Limited Information,Clear product details and comparison.,Unknown,Electronics,Neutral,Low,
5057,Categories,Browsing,Unknown,Unknown,Unknown,Unknown,Electronics,Positive,Low,
5058,Categories,Browsing,Unknown,Unknown,Unknown,Unknown,Electronics,Neutral,Low,
5063,Inventory,Discovery,Unknown,Unknown,Unknown,Unknown,Electronics,Positive,Low,
5065,General Experience,Post-Purchase,Unknown,Unknown,Unknown,Unknown,Electronics,Positive,Low,
5069,Pricing,Browsing,Unknown,Unknown,Unknown,Unknown,Electronics,Positive,Low,
5070,General Experience,Browsing,Unknown,Unknown,Unknown,Unknown,Electronics,Neutral,Low,
5071,Inventory,Discovery,Product cannot be found anywhere.,Limited Information,Better product availability.,Search,Electronics,Negative,High,
5072,General Experience,Post-Purchase,High demand leads to impulsive unused purchases.,No Need,Better purchasing guidance.,Unknown,Electronics,Negative,Low,
5073,Offers,Discovery,Unknown,Unknown,Unknown,Unknown,Electronics,Neutral,Low,
5075,General Experience,Discovery,Unknown,Unknown,Unknown,Unknown,Electronics,Neutral,Low,
5080,Inventory,Discovery,Unknown,Habit,Unknown,Unknown,Electronics,Neutral,Low,
5085,Categories,Discovery,Unsure about product authenticity.,Trust,Verified authentic product listings.,Search,Groceries,Neutral,Medium,
5086,General Experience,Discovery,Service not available in my area.,Lack of Awareness,Expand service availability to my area.,Unknown,Unknown,Neutral,Medium,
5087,Pricing,Browsing,Products sold at MRP with higher prices.,Price Concern,Lower prices and better discounts.,Unknown,Groceries,Negative,High,
5088,Inventory,Selection,Counterfeit products are being sold.,Trust,Ensure authentic product quality.,Unknown,Groceries,Negative,High,
5089,Offers,Checkout,Unknown,Unknown,Better card discounts and offers.,Offers,Groceries,Positive,Low,
5098,Inventory,Browsing,Low quality groceries and FMCG products.,Trust,Better quality grocery products.,Unknown,Groceries,Negative,High,
5099,Inventory,Browsing,Low quality FMCG products available.,Trust,Higher quality products.,Unknown,Groceries,Neutral,Medium,
5102,Homepage,Browsing,Supermarkets make you buy unnecessary things.,Habit,Buy only what is needed.,Homepage,Groceries,Negative,Medium,
5103,Pricing,Browsing,Large quantity purchases do not make economical sense.,Price Concern,Smaller quantity packaging options.,Unknown,Groceries,Neutral,Medium,
5104,Inventory,Browsing,Unknown,Unknown,Smaller quantity purchase options.,Unknown,Groceries,Neutral,Low,
5106,Pricing,Browsing,Unknown,Price Concern,Cheaper prices on app.,Unknown,Groceries,Neutral,Low,
5107,Pricing,Browsing,Higher prices compared to other online platforms.,Price Concern,Lowest prices online.,Unknown,Groceries,Positive,Medium,
5109,Pricing,Browsing,Prices need constant comparison before buying.,Price Concern,Consistent best prices.,Unknown,Groceries,Mixed,Medium,
5126,Inventory,Browsing,Unknown,Unknown,Fresh meat delivery options.,Unknown,Groceries,Neutral,Low,
5130,Pricing,Browsing,Unknown,Price Concern,Cheaper frozen chicken options.,Unknown,Groceries,Positive,Low,
5134,Inventory,Browsing,Unknown,Unknown,Fresher daily deliveries.,Unknown,Groceries,Positive,Low,
5145,Search,Discovery,Certain ice cream brands are hard to find on apps.,Lack of Awareness,Better availability of regional brands.,Search,Snacks & Beverages,Neutral,Medium,
5163,Categories,Browsing,Unknown,Unknown,More flavour options.,Categories,Snacks & Beverages,Positive,Low,
5173,Search,Discovery,Specific ice cream flavours are out of stock.,Lack of Awareness,Better stock availability for popular flavours.,Search,Snacks & Beverages,Negative,Medium,
5183,Delivery,Checkout,Delivery distance limitations.,App Experience,Wider delivery radius.,Unknown,Unknown,Neutral,Medium,
5184,Delivery,Checkout,Restricted delivery distance range.,App Experience,Longer distance delivery options.,Unknown,Unknown,Neutral,Medium,
5204,General Experience,Discovery,Unknown,Unknown,Unknown,Unknown,Personal Care,Positive,Low,
5264,General Experience,Discovery,Unknown,Unknown,Unknown,Unknown,Electronics,Neutral,Low,
5265,General Experience,Discovery,Unknown,Trust,Unknown,Unknown,Electronics,Neutral,Medium,
5266,General Experience,Discovery,Unknown,Trust,Unknown,Unknown,Electronics,Neutral,Low,
5267,General Experience,Discovery,Unknown,Unknown,Unknown,Unknown,Electronics,Neutral,Low,
5272,Pricing,Discovery,High prices for electronics compared to standard retail.,Price Concern,Fair pricing on electronic items.,Unknown,Electronics,Negative,High,
5273,Pricing,Discovery,High prices for electronics.,Price Concern,Lower prices.,Unknown,Electronics,Negative,Medium,
5282,Cart,Checkout,Total cart price with extra charges is not clearly displayed.,App Experience,Display total cart price with all charges included.,Unknown,Unknown,Neutral,Medium,
5283,Search,Searching,Search results are irrelevant unless exact full name is used.,App Experience,Improve search keyword matching.,Search,Snacks & Beverages,Negative,High,
5286,General Experience,Post-Purchase,Unknown,Unknown,Unknown,Unknown,Unknown,Positive,Low,
5287,General Experience,Discovery,Unknown,Unknown,Unknown,Unknown,Snacks & Beverages,Positive,Low,
5288,Inventory,Post-Purchase,Received damaged or contaminated grocery items.,Trust,Better quality control on fresh produce.,Unknown,Groceries,Negative,High,
5289,General Experience,Post-Purchase,Unknown,Unknown,Unknown,Unknown,Groceries,Positive,Low,
5290,Pricing,Browsing,Organic items are priced much higher as a business strategy.,Price Concern,Fair pricing for organic fruits.,Unknown,Groceries,Negative,Medium,
5291,Offers,Discovery,Unknown,Unknown,Unknown,Unknown,Groceries,Positive,Low,
5300,Pricing,Discovery,Quick commerce apps have higher charges for electronics.,Price Concern,Lower charges on quick commerce apps.,Unknown,Electronics,Negative,Medium,
5308,Pricing,Browsing,Items on quick commerce apps have higher prices.,Price Concern,Lower prices on quick commerce apps.,Unknown,Unknown,Negative,Medium,
5309,General Experience,Discovery,Unknown,Unknown,Unknown,Unknown,Electronics,Neutral,Low,
5322,Categories,Browsing,Unknown,Unknown,Unknown,Categories,Snacks & Beverages,Positive,Low,
5323,Categories,Browsing,Unknown,Unknown,Unknown,Categories,Snacks & Beverages,Positive,Low,
5324,General Experience,Discovery,Unknown,Lack of Awareness,Try the app.,Unknown,Unknown,Positive,Low,
5325,General Experience,Discovery,Unknown,Lack of Awareness,Unknown,Unknown,Snacks & Beverages,Neutral,Low,
5326,General Experience,Discovery,Unknown,Lack of Awareness,Unknown,Unknown,Snacks & Beverages,Neutral,Low,
5327,Cart,Selection,Unknown,Habit,Find regular products easily.,Previous Orders,Groceries,Positive,Low,
5328,General Experience,Selection,Unknown,Habit,Better pricing options.,Unknown,Groceries,Neutral,Low,
5370,General Experience,Discovery,Unknown,App Experience,Compare prices easily across apps.,Unknown,Unknown,Positive,Low,
5371,Pricing,Selection,Prices may be cheaper on other platforms.,Price Concern,Lower prices.,Unknown,Unknown,Neutral,Medium,
5372,Cart,Checkout,Unknown,Unknown,Exact bill breakdown.,Unknown,Unknown,Neutral,Low,
5385,Delivery,Checkout,Additional charges applied.,Price Concern,Remove additional charges.,Unknown,Household Essentials,Positive,Medium,
5386,Delivery,Checkout,High delivery charges.,Price Concern,Lower delivery charges.,Unknown,Unknown,Negative,High,
5387,General Experience,Browsing,Unknown,Trust,Local fresh fruits.,Unknown,Groceries,Neutral,Low,
5388,General Experience,Browsing,Unknown,Habit,Quick delivery for urgent needs.,Unknown,Groceries,Positive,Low,
5389,Pricing,Selection,Unknown,Habit,Better pricing than MRP.,Unknown,Groceries,Positive,Low,
5390,Pricing,Selection,Local stores charge MRP price.,Price Concern,Lower prices.,Unknown,Groceries,Positive,Low,
5391,General Experience,Discovery,Unknown,Habit,Casual shopping experience.,Homepage,Unknown,Positive,Low,
5392,General Experience,Post-Purchase,Poor treatment of delivery workers.,Trust,Fair pay for delivery staff.,Unknown,Unknown,Negative,Medium,
5393,Pricing,Selection,Small stores sell inferior products.,Trust,Better quality products.,Unknown,Groceries,Negative,Medium,
5394,General Experience,Browsing,Unknown,Habit,Convenient shopping experience.,Unknown,Unknown,Positive,Low,
5395,Pricing,Checkout,High prices and charges.,Price Concern,Lower prices and charges.,Unknown,Snacks & Beverages,Negative,High,
5403,Offers,Selection,Unknown,Price Concern,Discounts on purchases.,Offers,Personal Care,Positive,Low,
5405,Pricing,Browsing,Unknown,Unknown,Maintain MRP pricing.,Unknown,Snacks & Beverages,Positive,Low,
5406,General Experience,Discovery,Unknown,Unknown,Unknown,Unknown,Electronics,Positive,Low,
5407,General Experience,Discovery,Unknown,Unknown,Unknown,Unknown,Unknown,Neutral,Low,
5408,Inventory,Discovery,Unknown,Unknown,Unknown,Unknown,Groceries,Positive,Low,
5409,Delivery,Discovery,Unknown,Unknown,Fast delivery.,Unknown,Groceries,Positive,Low,
5410,Inventory,Discovery,Unknown,Unknown,Late night availability.,Unknown,Groceries,Positive,Low,
5411,Inventory,Discovery,Unknown,Unknown,More unique items.,Unknown,Groceries,Positive,Low,
5412,Pricing,Discovery,Unknown,Unknown,Better price comparison.,Unknown,Groceries,Neutral,Low,
5413,Inventory,Discovery,Unknown,Unknown,Better item availability.,Unknown,Groceries,Positive,Low,
5414,Delivery,Delivery,Unexpected delivery time increases.,Unknown,Consistent delivery times.,Unknown,Groceries,Mixed,Medium,
5415,Pricing,Browsing,Unknown,Unknown,Good discounts on supplements.,Unknown,Groceries,Positive,Low,
5416,Categories,Selection,Unknown,Unknown,Custom per gram measurements.,Unknown,Groceries,Neutral,Low,
5417,Pricing,Discovery,Unknown,Unknown,Price comparison tools.,Unknown,Groceries,Neutral,Low,
5419,Categories,Browsing,Unknown,Unknown,Unknown,Unknown,Personal Care,Positive,Low,
5420,Categories,Browsing,Unknown,Unknown,Unknown,Previous Orders,Groceries,Positive,Low,
5421,Categories,Browsing,Unknown,Unknown,Unknown,Previous Orders,Groceries,Positive,Low,
5422,Inventory,Browsing,Unknown,Unknown,Good quality graded fruits.,Unknown,Groceries,Positive,Low,
5423,General Experience,Discovery,Unknown,Unknown,Unknown,Unknown,Unknown,Neutral,Low,
5424,Categories,Browsing,Unknown,Unknown,Unknown,Previous Orders,Snacks & Beverages,Positive,Low,
5425,General Experience,Browsing,Unknown,Unknown,Regular weekly delivery.,Previous Orders,Groceries,Positive,Low,
5426,Categories,Browsing,Unknown,Unknown,Discover new and unique products easily.,Homepage,Snacks & Beverages,Positive,Low,
5427,Inventory,Post-Purchase,Risk of receiving expired or adulterated products.,Trust,Ensure quality control for delivered items.,Unknown,Groceries,Negative,High,
5429,Inventory,Selection,Warehouses with huge variety suffer from expired products.,Trust,Better inventory freshness management.,Unknown,Groceries,Negative,High,
5430,General Experience,Discovery,Packaged goods cause environmental plastic waste.,No Need,Shift to fresh and unpackaged foods.,Unknown,Groceries,Negative,Medium,
5431,Inventory,Selection,Unknown,Unknown,Maintain trust in packaged brand products.,Unknown,Snacks & Beverages,Positive,Low,
5435,General Experience,Selection,Newer companies lack proper systems and reliability.,Trust,Reliable systems from established companies.,Unknown,Groceries,Negative,Medium,
5436,General Experience,Post-Purchase,Unknown,Unknown,Consistent product quality over time.,Unknown,Groceries,Positive,Low,
5437,General Experience,Post-Purchase,Lack of proper systems and escalations.,Trust,Proper support systems and escalations.,Unknown,Groceries,Neutral,Medium,
5439,Checkout,Checkout,Poor customer support refund experiences.,Trust,Reliable refunds and delivery service.,Unknown,Groceries,Positive,Medium,
5440,General Experience,Post-Purchase,Poor customer support and increasing prices.,Price Concern,Better customer support response.,Unknown,Groceries,Negative,High,
5443,Inventory,Post-Purchase,Decreased product quality over time.,Trust,Consistent product quality.,Unknown,Groceries,Negative,High,
5470,General Experience,Post-Purchase,Poor management leading to lack of faith.,Trust,Better platform management.,Unknown,Unknown,Negative,High,
5479,Cart,Checkout,Cannot easily view final price breakdown for multiple items.,App Experience,Transparent final price breakdown.,Unknown,Unknown,Neutral,Medium,
5480,Cart,Checkout,Comparing entire cart prices across apps is complicated.,App Experience,Easy cart price comparison across apps.,Unknown,Unknown,Neutral,Low,
5481,General Experience,Discovery,Unknown,Unknown,Seamless sign-up process.,Unknown,Unknown,Positive,Low,
5482,Pricing,Browsing,Prices of groceries are not completely accurate.,Price Concern,Accurate grocery pricing.,Unknown,Groceries,Mixed,Medium,
5483,Pricing,Browsing,Location mismatch causes inaccurate prices.,Price Concern,Accurate prices based on location.,Unknown,Groceries,Neutral,Low,
5484,Pricing,Browsing,Inaccurate pricing specifically on Zepto.,Price Concern,Accurate pricing across all apps.,Unknown,Groceries,Neutral,Low,
5486,General Experience,Post-Purchase,Unknown,Unknown,Continued good app experience.,Unknown,Unknown,Positive,Low,
5490,General Experience,Post-Purchase,Unknown,Unknown,Reliable everyday app experience.,Unknown,Groceries,Positive,Low,
5575,Inventory,Discovery,Product is unavailable on the platform.,Lack of Awareness,Make new products available.,Unknown,Snacks & Beverages,Neutral,Medium,
5576,Inventory,Discovery,Desired ginger biscuits are constantly out of stock.,Lack of Awareness,Better stock availability for biscuits.,Unknown,Snacks & Beverages,Negative,High,
5604,General Experience,Discovery,Unknown,Unknown,Unknown,Unknown,Unknown,Neutral,Low,
5622,Pricing,Browsing,The price hike is insane.,Price Concern,Lower product prices.,Unknown,Groceries,Negative,High,
5623,Pricing,Browsing,Prices were hiked recently.,Price Concern,Stable and fair pricing.,Unknown,Groceries,Negative,Medium,
5624,Pricing,Browsing,Prices keep increasing frequently.,Price Concern,Lower prices.,Unknown,Groceries,Negative,Medium,
5625,Pricing,Browsing,Product quantity price has doubled.,Price Concern,Affordable pricing.,Unknown,Groceries,Negative,High,
5626,Pricing,Browsing,Yogurt prices have gone up significantly.,Price Concern,Affordable yogurt prices.,Unknown,Groceries,Negative,Medium,
5627,Pricing,Browsing,High prices driving need for alternatives.,Price Concern,Find cheaper product alternatives.,Unknown,Groceries,Neutral,Medium,
5628,Pricing,Browsing,High pricing for volume.,Price Concern,Better value for money.,Unknown,Groceries,Neutral,Low,
5629,Pricing,Browsing,Unknown,Unknown,Compare prices across shops.,Unknown,Groceries,Neutral,Low,
5630,Offers,Checkout,Prices remain high even with credit cards.,Price Concern,Better discounts and offers.,Unknown,Groceries,Neutral,Medium,
5632,General Experience,Browsing,Unknown,Trust,Quality product assurance.,Unknown,Groceries,Positive,Low,
5633,Pricing,Browsing,Rapid price increases in short periods.,Price Concern,Consistent pricing.,Unknown,Snacks & Beverages,Neutral,Medium,
5634,Pricing,Browsing,Raw material costs driving up retail prices.,Price Concern,Justification for price changes.,Unknown,Snacks & Beverages,Neutral,Low,
5635,Pricing,Browsing,Formula changes and price increases hurt product appeal.,Price Concern,Original product formula and lower price.,Unknown,Snacks & Beverages,Negative,Medium,
5636,General Experience,Post-Purchase,Unknown,Unknown,Clear manufacturing dates.,Unknown,Snacks & Beverages,Positive,Low,
5638,Pricing,Browsing,Storage time affects product pricing unfairly.,Price Concern,Fair pricing based on storage.,Unknown,Snacks & Beverages,Neutral,Low,
5639,Inventory,Browsing,Inconsistent batch variations.,Limited Information,Consistent product batches.,Unknown,Snacks & Beverages,Neutral,Low,
5640,Categories,Browsing,Packaging material differences cause confusion in pricing.,Limited Information,Clear packaging material details.,Unknown,Groceries,Neutral,Low,
5646,Homepage,Browsing,Unknown,Unknown,Unknown,Homepage,Snacks & Beverages,Positive,Low,
5647,General Experience,Discovery,Unknown,Habit,Unknown,Unknown,Electronics,Positive,Low,
5655,Pricing,Checkout,High handling fees compared to discounts.,Price Concern,Lower fees.,Offers,Unknown,Negative,Medium,
5656,Pricing,Checkout,No actual discount received.,Price Concern,Better discounts.,Offers,Unknown,Negative,Low,
5657,General Experience,Post-Purchase,No return policy mentioned.,Trust,Clear return policy.,Unknown,Electronics,Negative,High,
5658,Offers,Discovery,Items go out of stock quickly.,Unknown,Better stock availability.,Offers,Unknown,Positive,Low,
5671,Offers,Discovery,Unknown,Unknown,Unknown,Offers,Unknown,Positive,Low,
5672,Offers,Post-Purchase,Unknown,Unknown,Unknown,Offers,Unknown,Positive,Low,
5673,Offers,Discovery,Unknown,Unknown,Unknown,Offers,Unknown,Positive,Low,
5674,General Experience,Discovery,Unknown,Unknown,Unknown,Unknown,Unknown,Neutral,Low,
5675,Pricing,Discovery,Huge discounts raise product authenticity concerns.,Trust,Authentic product guarantee.,Offers,Unknown,Neutral,Medium,
5676,Offers,Discovery,Unknown,Trust,Unknown,Offers,Unknown,Positive,Low,
5708,Cart,Post-Purchase,Price charged higher than MRP and order missing in history.,Trust,Accurate billing and order history.,Unknown,Unknown,Negative,High,
5719,Delivery,Discovery,Unknown,Lack of Awareness,Clear delivery timings.,Unknown,Unknown,Neutral,Low,
5978,General Experience,Post-Purchase,Unclear return and refund process for expired or wrong items.,Trust,Clear return policy.,Unknown,Unknown,Negative,High,
5979,Homepage,Discovery,Homepage is not loading any products.,App Experience,Working homepage products.,Homepage,Unknown,Negative,High,
5983,Homepage,Discovery,Location not confirmed and products not showing.,App Experience,Accurate location and product visibility.,Homepage,Unknown,Negative,High,
5984,Delivery,Discovery,Service availability unclear for rural areas.,Lack of Awareness,Service availability in rural areas.,Unknown,Unknown,Neutral,Medium,
5986,General Experience,Discovery,Unknown,Lack of Awareness,Bulk ordering for shops.,Unknown,Groceries,Neutral,Low,
5987,Inventory,Searching,Requested item is not available.,Limited Information,Better product availability.,Search,Unknown,Negative,Medium,
5988,General Experience,Post-Purchase,Unclear return process for damaged items.,Trust,Clear instructions for product returns.,Unknown,Unknown,Negative,High,
5989,Pricing,Selection,Products are more expensive compared to local shops.,Price Concern,Lower prices on items.,Unknown,Unknown,Negative,Medium,
5998,General Experience,Discovery,Service is not available in my area.,Lack of Awareness,Expand service to more areas.,Unknown,Unknown,Negative,High,
6000,General Experience,Discovery,Service is not available in my location.,Lack of Awareness,Expand service availability to my location.,Unknown,Unknown,Negative,High,
6003,General Experience,Discovery,Uncertain about product quality.,Trust,Assurance of product quality.,Unknown,Unknown,Neutral,Medium,
6018,General Experience,Discovery,Service not available in rural areas.,Lack of Awareness,Expand delivery to rural places.,Unknown,Unknown,Negative,High,
6026,Checkout,Checkout,Unclear about minimum order value and delivery charges.,Limited Information,Clear display of delivery charges and minimum orders.,Unknown,Unknown,Neutral,Medium,
6046,General Experience,Discovery,Service not available in villages.,Lack of Awareness,Service in villages.,Unknown,Unknown,Neutral,Medium,
6050,Pricing,Browsing,Unsure if grocery items are cheap.,Price Concern,Affordable grocery items.,Unknown,Groceries,Neutral,Low,
6053,General Experience,Discovery,Service is not available for all cities.,Lack of Awareness,Availability in all cities.,Unknown,Unknown,Negative,High,
6056,General Experience,Discovery,Service not available in my location.,Lack of Awareness,Service availability in my area.,Unknown,Unknown,Negative,High,
6057,Pricing,Checkout,Items are expensive and extra charges are added.,Price Concern,Lower prices and no extra charges.,Unknown,Unknown,Negative,High,
6175,General Experience,Browsing,Local markets preferred over quick commerce in tier 2 cities.,Habit,Better value to attract tier 2 cities.,Unknown,Unknown,Neutral,Medium,
6253,General Experience,Discovery,Delivery not available for this location.,Lack of Awareness,Delivery in my location.,Unknown,Unknown,Negative,High,
6270,Delivery,Delivery,Delivery partners face issues delivering to room doors.,App Experience,Better delivery partner processes.,Unknown,Unknown,Negative,Medium,
6343,General Experience,Selection,Unclear product details before selection.,Limited Information,See product details before selecting.,Unknown,Unknown,Neutral,Medium,
6365,General Experience,Post-Purchase,Dealing with difficult customers.,Unknown,Unknown,Unknown,Unknown,Neutral,Low,
6369,General Experience,Post-Purchase,Unknown,Unknown,Unknown,Unknown,Personal Care,Positive,Low,
6463,General Experience,Discovery,Blinkit service is not operational in my area.,Lack of Awareness,Start service in my area.,Unknown,Unknown,Negative,High,
6516,General Experience,Discovery,Unknown,Unknown,Information on delivery partner work.,Unknown,Unknown,Neutral,Low,
6649,Search,Discovery,Unknown,Unknown,Fast food delivery.,Search,Snacks & Beverages,Positive,Low,
6678,General Experience,Discovery,Unknown,Habit,Unknown,Unknown,Unknown,Neutral,Low,
6702,General Experience,Discovery,Unknown,Unknown,Account sharing clarity.,Unknown,Unknown,Neutral,Low,
6714,Pricing,Browsing,Prices have increased.,Price Concern,Lower prices.,Unknown,Unknown,Negative,Medium,
6717,General Experience,Post-Purchase,Unknown,Unknown,Unknown,Unknown,Groceries,Positive,Low,
6719,Pricing,Browsing,Prices have increased.,Price Concern,Transparent pricing.,Unknown,Unknown,Negative,Medium,
6764,General Experience,Discovery,Competitor app is better.,App Experience,Better app experience.,Unknown,Unknown,Negative,Medium,
6775,General Experience,Discovery,Unknown,Unknown,Unknown,Unknown,Unknown,Neutral,Low,
6813,Delivery,Delivery,Order delivered to wrong flat.,Trust,Accurate delivery address.,Unknown,Unknown,Mixed,Medium,
6848,Pricing,Checkout,Charged higher price than labeled.,Price Concern,Correct billing.,Unknown,Groceries,Negative,High,
6850,Checkout,Checkout,Fraudulent charges and short supply.,Trust,Secure checkout and complete delivery.,Unknown,Groceries,Negative,High,
6867,General Experience,Post-Purchase,Strict return policy for electronics.,Trust,Easy return policy.,Unknown,Electronics,Negative,High,
6868,Inventory,Delivery,Poor packaging for electronics.,Trust,Better packaging for electronics.,Unknown,Electronics,Negative,High,
6871,Categories,Browsing,Unknown,Unknown,Unknown,Categories,Electronics,Neutral,Low,
6880,Categories,Browsing,Unknown,Unknown,More unique categories.,Categories,Unknown,Positive,Low,
6881,Pricing,Browsing,Unknown,Price Concern,Price comparison for games.,Search,Electronics,Neutral,Low,
6882,Categories,Browsing,Unknown,Unknown,Showpiece and lighting options.,Categories,Household Essentials,Positive,Low,
6883,Categories,Browsing,Unknown,Unknown,Cool tech gadgets.,Categories,Electronics,Positive,Low,
6884,Categories,Browsing,Unknown,Unknown,Better product design.,Categories,Electronics,Positive,Low,
6885,Delivery,Discovery,Delayed delivery forces local shopping.,App Experience,Same day delivery.,Unknown,Groceries,Negative,Medium,
6888,General Experience,Discovery,Unknown,Unknown,Unknown,Unknown,Electronics,Positive,Low,
6890,Pricing,Selection,Prices are higher than offline stores.,Price Concern,Lower prices.,Unknown,Electronics,Negative,Medium,
6895,Pricing,Selection,Suspiciously low prices cause product trust issues.,Trust,Product authenticity assurance.,Unknown,Electronics,Neutral,Medium,
6899,Inventory,Discovery,Specific brand items are missing.,Lack of Awareness,Add better electronic brands.,Unknown,Electronics,Neutral,Low,
6902,Pricing,Selection,Laptop prices are going crazy.,Price Concern,Affordable pricing.,Unknown,Electronics,Negative,High,
6903,Pricing,Selection,Unknown,Unknown,Good value for money.,Unknown,Electronics,Positive,Low,
6904,Pricing,Selection,Items are cheaper in local shops.,Price Concern,Competitive pricing.,Unknown,Electronics,Negative,Medium,
6907,General Experience,Post-Purchase,Unknown,Unknown,Unknown,Unknown,Electronics,Positive,Low,
6908,Categories,Discovery,Product usage details are unclear.,Limited Information,Better product details.,Unknown,Electronics,Neutral,Low,
6919,Inventory,Discovery,Gadgets are not available in local dark stores.,Lack of Awareness,Better local inventory.,Unknown,Electronics,Negative,High,
6925,Recommendations,Discovery,Impulsive ordering based on visuals.,Habit,Better control over purchases.,Homepage,Electronics,Mixed,Low,
6939,General Experience,Post-Purchase,Unknown,Unknown,Unknown,Unknown,Electronics,Positive,Low,
6945,General Experience,Post-Purchase,Felt scammed by a product purchase.,Trust,Better product quality.,Unknown,Electronics,Negative,High,
6946,Delivery,Discovery,Quick commerce delivery does not reach most places.,App Experience,Wider delivery coverage.,Unknown,Unknown,Negative,High,
6954,Categories,Browsing,Unknown,Unknown,More car gadget options.,Categories,Electronics,Neutral,Low,
6957,Categories,Browsing,Unknown,Unknown,More car utility products.,Categories,Electronics,Neutral,Low,
6958,General Experience,Post-Purchase,Unknown,Unknown,Unknown,Unknown,Electronics,Positive,Low,
6963,Delivery,Delivery,Unknown,Unknown,Maintain fast delivery times.,Unknown,Unknown,Positive,Low,
6964,Homepage,Discovery,Unknown,Unknown,Unknown,Homepage,Electronics,Positive,Low,
6965,Homepage,Discovery,Unknown,Unknown,Unknown,Homepage,Electronics,Positive,Low,
6966,General Experience,Discovery,Unknown,Lack of Awareness,Unknown,Unknown,Household Essentials,Positive,Low,
6967,Delivery,Post-Purchase,Unknown,Unknown,Unknown,Unknown,Unknown,Positive,Low,
6968,Delivery,Post-Purchase,Unknown,Unknown,Unknown,Unknown,Unknown,Positive,Low,
6969,General Experience,Discovery,Unknown,Unknown,Unknown,Unknown,Electronics,Positive,Low,
6970,Delivery,Post-Purchase,Unknown,Unknown,Unknown,Unknown,Unknown,Positive,Low,
6971,General Experience,Discovery,Unknown,Unknown,Unknown,Unknown,Electronics,Positive,Low,
6972,General Experience,Discovery,Unknown,Lack of Awareness,Unknown,Unknown,Unknown,Positive,Low,
6973,General Experience,Discovery,Unknown,Lack of Awareness,Unknown,Unknown,Unknown,Neutral,Low,
6974,Delivery,Post-Purchase,Unknown,Unknown,Unknown,Unknown,Unknown,Positive,Low,
6975,General Experience,Discovery,Unknown,Unknown,Unknown,Unknown,Electronics,Positive,Low,
6976,General Experience,Discovery,Unknown,Unknown,Unknown,Unknown,Electronics,Positive,Low,
6977,General Experience,Discovery,Unknown,Unknown,Unknown,Unknown,Electronics,Positive,Low,
6979,General Experience,Discovery,Unknown,Lack of Awareness,Unknown,Unknown,Unknown,Neutral,Medium,
6981,General Experience,Discovery,Unknown,Unknown,Unknown,Unknown,Household Essentials,Positive,Low,
6982,General Experience,Discovery,Unknown,Unknown,Unknown,Unknown,Electronics,Positive,Low,
6985,General Experience,Discovery,Unknown,Unknown,Unknown,Unknown,Electronics,Positive,Low,
6986,General Experience,Browsing,Unknown,Unknown,Unknown,Unknown,Electronics,Positive,Low,
6987,General Experience,Discovery,Unknown,Unknown,Unknown,Unknown,Electronics,Positive,Low,
6989,General Experience,Discovery,Unknown,Unknown,Unknown,Unknown,Household Essentials,Positive,Low,
6990,General Experience,Discovery,Unknown,Unknown,Unknown,Unknown,Household Essentials,Positive,Low,
6991,General Experience,Discovery,Unknown,Unknown,Unknown,Unknown,Electronics,Positive,Low,
6993,General Experience,Discovery,Unknown,Unknown,Unknown,Unknown,Electronics,Positive,Low,
6995,General Experience,Discovery,Unknown,Unknown,Unknown,Unknown,Electronics,Positive,Low,
6997,General Experience,Discovery,Unknown,Unknown,Unknown,Unknown,Unknown,Positive,Low,
6998,General Experience,Discovery,Unknown,Unknown,Unknown,Unknown,Unknown,Neutral,Low,
7000,General Experience,Discovery,Unknown,Lack of Awareness,Learn about Blinkit.,Unknown,Unknown,Positive,Low,
7001,General Experience,Discovery,Unknown,Unknown,Unknown,Unknown,Electronics,Positive,Low,
7002,General Experience,Discovery,Unknown,Unknown,Unknown,Unknown,Unknown,Neutral,Low,
7004,General Experience,Discovery,Unknown,Unknown,Unknown,Unknown,Electronics,Positive,Low,
7005,General Experience,Discovery,Unknown,Unknown,Unknown,Unknown,Electronics,Positive,Low,
7006,General Experience,Discovery,Unknown,Unknown,Unknown,Unknown,Unknown,Neutral,Low,
7007,General Experience,Discovery,Unknown,Unknown,Unknown,Unknown,Unknown,Positive,Low,
7008,General Experience,Discovery,Unknown,Lack of Awareness,Unknown,Unknown,Electronics,Positive,Low,
7009,General Experience,Discovery,Unknown,Unknown,Unknown,Unknown,Electronics,Positive,Low,
7012,Offers,Selection,Unknown,Unknown,Better coupons.,Offers,Electronics,Positive,Low,
7013,Checkout,Post-Purchase,Return policy is really bad.,Trust,Better return policy.,Unknown,Unknown,Negative,High,
7014,Inventory,Discovery,Product is unavailable.,Unknown,Stock ps5.,Unknown,Electronics,Negative,Medium,
7015,Inventory,Discovery,Product is unavailable.,Unknown,Stock ps5.,Unknown,Electronics,Negative,Medium,
7016,Inventory,Discovery,Product is unavailable.,Unknown,Stock gaming controllers.,Unknown,Electronics,Neutral,Low,
7018,General Experience,Discovery,Unknown,Lack of Awareness,Unknown,Unknown,Electronics,Positive,Low,
7019,Inventory,Searching,Second hand items are unavailable.,Unknown,Add second hand products.,Search,Electronics,Neutral,Low,
7020,Homepage,Discovery,Unknown,Unknown,Unknown,Homepage,Electronics,Positive,Low,
7021,Categories,Browsing,Too many gadget options cause confusion.,App Experience,Better product guidance.,Categories,Electronics,Neutral,Low,
7024,General Experience,Discovery,Unknown,Lack of Awareness,Unknown,Unknown,Unknown,Positive,Low,
7025,Homepage,Discovery,Unknown,Unknown,Unknown,Homepage,Electronics,Positive,Low,
7026,Pricing,Discovery,Unknown,Unknown,Unknown,Unknown,Unknown,Neutral,Low,
7028,Pricing,Selection,Incorrect or high pricing for lamps.,Price Concern,Accurate and lower pricing.,Unknown,Electronics,Negative,Medium,
7029,Categories,Browsing,Product descriptions or features are misleading.,Limited Information,Clearer product details.,Categories,Electronics,Negative,Medium,
7031,Categories,Selection,Warranty information and bills are missing.,Trust,Provide product warranty and bills.,Unknown,Electronics,Neutral,High,
7034,Categories,Browsing,Product images or features are misleading.,Limited Information,Accurate product descriptions.,Categories,Electronics,Negative,Medium,
7044,General Experience,Checkout,Hesitation when ordering expensive items.,Trust,Build trust for expensive items.,Unknown,Electronics,Positive,Medium,
7045,Inventory,Post-Purchase,Unknown,Unknown,Unknown,Previous Orders,Electronics,Positive,Low,
7049,Inventory,Post-Purchase,Uncertainty about product quality.,Trust,Better quality assurance.,Unknown,Electronics,Negative,Medium,
7050,Inventory,Post-Purchase,Annoying micro usb cable usage.,App Experience,Type C options for all products.,Unknown,Electronics,Negative,Low,
7052,Homepage,Discovery,Unknown,Unknown,Unknown,Homepage,Electronics,Positive,Low,
7053,Categories,Discovery,Unknown,Lack of Awareness,Better category visibility.,Categories,Household Essentials,Positive,Low,
7054,General Experience,Discovery,Unknown,Lack of Awareness,Unknown,Unknown,Unknown,Positive,Low,
7057,Categories,Discovery,Unknown,Lack of Awareness,Highlight new product categories.,Categories,Electronics,Neutral,Low,
7059,Recommendations,Discovery,Unknown,Habit,Discover new electronics easily.,Recommendations,Electronics,Positive,Low,
7060,Delivery,Discovery,Unknown,Unknown,Fast delivery transparency.,Unknown,Unknown,Neutral,Low,
7061,General Experience,Discovery,Unknown,Unknown,Unknown,Unknown,Electronics,Neutral,Low,
7063,General Experience,Discovery,Unknown,Unknown,Unknown,Unknown,Electronics,Positive,Low,
7064,Homepage,Discovery,Unknown,Lack of Awareness,Better product discovery.,Homepage,Electronics,Positive,Low,
7065,General Experience,Browsing,Unknown,Unknown,Unknown,Unknown,Electronics,Positive,Low,
7067,Delivery,Delivery,Unknown,Unknown,Unknown,Unknown,Unknown,Positive,Low,
7075,General Experience,Discovery,Unknown,Habit,More category awareness.,Unknown,Electronics,Positive,Low,
7076,General Experience,Discovery,Unknown,Unknown,Unknown,Unknown,Electronics,Neutral,Low,
7078,General Experience,Discovery,Unknown,Unknown,Unknown,Unknown,Electronics,Positive,Low,
7079,General Experience,Discovery,Unknown,Unknown,Unknown,Unknown,Unknown,Positive,Low,
7081,Homepage,Discovery,Unknown,Lack of Awareness,Better product discovery.,Homepage,Electronics,Positive,Low,
7083,General Experience,Browsing,Unknown,Unknown,Unknown,Unknown,Electronics,Positive,Low,
7084,General Experience,Discovery,Unknown,Unknown,More product reviews.,Unknown,Electronics,Neutral,Low,
7087,General Experience,Browsing,Unknown,Unknown,Unknown,Unknown,Electronics,Positive,Low,
7093,General Experience,Browsing,Unknown,Unknown,Unknown,Unknown,Electronics,Positive,Low,
7094,General Experience,Discovery,Unknown,Unknown,More product reviews.,Unknown,Electronics,Neutral,Low,
7096,Pricing,Selection,Unknown,Unknown,Competitive pricing.,Unknown,Electronics,Positive,Low,
7097,Inventory,Post-Purchase,Product has high heat emission and energy loss.,Limited Information,Better product specifications.,Unknown,Electronics,Negative,Medium,
7101,Pricing,Checkout,Extra charges applied during checkout.,Price Concern,Transparent pricing.,Unknown,Unknown,Negative,High,
7105,Inventory,Selection,Product lacks expected functionality.,Limited Information,Better product details.,Unknown,Electronics,Mixed,Medium,
7114,General Experience,Discovery,Unknown,Unknown,More product availability.,Unknown,Electronics,Positive,Low,
7115,General Experience,Post-Purchase,Return process is unclear.,Trust,Clear return policy.,Unknown,Unknown,Negative,Medium,
7116,General Experience,Discovery,Product description is misleading.,Limited Information,Accurate product details.,Unknown,Electronics,Negative,Low,
7117,Search,Searching,Unknown,Unknown,Headphones for gaming.,Search,Electronics,Neutral,Low,
7118,General Experience,Post-Purchase,Customer support does not help with warranty.,Trust,Better customer support.,Unknown,Electronics,Negative,High,
7120,General Experience,Discovery,Doubt regarding product authenticity.,Trust,Original products guarantee.,Unknown,Unknown,Neutral,Medium,
7124,Inventory,Discovery,Service not available in my city.,App Experience,Service in more cities.,Unknown,Unknown,Negative,High,
7129,General Experience,Discovery,Unknown,Unknown,Helpful shopping videos.,Unknown,Unknown,Positive,Low,
7133,General Experience,Discovery,Product is only for display purposes.,Limited Information,Better product details.,Unknown,Electronics,Neutral,Low,
7138,Pricing,Discovery,Products are cheaper on other platforms.,Price Concern,Competitive pricing.,Unknown,Unknown,Negative,Medium,
7140,General Experience,Checkout,Unknown,Unknown,Availability of bills.,Unknown,Electronics,Neutral,Low,
7141,Pricing,Checkout,Too many extra hidden charges.,Price Concern,Transparent pricing.,Unknown,Unknown,Negative,High,
7147,General Experience,Discovery,Incomplete product information shown.,Limited Information,Complete product details.,Unknown,Unknown,Negative,Medium,
7148,Inventory,Browsing,Limited variety of goods available.,App Experience,More product variety.,Unknown,Unknown,Mixed,Medium,
7152,General Experience,Post-Purchase,Unreliable return policy.,Trust,Better return policy.,Unknown,Unknown,Mixed,Medium,
7163,Inventory,Discovery,Delivery not available in rural areas.,App Experience,Delivery in rural areas.,Unknown,Unknown,Negative,High,
7164,Delivery,Post-Purchase,Unknown,Unknown,Good packaging.,Unknown,Unknown,Positive,Low,
7169,Checkout,Checkout,Cannot cancel order in time.,App Experience,Easy order cancellation.,Unknown,Unknown,Negative,High,
7181,Pricing,Discovery,Incorrect pricing displayed.,Price Concern,Accurate pricing.,Unknown,Electronics,Negative,Medium,
7184,General Experience,Post-Purchase,Unknown,Unknown,Good quality products.,Unknown,Electronics,Positive,Low,
7185,Recommendations,Discovery,Unknown,Unknown,Good sound quality speakers.,Recommendations,Electronics,Positive,Low,
7189,General Experience,Post-Purchase,Product does not meet expectations.,Limited Information,Better product descriptions.,Unknown,Electronics,Negative,Medium,
7192,General Experience,Post-Purchase,Brand quality is outdated.,Trust,Quality brand options.,Unknown,Electronics,Negative,Low,
7197,Pricing,Discovery,Price comparison shows better deals elsewhere.,Price Concern,Competitive pricing.,Unknown,Electronics,Neutral,Low,
7198,General Experience,Post-Purchase,Unknown,Unknown,Unknown,Unknown,Electronics,Positive,Low,
7201,General Experience,Checkout,Unclear replacement policy.,Trust,Clear replacement policy.,Unknown,Electronics,Neutral,Medium,
7202,Search,Searching,Need help choosing between products.,Limited Information,Product comparison assistance.,Search,Electronics,Neutral,Low,
7207,General Experience,Post-Purchase,Unknown,Unknown,Unknown,Unknown,Electronics,Positive,Low,
7214,General Experience,Discovery,Unsure about warranty and bills for electronics.,Trust,Warranty and bill assurance.,Unknown,Electronics,Neutral,High,
7216,Pricing,Discovery,Online prices are higher than offline.,Price Concern,Lower prices.,Unknown,Electronics,Negative,Medium,
7221,General Experience,Discovery,Brand listed is very old.,Trust,Updated brand listings.,Unknown,Electronics,Neutral,Low,
7234,General Experience,Post-Purchase,Unknown,Unknown,Unknown,Unknown,Electronics,Positive,Low,
7237,Delivery,Delivery,Unknown,Unknown,Fast delivery.,Unknown,Electronics,Positive,Low,
7243,General Experience,Checkout,Unclear return policy.,Trust,Easy return process.,Unknown,Electronics,Neutral,High,
7244,Checkout,Post-Purchase,Replacement request was rejected.,Trust,Hassle-free product replacement.,Unknown,Electronics,Negative,High,
7247,General Experience,Post-Purchase,Received repacked product.,Trust,Authentic sealed products.,Unknown,Electronics,Negative,High,
7261,Pricing,Discovery,Products are more expensive than competitors.,Price Concern,Competitive pricing.,Unknown,Electronics,Negative,High,
7264,General Experience,Discovery,Unsure how to buy displays online safely.,Trust,Buying guidance for electronics.,Unknown,Electronics,Neutral,Medium,
7265,General Experience,Post-Purchase,Unknown,Unknown,Unknown,Unknown,Electronics,Positive,Low,
7268,General Experience,Post-Purchase,Product quality is average for the price.,Limited Information,Better product accuracy.,Unknown,Electronics,Neutral,Medium,
7270,General Experience,Checkout,Unclear refund and replacement policy.,Trust,Clear refund policy.,Unknown,Electronics,Neutral,High,
7274,General Experience,Discovery,Service not available in the user area.,Lack of Awareness,Expand service availability to more areas.,Unknown,Unknown,Negative,Medium,
7281,General Experience,Post-Purchase,Unclear return policy information.,Limited Information,Clear return policy details.,Unknown,Unknown,Neutral,Low,
7282,Pricing,Discovery,Service not working in many areas and high prices.,Price Concern,Lower prices and wider service availability.,Unknown,Unknown,Negative,High,
7290,Delivery,Checkout,Store refused to deliver the order.,Trust,Reliable and consistent delivery fulfillment.,Unknown,Unknown,Negative,High,
7497,Delivery,Delivery,Riders rush leading to accidents.,App Experience,Slower and safer delivery timelines.,Unknown,Unknown,Negative,High,
7499,Checkout,Checkout,Unknown,Unknown,Encourage tipping for delivery partners.,Unknown,Unknown,Neutral,Low,
7500,Delivery,Delivery,Ten minute delivery creates unnecessary pressure.,App Experience,Relaxed delivery times without rushing.,Unknown,Unknown,Negative,Medium,
7612,General Experience,Discovery,Location is not displayed properly during ordering.,App Experience,Accurate location display during checkout.,Unknown,Unknown,Negative,Medium,
7689,General Experience,Discovery,Online delivery harms local market businesses.,Unknown,Support local small shopkeepers.,Unknown,Unknown,Negative,Low,
7690,General Experience,Discovery,Quick commerce is putting local shopkeepers out of business.,Unknown,Protect small local businesses from quick commerce.,Unknown,Unknown,Negative,High,
7783,Delivery,Post-Purchase,Hidden struggle behind ease and convenience.,Unknown,Fair treatment for delivery workers.,Unknown,Unknown,Negative,Low,
7873,General Experience,Discovery,Unknown,Unknown,Unknown,Unknown,Unknown,Neutral,Low,
7882,Inventory,Post-Purchase,TWS earbuds battery reduces over time.,Trust,Better quality electronic products.,Unknown,Electronics,Negative,Medium,
7889,Inventory,Post-Purchase,Stylus pen is poor quality and malfunctions.,Trust,Better quality electronic accessories.,Unknown,Electronics,Negative,High,
7892,Recommendations,Searching,Need good power bank recommendations under budget.,Limited Information,Better product recommendations within budget.,Search,Electronics,Neutral,Low,
7893,Inventory,Post-Purchase,Unknown,Unknown,More quality electronics brands.,Unknown,Electronics,Positive,Low,
7896,Inventory,Post-Purchase,Mouse quality is poor and stops working.,Trust,Durable electronic accessories.,Unknown,Electronics,Negative,Medium,
7898,Inventory,Post-Purchase,Unknown,Unknown,More durable electronic gadgets.,Unknown,Electronics,Positive,Low,
7900,General Experience,Discovery,Ordering non-grocery items from delivery apps is risky.,Trust,Better product reliability for non-grocery items.,Unknown,Electronics,Negative,Medium,
7901,Inventory,Post-Purchase,Delivered accessories arrive used and opened.,Trust,Quality check for delivered electronics.,Unknown,Electronics,Negative,High,
7903,General Experience,Discovery,Unknown,Unknown,Unknown,Unknown,Electronics,Neutral,Low,
7905,General Experience,Post-Purchase,Unknown,Unknown,Unknown,Unknown,Electronics,Positive,Low,
7906,General Experience,Discovery,Unknown,Unknown,More mobile order reviews.,Unknown,Electronics,Neutral,Low,
7907,Pricing,Selection,Cheap products lack durability.,Price Concern,Better quality products.,Unknown,Electronics,Negative,Medium,
7908,Pricing,Selection,Unknown,Unknown,Unknown,Unknown,Electronics,Positive,Low,
7909,Search,Discovery,Cannot find power bank links.,Lack of Awareness,Provide direct product links.,Search,Electronics,Neutral,Low,
7919,General Experience,Post-Purchase,Scam experiences on competitor platform.,Trust,Better trustworthy service.,Unknown,Unknown,Negative,High,
7920,Pricing,Selection,Expensive products are unaffordable.,Price Concern,Affordable pricing options.,Unknown,Unknown,Negative,Medium,
7921,Search,Discovery,Compatibility information is unclear.,Limited Information,Clear compatibility details.,Search,Electronics,Neutral,Low,
7922,Inventory,Post-Purchase,Powerbank swelled up quickly.,Trust,Better product durability.,Unknown,Electronics,Negative,High,
7924,General Experience,Post-Purchase,Competitor platform misleads customers.,Trust,Honest customer practices.,Unknown,Unknown,Positive,Medium,
7944,Checkout,Post-Purchase,Unknown,Unknown,Smooth return process.,Unknown,Unknown,Positive,Low,
7951,Delivery,Post-Purchase,Unknown,Unknown,Fast delivery and correct items.,Unknown,Groceries,Positive,Low,
7962,Pricing,Selection,Item is overpriced.,Price Concern,Fair pricing for accessories.,Unknown,Household Essentials,Negative,Medium,
7965,Pricing,Selection,Extreme price markup on items.,Price Concern,Lower prices for basic items.,Unknown,Household Essentials,Negative,Medium,
7977,Categories,Discovery,Product compatibility is limited.,Limited Information,Compatibility clarity.,Unknown,Electronics,Neutral,Low,
7979,Inventory,Post-Purchase,Unknown,Unknown,Long lasting products.,Unknown,Electronics,Positive,Low,
7981,Inventory,Post-Purchase,Cheap gadgets break easily.,Trust,Better quality budget gadgets.,Unknown,Electronics,Negative,High,
7983,Inventory,Post-Purchase,Unknown,Unknown,Good quality products.,Unknown,Electronics,Positive,Low,
7984,Offers,Discovery,Unknown,Price Concern,Better discounts on electronics.,Offers,Electronics,Positive,Low,
7987,Pricing,Discovery,Prices are much lower on competitor apps.,Price Concern,Lower prices.,Unknown,Electronics,Negative,Medium,
7988,Pricing,Discovery,Unknown,Price Concern,Competitive pricing on electronics.,Unknown,Electronics,Neutral,Low,
7989,Pricing,Browsing,Products are too expensive compared to local stores.,Price Concern,Lower product prices.,Unknown,Unknown,Negative,High,
7990,Pricing,Browsing,Basic items are priced too high.,Price Concern,Affordable essential items.,Unknown,Personal Care,Negative,High,
7991,Inventory,Post-Purchase,Received defective electronic product.,Trust,Quality checked products.,Unknown,Electronics,Negative,High,
7993,Categories,Discovery,Missing quick delivery competitor segments.,Lack of Awareness,Add more product segments.,Unknown,Electronics,Neutral,Medium,
7994,Search,Discovery,Unsure if specific brand electronics are available.,Lack of Awareness,Clear catalog availability.,Search,Electronics,Neutral,Low,
8000,Pricing,Discovery,Competitor offers better bundle pricing.,Price Concern,Better bundle offers.,Unknown,Unknown,Negative,Medium,
8002,Pricing,Browsing,Product prices are too high.,Price Concern,Lower prices.,Unknown,Electronics,Negative,Medium,
8004,Inventory,Post-Purchase,Received defective electronic items.,Trust,Reliable product quality.,Unknown,Electronics,Negative,High,
8014,Search,Discovery,Lack of compatibility information for electronics.,Limited Information,Clear product compatibility details.,Search,Electronics,Neutral,Low,
8016,Categories,Discovery,Lack of technical performance details.,Limited Information,Detailed product specifications.,Unknown,Electronics,Neutral,Low,
8025,General Experience,Discovery,User prefers offline shopping completely.,Habit,Unknown,Unknown,Unknown,Neutral,Low,
8028,Pricing,Discovery,Alternative retail stores offer cheaper electronics.,Price Concern,Competitive electronics pricing.,Unknown,Electronics,Positive,Low,
8037,Pricing,Discovery,Prices outside app are much lower.,Price Concern,Better discounts.,Unknown,Electronics,Neutral,Low,
8058,Delivery,Checkout,Fast delivery pressures delivery partners.,App Experience,Option for relaxed delivery speed.,Unknown,Unknown,Negative,High,
8061,Pricing,Discovery,Electronics are cheaper elsewhere.,Price Concern,Affordable electronics.,Unknown,Electronics,Positive,Low,
8070,General Experience,Discovery,Using competitor for electronics.,Habit,Unknown,Unknown,Electronics,Neutral,Low,
8073,Delivery,Delivery,Delivery time varies based on dark store location.,Unknown,Consistent delivery times.,Unknown,Unknown,Neutral,Low,
8074,Categories,Discovery,Looking for niche lifestyle products.,Lack of Awareness,Wider lifestyle category availability.,Unknown,Household Essentials,Neutral,Low,
8076,Search,Discovery,Lack of product compatibility details.,Limited Information,Clear product compatibility information.,Search,Electronics,Neutral,Medium,
8077,Pricing,Browsing,Product price is too high.,Price Concern,Lower product prices.,Categories,Household Essentials,Negative,High,
8078,Recommendations,Discovery,Unknown,Unknown,Better recommendations.,Recommendations,Electronics,Positive,Low,
8079,Categories,Discovery,Uncertain about product quality.,Trust,Product reviews and video demos.,Categories,Electronics,Neutral,Medium,
8080,Categories,Post-Purchase,Stylus products fail frequently.,Trust,Better quality electronics.,Unknown,Electronics,Mixed,High,
8084,Categories,Post-Purchase,Smart watch broke in two days.,Trust,Reliable electronic products.,Unknown,Electronics,Negative,High,
8087,Search,Discovery,Unsure about device compatibility.,Limited Information,Clear compatibility details.,Search,Electronics,Neutral,Low,
8089,General Experience,Delivery,Competitor delivered spoiled paneer.,Trust,Fresh and genuine service.,Unknown,Groceries,Positive,High,
8090,Pricing,Browsing,Wholesale markets are much cheaper.,Price Concern,Lower prices matching wholesale.,Unknown,Electronics,Negative,Medium,
8091,Pricing,Browsing,Item rates are overpriced.,Price Concern,Affordable pricing.,Unknown,Household Essentials,Negative,Medium,
8093,Pricing,Browsing,Prices are higher than other platforms.,Price Concern,Competitive pricing.,Unknown,Electronics,Neutral,Low,
8094,Delivery,Post-Purchase,Speaker internal wire damaged.,Trust,Easy product replacement.,Unknown,Electronics,Negative,High,
8096,Pricing,Browsing,Cheap products have poor quality.,Trust,Better quality products.,Unknown,Electronics,Neutral,Low,
8098,Categories,Browsing,Unknown,Unknown,Reputable brands available.,Unknown,Electronics,Positive,Low,
8101,Categories,Post-Purchase,Unknown,Unknown,Durable budget products.,Unknown,Electronics,Positive,Low,
8102,Pricing,Browsing,Brush is ridiculously expensive.,Price Concern,Fair pricing for items.,Categories,Household Essentials,Negative,High,
8103,Search,Discovery,Unknown,Unknown,Best gaming keyboards.,Search,Electronics,Positive,Low,
8104,Inventory,Browsing,Dark stores lack proper refrigeration.,Trust,Proper cold storage facilities.,Unknown,Groceries,Negative,High,
8107,Categories,Browsing,Rebranded Chinese products sold locally.,Trust,Original branded products.,Unknown,Electronics,Negative,Medium,
8108,Search,Discovery,Lack of smartphone comparisons.,Limited Information,Detailed phone recommendations.,Search,Electronics,Neutral,Low,
8110,General Experience,Post-Purchase,Unknown,Unknown,Unknown,Unknown,Electronics,Positive,Low,
8111,Inventory,Post-Purchase,Defective product received and difficult return process.,Trust,Easier returns and reliable product quality.,Unknown,Electronics,Negative,High,
8112,Search,Discovery,Unknown,Unknown,More price range options for earphones.,Search,Electronics,Neutral,Low,
8116,Recommendations,Discovery,Unknown,Unknown,More genuine product recommendations.,Recommendations,Unknown,Positive,Low,
8118,Inventory,Post-Purchase,Stylus stopped working after one week.,Trust,Better quality electronics.,Unknown,Electronics,Negative,High,
8119,Inventory,Post-Purchase,Missing items delivered in the order.,Unknown,Accurate order fulfillment.,Unknown,Unknown,Negative,High,
8120,General Experience,Discovery,Unknown,Unknown,Affordable electronics products.,Recommendations,Electronics,Positive,Low,
8122,Search,Discovery,Cannot find specific product link.,Lack of Awareness,Direct link for phone cases.,Search,Electronics,Neutral,Low,
8124,Search,Discovery,Difficulty finding suitable mechanical keyboard under budget.,Lack of Awareness,Recommendations for mechanical keyboards.,Search,Electronics,Neutral,Medium,
8126,Checkout,Post-Purchase,Received damaged product initially.,Trust,Fast and hassle-free refunds.,Unknown,Unknown,Positive,Low,
8128,Pricing,Browsing,Higher prices charged locally compared to online.,Price Concern,Better pricing and discounts.,Unknown,Unknown,Negative,Medium,
8131,Offers,Discovery,Unknown,Price Concern,More discounts and offers on gadgets.,Offers,Electronics,Positive,Low,
8138,Pricing,Browsing,Doubtful about product authenticity despite low prices.,Trust,Guaranteed authentic branded products.,Unknown,Electronics,Mixed,Medium,
8141,Inventory,Post-Purchase,Speaker stopped working after two months.,Trust,Durable electronic products.,Unknown,Electronics,Negative,High,
8155,Inventory,Post-Purchase,Unknown,Habit,Long-lasting kitchen appliances.,Unknown,Household Essentials,Positive,Low,
8159,General Experience,Discovery,Unknown,Unknown,Better overall shopping experience.,Unknown,Unknown,Positive,Low,
8166,Categories,Browsing,Unknown,Unknown,More product options available on Blinkit.,Categories,Unknown,Mixed,Low,
8167,General Experience,Post-Purchase,Dissatisfaction with instant delivery platforms overall.,Trust,Reliable offline shopping alternative.,Unknown,Unknown,Negative,Medium,
8168,Offers,Discovery,Lack of enough promotional offers.,Price Concern,Better and more frequent offers.,Offers,Unknown,Neutral,Medium,
8170,Inventory,Browsing,Packaged goods quality is only average.,Trust,Better quality across packaged categories.,Categories,Groceries,Mixed,Low,
8171,Pricing,Discovery,Competitor is cheaper.,Price Concern,Lower prices.,Unknown,Unknown,Negative,High,
8172,General Experience,Post-Purchase,Poor return policy.,Trust,Better return policy.,Unknown,Unknown,Negative,Medium,
8173,Pricing,Discovery,Competitor has cheaper prices.,Price Concern,Lower prices.,Unknown,Unknown,Negative,High,
8175,Inventory,Discovery,Availability depends on location.,Lack of Awareness,Better service availability.,Unknown,Unknown,Neutral,Low,
8176,Inventory,Discovery,Competitor is better in my location.,App Experience,Better service in my area.,Unknown,Unknown,Negative,Medium,
8177,Pricing,Discovery,Prices are too high compared to competitors.,Price Concern,Competitive pricing.,Unknown,Unknown,Negative,High,
8181,Pricing,Discovery,Item is cheaper on other platforms.,Price Concern,Lower prices.,Unknown,Electronics,Negative,High,
8183,Pricing,Discovery,Competitor is much cheaper.,Price Concern,Lower prices.,Unknown,Unknown,Negative,High,
8188,General Experience,Discovery,Unknown,Unknown,Unknown,Unknown,Unknown,Positive,Low,
8215,Delivery,Delivery,"Delivery not available to location, had to pickup.",Lack of Awareness,Better delivery coverage.,Unknown,Unknown,Negative,High,
8268,Inventory,Discovery,Service is not available in my area.,Lack of Awareness,Service expansion to my area.,Unknown,Unknown,Negative,High,
8333,Delivery,Delivery,Ordering during rain is difficult.,Unknown,Reliable delivery during rain.,Unknown,Unknown,Neutral,Low,
8487,Delivery,Delivery,Self pickup option is missing.,App Experience,Add self pickup option.,Unknown,Unknown,Neutral,Low,
8550,Delivery,Delivery,Delivery takes longer than promised.,Unknown,Accurate delivery time.,Unknown,Unknown,Negative,Medium,
8608,Delivery,Delivery,Delivery rider tampered with the item.,Trust,Reliable delivery partners.,Unknown,Unknown,Negative,High,
8884,Inventory,Discovery,Unknown,Lack of Awareness,Check service availability in area.,Unknown,Unknown,Neutral,Low,
8905,Inventory,Discovery,Unknown,Lack of Awareness,Service availability check.,Unknown,Unknown,Neutral,Low,
8906,Inventory,Discovery,Unknown,Lack of Awareness,Service availability check.,Unknown,Unknown,Neutral,Low,
8907,Inventory,Discovery,Unknown,Lack of Awareness,Service availability check.,Unknown,Unknown,Neutral,Low,
8908,Inventory,Discovery,Unknown,Lack of Awareness,Service availability check.,Unknown,Unknown,Neutral,Low,
8909,General Experience,Discovery,Unknown,Unknown,Unknown,Unknown,Unknown,Neutral,Low,
8911,General Experience,Discovery,Unknown,Unknown,Unknown,Unknown,Unknown,Neutral,Low,
8912,General Experience,Discovery,Unknown,Unknown,Unknown,Unknown,Unknown,Neutral,Low,
8913,General Experience,Discovery,Unknown,Unknown,Unknown,Unknown,Unknown,Neutral,Low,
8914,General Experience,Discovery,Unknown,Unknown,Unknown,Unknown,Unknown,Neutral,Low,
8921,General Experience,Discovery,Unknown,Unknown,Unknown,Unknown,Unknown,Neutral,Low,
8922,General Experience,Discovery,Unknown,Unknown,Unknown,Unknown,Unknown,Neutral,Low,
8935,General Experience,Post-Purchase,Unknown,Unknown,Unknown,Unknown,Electronics,Positive,Low,
8937,General Experience,Post-Purchase,Unknown,Unknown,Unknown,Unknown,Electronics,Positive,Low,
8943,General Experience,Post-Purchase,Unknown,Unknown,Unknown,Unknown,Electronics,Positive,Low,
8958,Recommendations,Discovery,Unknown,Lack of Awareness,Better product discovery.,Recommendations,Unknown,Positive,Low,
8980,Inventory,Post-Purchase,Received defective or fake electronic items.,Trust,Reliable quality electronics.,Unknown,Electronics,Negative,High,
8984,Inventory,Post-Purchase,Power bank safety issue.,Trust,Safe electronic products.,Unknown,Electronics,Negative,High,
8985,Inventory,Discovery,Unknown,Unknown,More smart watch options.,Unknown,Electronics,Positive,Low,
8986,Inventory,Post-Purchase,Mouse quality is poor.,Trust,Better quality peripherals.,Unknown,Electronics,Negative,Medium,
8989,Inventory,Discovery,Lack of product details.,Limited Information,Detailed product descriptions.,Unknown,Electronics,Neutral,Medium,
8999,General Experience,Post-Purchase,Difficulty with warranty claims.,Trust,Easy warranty claims.,Unknown,Electronics,Negative,High,
9003,Inventory,Post-Purchase,Poor stitching and fit on apparel.,Trust,Better quality apparel.,Unknown,Personal Care,Negative,Medium,
9011,Categories,Selection,Unknown,Unknown,More food options.,Categories,Snacks & Beverages,Positive,Low,
9016,Inventory,Post-Purchase,Unknown,Unknown,Clear product usage info.,Unknown,Electronics,Positive,Low,
9021,Search,Searching,Product is not available on the app.,Lack of Awareness,Find desired products easily.,Search,Personal Care,Neutral,Medium,
9022,Search,Discovery,Product links or items are missing.,Lack of Awareness,Provide direct product links.,Unknown,Electronics,Neutral,Low,
9025,General Experience,Discovery,Unknown,Unknown,Unknown,Unknown,Electronics,Neutral,Low,
9030,Search,Searching,Specific smartwatch is not available.,Lack of Awareness,Add smartwatches to the catalog.,Search,Electronics,Neutral,Low,
9041,Inventory,Browsing,Desired brand is always out of stock.,App Experience,Restock popular items regularly.,Categories,Personal Care,Negative,High,
9055,Categories,Browsing,Desired ice cream brand is missing.,Lack of Awareness,Add desired ice cream brand.,Categories,Snacks & Beverages,Negative,Medium,
9068,Search,Searching,Specific watch is unavailable on Blinkit.,Lack of Awareness,Make the watch available.,Search,Electronics,Neutral,Medium,
9076,Pricing,Browsing,Product price is not clearly visible.,Limited Information,Show product prices clearly.,Homepage,Electronics,Positive,Low,
9099,Checkout,Post-Purchase,Exchange request got rejected unfairly.,Trust,Approve valid product exchanges.,Previous Orders,Unknown,Mixed,High,
9104,General Experience,Discovery,Unknown,Unknown,Unknown,Unknown,Electronics,Neutral,Low,
9111,General Experience,Discovery,Quality of gadgets is subpar.,Trust,Offer better quality gadgets.,Unknown,Electronics,Negative,Medium,
9116,Offers,Selection,Smartwatch is too expensive without offers.,Price Concern,Provide exchange offers for electronics.,Offers,Electronics,Neutral,Medium,
9118,Search,Discovery,Product details and links are missing.,Limited Information,Provide direct links for products.,Unknown,Household Essentials,Neutral,Low,
9119,Pricing,Browsing,Massager is cheaper in the offline market.,Price Concern,Lower product prices to match offline markets.,Categories,Personal Care,Negative,Medium,
9138,Inventory,Browsing,Matching golden strap is unavailable.,Limited Information,Stock matching accessories for watches.,Categories,Electronics,Neutral,Low,
9148,Pricing,Browsing,Product prices are not displayed clearly.,Limited Information,Display product prices clearly.,Homepage,Unknown,Neutral,Low,
9166,General Experience,Discovery,Unknown,Unknown,Unknown,Unknown,Electronics,Positive,Low,
9170,Search,Discovery,Product links are missing from the description.,Limited Information,Include product links in descriptions.,Unknown,Unknown,Neutral,Low,
9189,General Experience,Discovery,Users lack trust in buying electronics online.,Trust,Build better trust for electronic items.,Unknown,Electronics,Negative,High,
9252,Search,Searching,Specific watch is not available on Blinkit.,Lack of Awareness,Add desired watch to the catalog.,Search,Electronics,Neutral,Medium,
9256,Categories,Browsing,Product was not useful.,Limited Information,Better product details.,Unknown,Electronics,Negative,Medium,
9258,General Experience,Discovery,Missing product links.,Lack of Awareness,Provide product links.,Unknown,Unknown,Neutral,Low,
9293,General Experience,Discovery,Lack of proper information.,Limited Information,Provide clear information.,Unknown,Unknown,Negative,High,
9311,General Experience,Discovery,Missing product links.,Lack of Awareness,Provide product links.,Unknown,Unknown,Neutral,Low,
9320,General Experience,Discovery,Unknown,Unknown,Focus camera on products.,Unknown,Unknown,Neutral,Low,
9330,General Experience,Discovery,Too much preview kills interest.,App Experience,Reduce product preview.,Unknown,Unknown,Negative,Low,
9402,Pricing,Checkout,Dynamic pricing adds cost.,Price Concern,Fair pricing structure.,Unknown,Unknown,Positive,Medium,
9406,Delivery,Delivery,Slow delivery speed.,App Experience,Faster delivery service.,Unknown,Unknown,Mixed,Medium,
9408,General Experience,Post-Purchase,Platform dishonesty.,Trust,Better customer trust.,Unknown,Unknown,Negative,High,
9410,Pricing,Browsing,Online prices might become high.,Price Concern,Affordable local pricing.,Unknown,Groceries,Negative,Medium,
9416,Offers,Discovery,Offers limited to new users.,Price Concern,Offers for existing users.,Offers,Unknown,Neutral,Low,
9427,Inventory,Selection,Expired products delivered.,Trust,Fresh unexpired products.,Unknown,Groceries,Negative,High,
9428,Pricing,Checkout,Price differences exist.,Price Concern,Consistent lower prices.,Unknown,Unknown,Negative,Medium,
9430,Offers,Discovery,Unknown,Unknown,Better discount offers.,Offers,Groceries,Positive,Low,
9432,General Experience,Discovery,Competitor lacks quality service.,Unknown,Better service quality.,Unknown,Unknown,Positive,Low,
9433,General Experience,Discovery,Dependence on local market.,Habit,Source directly from mills.,Unknown,Groceries,Neutral,Low,
9434,Delivery,Delivery,Slow delivery speed.,App Experience,Faster delivery times.,Unknown,Unknown,Negative,Medium,
9436,Delivery,Discovery,Not available in small cities.,Lack of Awareness,Service expansion to tier 3 cities.,Unknown,Groceries,Neutral,High,
9440,Delivery,Delivery,Unknown,Unknown,Even faster delivery.,Unknown,Unknown,Positive,Low,
9442,Pricing,Browsing,Monopoly increases prices later.,Price Concern,Fair long term pricing.,Unknown,Groceries,Negative,High,
9444,Inventory,Selection,Unbranded or low quality products are sold.,Trust,Provide branded products.,Unknown,Groceries,Negative,High,
9445,Offers,Discovery,Lacks good offers and product variety.,Price Concern,Provide better offers and variety.,Offers,Unknown,Negative,High,
9448,Offers,Discovery,Unknown,Price Concern,Provide better discounts.,Offers,Unknown,Positive,Low,
9450,General Experience,Discovery,Unknown,Unknown,Unknown,Unknown,Unknown,Neutral,Low,
9453,General Experience,Discovery,Unknown,Unknown,Unknown,Unknown,Unknown,Positive,Low,
9454,Delivery,Discovery,Service is not available in my area.,Unknown,Expand delivery service area.,Unknown,Unknown,Negative,Medium,
9456,General Experience,Discovery,Unknown,Unknown,Unknown,Unknown,Unknown,Neutral,Low,
9461,Categories,Browsing,App experience is poor.,App Experience,Improve app experience.,Categories,Unknown,Negative,High,
9462,General Experience,Browsing,App is glitchy and low quality.,App Experience,Improve app performance.,Unknown,Unknown,Positive,High,
9467,Offers,Discovery,Initial promotional offers stopped.,Price Concern,Bring back promotional discounts.,Offers,Groceries,Mixed,Medium,
9468,Pricing,Selection,Prices seem arbitrary despite claims of loss.,Price Concern,Fair pricing.,Unknown,Unknown,Neutral,Medium,
9470,Pricing,Selection,Prices might increase after competition ends.,Price Concern,Maintain stable pricing.,Unknown,Unknown,Neutral,Medium,
9471,Delivery,Post-Purchase,Wrong product sent and expiry date removed.,Trust,Better order accuracy and quality checks.,Unknown,Groceries,Negative,High,
9472,Pricing,Selection,Pricing discrepancies shown.,Price Concern,Accurate pricing display.,Unknown,Unknown,Negative,Medium,
9474,Inventory,Selection,Product quality is not good.,Trust,Better quality products.,Unknown,Groceries,Negative,Medium,
9477,Inventory,Browsing,Basic items and vegetables are missing.,Limited Information,Keep basic items in stock.,Categories,Groceries,Mixed,Medium,
9478,Delivery,Post-Purchase,Wrong items delivered frequently.,Trust,Improve delivery accuracy.,Unknown,Groceries,Negative,High,
9479,Delivery,Discovery,Customer service is dodgy.,Trust,Better customer service.,Unknown,Unknown,Mixed,Medium,
9485,Pricing,Selection,Low quality products sold at high prices.,Price Concern,Fair pricing for quality products.,Unknown,Unknown,Negative,High,
9492,Delivery,Checkout,Orders cancelled after long wait times.,App Experience,Faster order processing and delivery.,Unknown,Unknown,Positive,High,
9501,General Experience,Discovery,Unknown,Unknown,Unknown,Unknown,Unknown,Neutral,Low,
9504,Inventory,Discovery,Service not available in my city.,Lack of Awareness,Expand service to more cities.,Unknown,Unknown,Negative,High,
9505,General Experience,Discovery,Prefer local kirana stores over apps.,Habit,Unknown,Unknown,Groceries,Neutral,Low,
9507,Delivery,Delivery,Unknown,Habit,Fast local delivery.,Unknown,Groceries,Positive,Low,
9508,General Experience,Discovery,Competitor offers better overall service.,Price Concern,Better value for money.,Unknown,Unknown,Negative,Medium,
9509,General Experience,Discovery,Quick commerce is shutting down kirana stores.,Unknown,Unknown,Unknown,Groceries,Neutral,Low,
9510,Pricing,Discovery,Excessive research for small price differences.,Habit,Unknown,Unknown,Unknown,Neutral,Low,
9511,General Experience,Discovery,Unknown,Unknown,Unknown,Unknown,Unknown,Neutral,Low,
9514,Pricing,Discovery,Products need to be cheaper and faster.,Price Concern,Lower prices and faster delivery.,Unknown,Groceries,Neutral,Medium,
9515,Pricing,Discovery,Prices are too high compared to competitors.,Price Concern,Budget friendly pricing.,Unknown,Groceries,Positive,Medium,
9522,Offers,Checkout,Lack of loyalty rewards program.,Price Concern,Loyalty points and rewards.,Offers,Unknown,Positive,Low,
9526,Pricing,Discovery,Charging high prices compared to competitors.,Price Concern,Lower prices and better discounts.,Unknown,Groceries,Negative,High,
9529,General Experience,Discovery,Unknown,Unknown,Unknown,Unknown,Groceries,Positive,Low,
9533,Inventory,Discovery,No service available in my area.,Lack of Awareness,Service expansion to major cities.,Unknown,Unknown,Negative,High,
9535,General Experience,Discovery,Unknown,Unknown,Unknown,Unknown,Unknown,Neutral,Low,
9538,Checkout,Post-Purchase,Missing item refund was never issued.,Trust,Reliable refunds and better quality.,Unknown,Unknown,Negative,High,
9544,Offers,Discovery,Competitor discounts are too aggressive.,Price Concern,Better discounts and offers.,Offers,Groceries,Neutral,Medium,
9545,General Experience,Discovery,Unknown,Unknown,Unknown,Unknown,Unknown,Neutral,Low,
9546,Pricing,Discovery,Competitor pricing is cheaper.,Price Concern,Cheaper product pricing.,Unknown,Unknown,Positive,Medium,
9548,Pricing,Discovery,Difficulty in comparing prices across platforms.,Price Concern,Transparent price comparison tools.,Unknown,Unknown,Neutral,Low,
9549,General Experience,Discovery,Unknown,Unknown,Unknown,Unknown,Unknown,Neutral,Low,
9550,General Experience,Discovery,Unknown,Unknown,Unknown,Unknown,Unknown,Positive,Low,
9553,General Experience,Discovery,Unknown,Habit,Unknown,Unknown,Unknown,Neutral,Low,
9554,Inventory,Browsing,Limited product availability.,Limited Information,More product variety.,Unknown,Unknown,Negative,Medium,
9559,General Experience,Discovery,Unknown,Unknown,Unknown,Unknown,Groceries,Neutral,Low,
9562,General Experience,Discovery,Unknown,Habit,Unknown,Unknown,Unknown,Neutral,Low,
9564,Inventory,Browsing,Only local items are available.,Limited Information,Better product variety.,Unknown,Unknown,Neutral,Low,
9565,Pricing,Selection,Unknown,Unknown,Unknown,Unknown,Unknown,Positive,Low,
9567,General Experience,Discovery,Unknown,Unknown,Unknown,Unknown,Groceries,Neutral,Low,
9573,General Experience,Discovery,Unknown,Unknown,Unknown,Unknown,Unknown,Neutral,Low,
9574,Delivery,Discovery,Unknown,Unknown,Unknown,Unknown,Unknown,Positive,Low,
9580,Pricing,Selection,Prices are too high.,Price Concern,Lower prices.,Unknown,Unknown,Negative,High,
9582,Pricing,Selection,Unknown,Price Concern,Cheaper prices.,Unknown,Unknown,Positive,Low,
9583,Offers,Selection,Lack of good offers.,Price Concern,Better discount offers.,Offers,Unknown,Negative,Medium,
9586,General Experience,Discovery,Local shops are impacted.,Unknown,Unknown,Unknown,Unknown,Neutral,Low,
9589,General Experience,Checkout,Poor product quality.,Trust,Better product quality.,Unknown,Unknown,Negative,High,
9592,Pricing,Selection,Prices are very high.,Price Concern,Lower prices.,Unknown,Unknown,Negative,High,
9593,Offers,Checkout,Limited coupon usage.,Price Concern,Unlimited discount coupons.,Offers,Unknown,Mixed,Medium,
9604,Pricing,Selection,Difficult to compare prices easily.,Price Concern,Easy price comparison.,Unknown,Unknown,Neutral,Low,
9605,Pricing,Selection,Prices are expensive compared to competitors.,Price Concern,Competitive pricing.,Unknown,Unknown,Negative,High,
9612,Inventory,Browsing,Non-veg items are not available on the app.,Limited Information,Make non-veg items available.,Categories,Groceries,Negative,Medium,
9617,Delivery,Delivery,Quick commerce service quality is poor compared to offline stores.,App Experience,Better delivery service.,Unknown,Unknown,Negative,High,
9621,Delivery,Discovery,Location is outside the quick delivery service zone.,Limited Information,Expand delivery coverage to rural areas.,Unknown,Groceries,Mixed,High,
9622,Cart,Post-Purchase,Always missing items and difficult to raise complaints.,Trust,Ensure correct items and easy complaints.,Unknown,Unknown,Negative,High,
9624,General Experience,Discovery,Dark patterns and deceptive marketing practices used.,Trust,Transparent marketing and fair pricing.,Unknown,Unknown,Negative,High,
9626,Pricing,Browsing,Prices are higher compared to competitors like zepto.,Price Concern,Lower prices matching competitors.,Search,Unknown,Negative,Medium,
9631,Pricing,Browsing,Prices are not as competitive as other platforms.,Price Concern,Best price on every product.,Search,Unknown,Negative,Medium,
9635,Offers,Browsing,Competitors offer better discounts and deals.,Price Concern,Provide better discounts and offers.,Offers,Groceries,Negative,High,
9639,Delivery,Checkout,High delivery charges compared to competitors.,Price Concern,Free delivery for smaller orders.,Unknown,Unknown,Positive,Medium,
9650,Pricing,Browsing,Prices are high and lack profit value for consumers.,Price Concern,Focus on consumer profit and savings.,Unknown,Unknown,Neutral,Low,
9654,Pricing,Browsing,Affordability is an issue for budget conscious buyers.,Price Concern,Provide value-based offers for buyers.,Unknown,Unknown,Neutral,Low,
9655,Pricing,Browsing,Prices across platforms need to remain consistent.,Price Concern,Consistent and fair pricing.,Unknown,Groceries,Neutral,Low,
9663,General Experience,Discovery,Unknown,Unknown,Maintain good service quality.,Unknown,Unknown,Positive,Low,
9673,Delivery,Discovery,Competitor service is not available in the area.,Limited Information,Expand service availability.,Unknown,Unknown,Neutral,Low,
9674,Pricing,Browsing,Products like butter are sold at very high prices.,Price Concern,Lower prices for dairy items.,Search,Snacks & Beverages,Negative,High,
9680,Offers,Browsing,Lack of attractive discounts causes users to switch apps.,Price Concern,Better discounts to retain customers.,Offers,Unknown,Negative,High,
9681,General Experience,Discovery,Unknown,Unknown,Unknown,Unknown,Unknown,Neutral,Low,
9685,General Experience,Discovery,Quick commerce business model is unsustainable.,No Need,Long term reliable service.,Unknown,Unknown,Negative,Medium,
9687,General Experience,Discovery,Prefer offline stores over quick commerce.,Habit,Better offline shopping alternatives.,Unknown,Groceries,Neutral,Low,
9688,Offers,Browsing,Missing heavy discount offers found in physical stores.,Price Concern,Provide heavy discount offers online.,Categories,Groceries,Negative,Medium,
9689,Inventory,Delivery,Received rotten and poor quality vegetables.,Trust,Better quality products.,Unknown,Groceries,Negative,High,
9705,General Experience,Checkout,App UI is bad and laggy with items unavailable and delayed delivery.,App Experience,Faster app performance and reliable delivery.,Unknown,Groceries,Negative,High,
9712,General Experience,Browsing,App has performance issues and lags.,App Experience,Smoother app experience.,Unknown,Unknown,Negative,Medium,
9717,General Experience,Discovery,Unknown,Unknown,Unknown,Unknown,Unknown,Neutral,Low,
9719,Pricing,Checkout,Unknown,Unknown,Unknown,Unknown,Groceries,Neutral,Low,
9721,Pricing,Checkout,Home delivery comes at an extra cost.,Price Concern,Lower delivery charges.,Unknown,Unknown,Neutral,Low,
9730,Pricing,Browsing,Unknown,Unknown,Lower prices online.,Unknown,Personal Care,Positive,Low,
9731,Offers,Checkout,Unknown,Unknown,Better coin rewards and fast delivery.,Unknown,Unknown,Positive,Low,
9732,General Experience,Discovery,Unknown,Habit,Unknown,Unknown,Unknown,Negative,Low,
9735,Pricing,Browsing,App prices are much higher than local store prices.,Price Concern,Fair pricing compared to local stores.,Unknown,Personal Care,Negative,High,
9739,Pricing,Browsing,Product prices vary across different quick commerce apps.,Price Concern,Lower prices across categories.,Unknown,Groceries,Neutral,Medium,
9745,Offers,Checkout,Unknown,Lack of Awareness,More coupons and discounts.,Offers,Groceries,Positive,Low,
9747,Delivery,Discovery,Delivery is not available in my area.,Limited Information,Service availability in all areas.,Unknown,Unknown,Negative,Medium,
9751,Delivery,Checkout,Unknown,Unknown,Consistent late night delivery service.,Unknown,Groceries,Positive,Low,
9758,Delivery,Discovery,Unknown,Unknown,Unknown,Unknown,Unknown,Positive,Low,
9760,Inventory,Browsing,Only specific brand items are available.,Limited Information,More brand variety.,Unknown,Groceries,Neutral,Low,
9763,Delivery,Discovery,Unknown,Unknown,Unknown,Unknown,Unknown,Neutral,Low,
9764,Delivery,Discovery,Unknown,No Need,Unknown,Unknown,Groceries,Neutral,Low,
9765,Offers,Browsing,Discounts and coupon offers change over time.,Price Concern,Consistent discounts and better loyalty offers.,Offers,Groceries,Mixed,Medium,
9771,Inventory,Browsing,Most items are always out of stock.,Trust,Better inventory stock management.,Categories,Groceries,Negative,High,
9773,Delivery,Delivery,Orders get cancelled by delivery persons.,Trust,Reliable order delivery.,Unknown,Unknown,Negative,High,
9775,General Experience,Browsing,Unknown,Habit,Unknown,Unknown,Groceries,Neutral,Low,
9791,General Experience,Discovery,Prefer local shops over apps.,Habit,Support local vendors.,Unknown,Unknown,Negative,Medium,
9795,Pricing,Discovery,Physical stores are preferred over apps.,Habit,Better offline availability.,Unknown,Groceries,Negative,Medium,
9798,General Experience,Discovery,Unknown,Habit,Support local vendors.,Unknown,Unknown,Neutral,Low,
9801,Categories,Browsing,User interface is bad.,App Experience,Better user interface.,Unknown,Unknown,Negative,Medium,
9802,Pricing,Browsing,Prices are higher on quick commerce.,Price Concern,Lower prices.,Unknown,Unknown,Negative,High,
9804,General Experience,Discovery,Quick delivery is unnecessary when shops are nearby.,Habit,Encourage local shopping.,Unknown,Unknown,Negative,Low,
9807,General Experience,Discovery,Apps track user activity.,App Experience,Non-tracking browsing options.,Unknown,Unknown,Negative,Medium,
9809,General Experience,Browsing,Service is not convenient.,App Experience,Better convenience.,Unknown,Unknown,Negative,Medium,
9813,General Experience,Discovery,Prefer physical markets for groceries.,Habit,Better offline options.,Unknown,Groceries,Neutral,Low,
9817,Inventory,Selection,Products are frequently out of stock.,Limited Information,Better inventory availability.,Unknown,Unknown,Negative,High,
9818,Inventory,Discovery,Items often out of stock or undelivered.,Trust,Reliable stock availability.,Unknown,Unknown,Negative,Medium,
9830,General Experience,Discovery,Prefer buying offline ration.,Habit,Unknown,Unknown,Groceries,Neutral,Low,
9839,General Experience,Discovery,Prefer exploring physical shops.,Habit,More offline shopping.,Unknown,Unknown,Negative,Low,
9842,Delivery,Discovery,Service not available in area.,Lack of Awareness,Service expansion to all areas.,Unknown,Unknown,Negative,High,
9843,Pricing,Discovery,Prices increase over time.,Price Concern,Consistent low pricing.,Unknown,Unknown,Negative,Medium,
9844,Pricing,Discovery,Monopoly leads to higher rates.,Price Concern,Fair pricing structure.,Unknown,Unknown,Negative,High,
9846,Delivery,Delivery,Quick delivery concept is impractical.,Habit,Realistic delivery expectations.,Unknown,Unknown,Mixed,Medium,
9847,General Experience,Discovery,Prefer walking to physical markets.,Habit,Unknown,Unknown,Unknown,Neutral,Low,
9848,Delivery,Delivery,Delivery times are manipulated and item quality is poor.,Trust,Reliable delivery and better quality items.,Unknown,Groceries,Negative,High,
9851,General Experience,Browsing,App update shows mostly undeliverable locations.,App Experience,Fix location availability issues in the app.,Unknown,Unknown,Negative,High,
9853,Delivery,Post-Purchase,Poor service and mishandled customer complaints.,Trust,Better customer service and trained staff.,Unknown,Groceries,Negative,High,
9971,General Experience,Browsing,Unknown,Unknown,Unknown,Unknown,Unknown,Neutral,Low,
9972,Categories,Discovery,Unsure if hardware products are available.,Lack of Awareness,Clear availability of hardware products.,Categories,Unknown,Neutral,Low,
9973,Delivery,Delivery,Unknown,Unknown,Unknown,Unknown,Groceries,Positive,Low,
9974,General Experience,Checkout,Unknown,Unknown,Unknown,Unknown,Unknown,Positive,Low,
9978,Pricing,Checkout,Unknown,Price Concern,Reasonable delivery charges.,Unknown,Groceries,Positive,Low,
9982,Inventory,Selection,Quality of fresh organic produce is below par.,Trust,Better quality fresh produce.,Unknown,Groceries,Negative,High,
9983,General Experience,Discovery,Unknown,Unknown,Unknown,Unknown,Unknown,Positive,Low,
10002,Inventory,Discovery,Quick commerce platforms do not onboard new brands.,Lack of Awareness,Onboarding for early-stage startup brands.,Unknown,Unknown,Neutral,Medium,
10013,Categories,Discovery,Non-essential products like clothes are not bought here.,Habit,Focus on daily essentials and groceries.,Categories,Groceries,Neutral,Medium,
10022,Inventory,Selection,Fresh groceries delivered have consistently been the worst quality.,Trust,Better quality fresh groceries.,Unknown,Groceries,Mixed,High,
10031,Delivery,Delivery,Unknown,Unknown,Fast delivery of electronics.,Unknown,Electronics,Positive,Low,
10032,Pricing,Checkout,Unknown,Price Concern,Affordable delivery charges for bulk orders.,Unknown,Groceries,Positive,Low,
10042,Pricing,Selection,Unknown,Price Concern,Cheaper branded products.,Unknown,Unknown,Positive,Low,
10043,Pricing,Selection,Unknown,Price Concern,Better pricing and faster service.,Unknown,Unknown,Positive,Low,
10046,General Experience,Post-Purchase,Customer service relies on useless AI bots and lacks support.,App Experience,Better customer service and easy returns.,Unknown,Unknown,Negative,High,
10051,Pricing,Discovery,Platforms charge high commissions from sellers.,Price Concern,Lower commission rates for sellers.,Unknown,Snacks & Beverages,Negative,High,
10052,Pricing,Discovery,High margins charged to sellers make big products unsustainable.,Price Concern,Sustainable seller margins for big products.,Unknown,Electronics,Neutral,Medium,
10053,Pricing,Browsing,Products have varying price points making direct value comparisons difficult.,Price Concern,Fair and clear pricing across categories.,Unknown,Household Essentials,Neutral,Low,
10056,General Experience,Discovery,Unknown,Unknown,Unknown,Unknown,Unknown,Neutral,Low,
10057,General Experience,Delivery,Unknown,No Need,Fast and reliable delivery.,Unknown,Groceries,Positive,Low,
10058,Delivery,Discovery,Unknown,Habit,Instant delivery services.,Unknown,Groceries,Positive,Low,
10061,Pricing,Browsing,Competitors offer better pricing for the same products.,Price Concern,Competitive pricing for instant delivery.,Unknown,Groceries,Neutral,Medium,
10064,Pricing,Browsing,Prices are higher compared to other e-commerce platforms.,Price Concern,Lower prices compared to competitors.,Unknown,Groceries,Mixed,Medium,
10065,Pricing,Browsing,Products are priced higher than the maximum retail price.,Price Concern,Transparent MRP pricing.,Unknown,Groceries,Negative,High,
10079,Delivery,Discovery,Traditional delivery takes too many days.,Habit,Immediate product availability.,Unknown,Groceries,Positive,Low,
10080,Checkout,Post-Purchase,Return policy and complaint response are too poor.,Trust,Better customer support and return policy.,Unknown,Unknown,Negative,High,
10083,Pricing,Browsing,High online prices create friction for purchases.,Price Concern,Justified pricing for convenience.,Unknown,Groceries,Mixed,Medium,
10086,General Experience,Browsing,Unknown,Habit,Convenient doorstep delivery.,Unknown,Groceries,Neutral,Low,
10095,Inventory,Discovery,High storage costs for sellers on the platform.,Unknown,Lower seller storage costs.,Unknown,Unknown,Mixed,Medium,
10096,Inventory,Discovery,Delivery availability is limited across India.,Lack of Awareness,Wider serviceability across all regions.,Unknown,Unknown,Negative,High,
10108,General Experience,Browsing,High spending on quick commerce apps.,Price Concern,Better control over spending.,Unknown,Groceries,Negative,Low,
10122,Delivery,Checkout,High order value required for free delivery.,Price Concern,Lower minimum order value for free delivery.,Unknown,Groceries,Neutral,Medium,
10127,Offers,Discovery,Initial free deliveries and offers changed over time.,Habit,Consistent offers and high product quality.,Offers,Groceries,Positive,Low,
10129,Pricing,Browsing,High price sensitivity among users.,Price Concern,Affordable pricing options.,Unknown,Groceries,Neutral,Medium,
10132,General Experience,Discovery,Unknown,Habit,Local fast delivery services.,Unknown,Groceries,Positive,Low,
10136,General Experience,Browsing,Uncontrolled spending by dependent family members.,Price Concern,Spending controls or budget alerts.,Unknown,Groceries,Negative,Medium,
10140,Pricing,Browsing,Dynamic pricing based on device type feels unfair.,Price Concern,Equal pricing across all smartphone devices.,Unknown,Electronics,Negative,High,
10163,Delivery,Delivery,Unknown,Unknown,Reliable 24/7 delivery convenience.,Unknown,Groceries,Positive,Low,
10170,Delivery,Delivery,Unknown,Unknown,Superfast delivery services.,Unknown,Unknown,Positive,Low,
10174,Inventory,Discovery,Unclear warehouse storage conditions and item hygiene.,Trust,Transparent warehouse storage and handling information.,Unknown,Groceries,Negative,Medium,
10176,Checkout,Post-Purchase,Electronics have no return option available.,App Experience,Return options for electronics.,Unknown,Electronics,Negative,High,
10177,General Experience,Post-Purchase,Focus on quantity over quality affects sustainability.,Unknown,Better quality control and sustainability.,Unknown,Unknown,Negative,Medium,
10178,Checkout,Post-Purchase,Horrible and complicated return and replacement policy.,Trust,Simple and hassle-free returns.,Unknown,Unknown,Negative,High,
10186,General Experience,Discovery,Unknown,Unknown,Unknown,Unknown,Unknown,Neutral,Low,
10188,Pricing,Selection,Unknown,Price Concern,Balanced convenience and cost.,Unknown,Unknown,Neutral,Low,
10199,Inventory,Delivery,Expired items delivered repeatedly.,Trust,Fresh products without expiration issues.,Unknown,Snacks & Beverages,Negative,High,
10202,Pricing,Selection,Local stores charge over MRP for cold drinks.,Price Concern,Fair pricing on beverages.,Unknown,Snacks & Beverages,Neutral,Low,
10213,Pricing,Selection,Unknown,Price Concern,Competitive pricing compared to local stores.,Unknown,Groceries,Positive,Low,
10224,Homepage,Discovery,Unknown,Unknown,Clean UI and reliable app navigation.,Homepage,Unknown,Positive,Low,
10235,General Experience,Discovery,Unknown,No Need,Affordable delivery services.,Unknown,Unknown,Neutral,Low,
10236,Delivery,Discovery,Unknown,Unknown,Better operating strategy transparency.,Unknown,Unknown,Neutral,Low,
10239,General Experience,Discovery,Unknown,Price Concern,Affordable online shopping options.,Unknown,Unknown,Neutral,Low,
10241,Delivery,Discovery,Delivery and additional charges.,Habit,Habit-forming convenience before extra charges.,Unknown,Groceries,Neutral,Medium,
10247,General Experience,Discovery,Unknown,No Need,Controlled consumption and savings.,Unknown,Unknown,Neutral,Low,
10248,Pricing,Selection,Unpredictable pricing and extra charges.,Price Concern,Consistent pricing and clear convenience costs.,Unknown,Unknown,Neutral,Low,
10251,General Experience,Discovery,Unknown,Unknown,Time-saving delivery services.,Unknown,Unknown,Positive,Low,
10259,Pricing,Selection,Local kirana stores sell at MRP.,Price Concern,Better pricing on quick commerce.,Unknown,Groceries,Positive,Low,
10262,General Experience,Checkout,Users refuse to pay subscription fees.,Price Concern,Free services without subscriptions.,Unknown,Unknown,Negative,Medium,
10263,General Experience,Selection,Unknown,Unknown,Fast product delivery.,Unknown,Unknown,Positive,Low,
10264,Offers,Discovery,Unknown,Lack of Awareness,Free items and offers.,Offers,Household Essentials,Positive,Low,
10265,General Experience,Discovery,Unknown,Lack of Awareness,Products built for specific users.,Unknown,Unknown,Positive,Low,
10267,Inventory,Discovery,Forgotten items needed urgently.,Habit,Fast delivery of urgent items.,Unknown,Baby Care,Positive,Medium,
10271,General Experience,Browsing,App UI and user experience is worst.,App Experience,Better app UI and user experience.,Unknown,Unknown,Negative,High,
10274,Pricing,Checkout,Wasting money on purchases.,Price Concern,Save money on purchases.,Unknown,Unknown,Negative,Medium,
10275,General Experience,Post-Purchase,Bad products sent with no return policy.,Trust,Easy product returns.,Unknown,Unknown,Negative,High,
10279,General Experience,Discovery,Platform only works in metro cities.,Lack of Awareness,Better availability in non-metro areas.,Unknown,Groceries,Negative,Medium,
10291,General Experience,Browsing,Only works in tier 1 cities.,Price Concern,Affordable options for middle class.,Unknown,Unknown,Negative,Medium,
10300,General Experience,Discovery,Unknown,Unknown,Unknown,Unknown,Unknown,Positive,Low,
10302,General Experience,Discovery,Unknown,Unknown,Unknown,Unknown,Unknown,Positive,Low,
10309,Delivery,Delivery,Customer service and delivery are hard to beat.,Unknown,Reliable customer service and delivery.,Unknown,Unknown,Positive,Low,
10317,General Experience,Discovery,Unknown,Unknown,Targeted marketing insights.,Unknown,Unknown,Neutral,Low,
10325,Pricing,Browsing,Local shops offer better discounts on goods.,Price Concern,Better discounts and pricing.,Unknown,Groceries,Negative,Medium,
10330,Inventory,Browsing,Dark stores lack stock for high value items.,Limited Information,Consistent stock of high value items.,Unknown,Electronics,Neutral,High,
10333,General Experience,Post-Purchase,No return policy available on Blinkit.,Trust,Easy return policies.,Unknown,Unknown,Negative,High,
10341,General Experience,Discovery,Unknown,Unknown,Unknown,Unknown,Unknown,Positive,Low,
10342,General Experience,Discovery,Unknown,Unknown,Unknown,Unknown,Unknown,Positive,Low,
10344,Inventory,Delivery,Security issues with high value items like TVs.,Trust,Better security for high value items.,Unknown,Electronics,Neutral,High,
10354,Inventory,Browsing,Catalog is limited for high-ticket electronics.,Limited Information,Better product catalogs for electronics.,Unknown,Electronics,Mixed,Medium,
10358,Pricing,Browsing,Unknown,Unknown,Lower prices on electronics.,Unknown,Electronics,Positive,Low,
10359,Homepage,Discovery,Unknown,Lack of Awareness,Better personalized recommendations.,Homepage,Unknown,Neutral,Low,
10361,General Experience,Discovery,Unknown,Unknown,Unknown,Unknown,Unknown,Neutral,Low,
10364,Pricing,Browsing,Blinkit products are costlier than competitors.,Price Concern,Lower prices.,Unknown,Groceries,Negative,Medium,
10370,General Experience,Discovery,Unknown,Unknown,Unknown,Unknown,Unknown,Positive,Low,
10375,General Experience,Discovery,Unknown,Unknown,Unknown,Unknown,Unknown,Neutral,Low,
10376,General Experience,Discovery,Unknown,Unknown,Unknown,Unknown,Unknown,Neutral,Low,
10384,Inventory,Post-Purchase,Received a used and fake electronic product.,Trust,Authentic products.,Unknown,Electronics,Negative,High,
10385,Inventory,Delivery,Unknown,Unknown,Better quality control.,Unknown,Snacks & Beverages,Neutral,Low,
10386,Inventory,Post-Purchase,Pathetic quality of delivered groceries.,Trust,Better product quality.,Unknown,Groceries,Negative,High,
10388,General Experience,Post-Purchase,Delayed refunds for damaged items.,Trust,Faster refunds.,Unknown,Groceries,Negative,High,
10389,Inventory,Post-Purchase,Delivered expired products with poor customer support.,Trust,Better customer support.,Unknown,Snacks & Beverages,Negative,High,
