review_id,source,rating,date,review_text,relevant,reason,confidence
3,playstore,1.0,2026-07-23 15:59:32,update 3: since I stopped ordering from Blinkit 🎉 and Zomato company I have saved rs 8000 in just three months... plus efforts are saved on taking the mad delivery guys 📦... really happy with my decision...,True,"Reflects repeat purchases, user motivations, and why the user stopped ordering.",0.96
10,playstore,4.0,2026-07-23 14:47:02,Good Discount and fast delivery easy to selected item 👌,True,Mentions discounts and ease of selecting items.,0.92
16,playstore,2.0,2026-07-23 14:37:29,much more delivery charges,True,Discusses delivery charges which act as a purchase barrier.,0.9
21,playstore,5.0,2026-07-23 14:32:59,excellent service by Blinkit. Especially for medicines. it provides doctor's consultation also for free. and suggest you better medicines according to your health issues. India is growing!!,True,"Discusses medical category exploration, doctor consultations, and trust in products.",0.95
24,playstore,1.0,2026-07-23 14:26:40,blinkit charging extra mony on everything i will never buy anything from now from blinkit. recently i purchase a lip balm from here so on others app this lip balm price is 198 or 188. but here 222 rs. this is so bad and now they are started adding 12 rs. handeling charge also . 10 minutes delivery is okay but they charged tooo much for everything. instead of this app you can use flipcart minutes or any other app.,True,Discusses pricing comparison with other apps and extra handling charges affecting purchase decisions and trust.,0.97
25,playstore,1.0,2026-07-23 14:26:25,no cash on delivery,True,Discusses payment options (COD availability) acting as a purchase barrier.,0.94
27,playstore,5.0,2026-07-23 14:21:52,excellent service and products are of really very good quality 👌,True,Discusses product quality and trust in products.,0.92
28,playstore,1.0,2026-07-23 14:21:47,expired products,True,"Discusses expired products, directly impacting trust in products.",0.96
35,playstore,5.0,2026-07-23 13:47:37,l like free delivery,True,Mentions free delivery as a user motivation or purchase incentive.,0.9
37,playstore,5.0,2026-07-23 13:42:04,Everything is available with very affordable price,True,"Discusses product availability and pricing, influencing purchase decisions.",0.93
39,playstore,1.0,2026-07-23 13:37:47,price and quantities issue,True,"Discusses price and quantity issues, affecting product information and trust.",0.92
41,playstore,5.0,2026-07-23 13:29:12,"I have been using Blinkit for a long period now, today I am really happy to share my experience, I bought a watch from blinkit, but it was not working as I unboxed it, so I initiated a refund which was quick and in few minutes work, the delivery partner came soon and picked it and my refund was initiated, then I bought another brand but delivery guy got stuck because of his vehicle failure, instantly the blinkit support team (Mr Abhishek) helped and delivery was done so quick. really thanks 🙏",True,"Discusses product issues, repeat purchases, and refund experiences affecting trust.",0.91
44,playstore,4.0,2026-07-23 13:26:11,very good very convenient but price are bit expensive compare to other quick commerce site but overall its the best.,True,"Compares prices with other quick commerce sites, directly impacting purchase decisions.",0.95
47,playstore,4.0,2026-07-23 13:12:04,why delivery charge extra on each product,True,"Discusses extra delivery charges per product, acting as a purchase barrier.",0.94
50,playstore,2.0,2026-07-23 13:08:41,"In my last order 15 rs added , for every delivery we have to pay 20 rs ? what is the reason?",True,"Discusses extra fees added per delivery, acting as a purchase barrier.",0.93
51,playstore,3.0,2026-07-23 13:06:37,Blinkit was one of the most used appa on my phone but now I've seen that some products that I buy often are being sold at prices higher than the MRP.. like seriously?? whats this behaviour?? I won't complain about some delivery fee or stuff but selling stuff at higher prices is not acceptable at all !!,True,"Discusses pricing and products being sold above MRP, affecting purchase decisions and trust.",0.98
53,playstore,5.0,2026-07-23 12:53:45,it's very easy to way of all types of things and shopping,True,Discusses ease of shopping and finding all types of things.,0.9
54,playstore,1.0,2026-07-23 12:51:29,poor quality provided,True,Discusses product quality which directly impacts trust in products.,0.95
55,playstore,4.0,2026-07-23 12:49:53,good service and verry fast ⏩ and blinkit is easy to hame all products kvickly received one of the best app for my and me family,True,Discusses product availability and getting products quickly.,0.92
58,playstore,3.0,2026-07-23 12:42:29,"I it's convenient, easy to get ...yeah",True,Discusses convenience and ease of getting products.,0.88
59,playstore,5.0,2026-07-23 12:42:11,"""Super fast delivery! All items were fresh, properly packed, and delivered in perfect condition. Great service as always.Blinkit has made daily grocery shopping so convenient! Fantastic packaging, high-quality products, and unbelievably quick delivery every single time. 10/10 service... 😊😊",True,"Discusses fresh items, packaging, and daily grocery shopping convenience.",0.93
62,playstore,1.0,2026-07-23 12:30:11,"Extremely disappointed with this order. The Organic Ladyfinger (500 g) came in two 250 g packs, but one entire pack was completely spoiled and had to be thrown away. The Raw Mango (500 g) was the small, round variety with a huge seed and very little pulp, yet the description never mentioned this, making it misleading and poor value for money. The Chopped Spinach contained mostly thick stems instead of spinach leaves, making it feel like the weight was increased by adding sticks than actual.",True,"Discusses spoiled products, misleading product descriptions, and poor value for money, affecting trust and purchase decisions.",0.99
65,playstore,5.0,2026-07-23 12:20:09,its verry good app no need to explain too much just open it you will understand everything... ❤️,True,Discusses app usability and ease of understanding.,0.85
67,playstore,5.0,2026-07-23 12:18:07,easy to use and very helpful 🥰😍,True,Discusses ease of use.,0.85
74,playstore,5.0,2026-07-23 12:01:52,best grocery app ❤️,True,Identifies app as a grocery shopping platform.,0.8
75,playstore,3.0,2026-07-23 11:55:52,product market se bahut jayda high rate hota hai,True,"Discusses high product rates compared to the market, impacting purchase decisions.",0.95
78,playstore,2.0,2026-07-23 11:48:53,they inform after leaving their godown that they have shortage of item so they have cancelled..if they had informed earlier I wud have ordered another or replace my items,True,"Discusses item shortage and order cancellation, affecting product availability and purchase decisions.",0.92
82,playstore,5.0,2026-07-23 11:43:02,very nice nice quality,True,Discusses product quality.,0.9
83,playstore,4.0,2026-07-23 11:40:29,very good for a lazy person,True,Discusses user motivations for using the platform (convenience for lazy persons).,0.95
84,playstore,5.0,2026-07-23 11:39:56,Bhai mere city(bulandshahr) me aajaaaaa,True,Discusses product/service availability in a specific city.,0.9
85,playstore,1.0,2026-07-23 11:32:54,"A new Scam by Blinkit, ordered few items and two items were missing, have been trying to contact them but shows were are handling large order try again next time until the complaint window closes. so now it shows cannot entertain your complaint as the complaint window is closed. this is how they scam people now.. pathetic theif",True,Discusses missing items and customer support barriers affecting trust in products.,0.9
87,playstore,4.0,2026-07-23 11:30:33,Quick service . Just see the veg n fruits are not over ripe . Thanx 🌻,True,"Discusses the quality of vegetables and fruits, impacting trust in products.",0.95
88,playstore,5.0,2026-07-23 11:22:57,"Wonderful home deliveries! Blinkit is like Aladdin’s magic lamp—just rub it, and whatever you need magically appears at your doorstep! 😄✨",True,Discusses home deliveries and product availability convenience.,0.88
90,playstore,1.0,2026-07-23 11:19:50,"The reason behind giving 1 star is, their return policy, if a customer orders the wrong item, they don't return or replace, they straight away say we can't return, you should replace the item.",True,Discusses return/replacement policy which acts as a purchase barrier.,0.94
92,playstore,1.0,2026-07-23 11:16:40,Kisi Bhi time No Return Policy bol dete hai Or No exchange bhi bol rahe hai install mat karo aapna khud leke aao ja kar,True,"Discusses return and exchange policies, acting as a purchase barrier.",0.94
111,playstore,5.0,2026-07-23 10:27:07,better then amazon flipcart mesho,True,Compares shopping experience with other platforms.,0.9
112,playstore,1.0,2026-07-23 10:25:36,they are selling poor quality products...if you ask for an exchange or refund they will close the chat conversation..waste app,True,Discusses poor product quality and trust in products.,0.95
116,playstore,2.0,2026-07-23 10:21:49,only Cash on delivery option are open to plase order,True,Discusses payment options affecting purchase decisions.,0.88
118,playstore,4.0,2026-07-23 10:14:48,Some products are not available,True,Discusses product availability.,0.99
119,playstore,1.0,2026-07-23 10:04:44,Old purana metrial supply karte ye log,True,Discusses poor product quality and trust in products.,0.96
128,playstore,5.0,2026-07-23 09:42:41,ghar baithe saman mil raha hai aaj kal k baag dour wali life me,True,Discusses user motivations and shopping behavior for convenience in a busy life.,0.95
129,playstore,5.0,2026-07-23 09:41:13,great my emergency burden is just flew away since this service starts in our city,True,Discusses user motivations for emergency purchases.,0.94
131,playstore,5.0,2026-07-23 09:39:22,"it's a good site,but please give more discounts like pune",True,Discusses pricing and discounts affecting purchase decisions.,0.92
132,playstore,5.0,2026-07-23 09:37:10,it's a better way of groceries,True,Discusses shopping behavior for groceries.,0.89
135,playstore,5.0,2026-07-23 09:23:06,Extremely convenient. Wide range of products with good options.,True,"Discusses product range, options, and user motivations like convenience.",0.97
138,playstore,5.0,2026-07-23 09:08:49,Good reputed products choices are available.,True,Discusses product choices and trust in products.,0.96
141,playstore,4.0,2026-07-23 08:51:10,"not the best price , but convenient in cases of urgency .",True,"Discusses pricing, purchase decisions, and user motivations for urgency.",0.97
143,playstore,5.0,2026-07-23 08:47:27,super service and best products,True,Discusses product quality and satisfaction.,0.91
145,playstore,5.0,2026-07-23 08:44:41,All ways Easy to all items available super delivery always help me..,True,Discusses item availability and shopping convenience.,0.95
146,playstore,5.0,2026-07-23 08:40:08,"very dependable, and prompt. Always happy to order from Bl8nkit, over other similar apps. keep it up guys!😊",True,Compares shopping preferences and repeat purchases with other apps.,0.94
147,playstore,5.0,2026-07-23 08:39:00,"Great service, fresh commodities.",True,Discusses freshness and trust in products.,0.96
148,playstore,1.0,2026-07-23 08:35:43,last time delivery by damaged product,True,Discusses product quality and damaged items affecting trust.,0.94
151,playstore,5.0,2026-07-23 08:26:08,"⭐⭐⭐⭐⭐ Blinkit is one of the best delivery apps I've used. The delivery is always super fast, products are fresh, and the packaging is excellent. I also love initiatives like the ambulance service—it shows Blinkit cares about people, not just business. The app is easy to use, and the delivery partners are polite and professional. My only small suggestion is that I rarely receive good offers or discount coupons. I hope Blinkit rewards loyal customers with better deals. Overall, an amazing experie",True,"Discusses loyalty, repeat purchases, and lack of offers affecting shopping behaviour.",0.95
155,playstore,4.0,2026-07-23 08:05:15,it's good but sometimes when the product is wrong returning is a problem,True,Discusses product returns and customer trust/purchase barriers.,0.9
157,playstore,1.0,2026-07-23 07:57:19,onion size very small and all onion smelled and all are rotten,True,"Discusses product quality, freshness, and trust in products.",0.96
162,playstore,2.0,2026-07-23 07:25:12,It is expensive because of dilevery charges,True,Discusses delivery charges as a purchase barrier affecting purchasing decisions.,0.92
166,playstore,5.0,2026-07-23 07:00:56,we get safe order and fresh things and it comes very fast,True,"Discusses product safety, freshness, and trust in products.",0.91
167,playstore,1.0,2026-07-23 06:45:48,expired product,True,"Discusses expired products, directly relating to trust in products.",0.97
168,playstore,2.0,2026-07-23 06:43:13,increasing prices,True,Discusses increasing prices which acts as a purchase barrier.,0.94
169,playstore,1.0,2026-07-23 06:31:43,"I ordered the Pee Safe panty liner and the expiry date was misplaced. When it comes to personal hygiene products like this, things need to be proper for the peace of mind. I do not feel comfortable using a defected product so I politely demanded a refund and the agent ""Poulami"" didn't talk further and immediately closed the chat abruptly while my product issue was still unresolved. They are shoving defected products down our throats. I'm not gonna use blinkit ever again. Open your eyes everyone.",True,"Discusses product defects, personal hygiene trust, and reasons for stopping usage (purchase barrier/trust).",0.98
170,playstore,5.0,2026-07-23 06:25:26,now I'm ordering more products from this app but they need to maintain stocks. I never get any notification which I asked for notify when the product is available.,True,"Discusses repeat purchases, stock availability, and out-of-stock notification features.",0.96
173,playstore,1.0,2026-07-23 05:33:26,"Horrible packing , seemed like very very old products being not sold but discarded to the customer. Im extremely humiliated and frustrated at the products I bought which were actually valued worth Rs12000 and the way it was delivered and handed over to me seemed like the value of the products was just worth Rs 200. Disgusting and very unprofessional.",True,Discusses product packaging quality and perceived product value affecting trust.,0.93
176,playstore,5.0,2026-07-23 04:29:51,A good experience on blinkit health products and prescription on medicine,True,Discusses health products and prescription medicine category exploration.,0.94
178,playstore,1.0,2026-07-23 02:56:49,"blinkit service is good but service provider aren't sensible, all times we found that colddrink are not cold, get colddrink with 50• temperature All tims So please carefully for again order If we found again this type issue then I will close blinkit service permanently thanks",True,Discusses product quality (warm cold drinks) affecting trust and repeat purchase decisions.,0.92
179,playstore,5.0,2026-07-23 02:50:45,"Almost everything is available at any time, low prices than peers and fast delivery. Good job Blinkit! 🙏 You are a saviour for people like us who remember things in the middle of the night.",True,Discusses product availability and user motivations for using quick commerce (late night forgotten items).,0.97
186,playstore,1.0,2026-07-23 01:21:11,"worst service I never get , I got pampered product from blinkit.",True,Discusses damaged/pampered product quality impacting product trust.,0.91
188,playstore,1.0,2026-07-23 01:09:11,"compare to flipkart minutes, blinkit services and products and return policy is worst. may be a small platform overall. i bought one product today and requested return because of cheap plastic and smells alot . they said we cannot exchange or return. whereas in half the price, i bought from flipkart minutes with better quality. blinkit just lost 3 everyday regular customets in my family because of 300 rs.",True,"Discusses product quality, return policies, and switching to competitors, directly impacting repeat purchases and trust.",0.98
190,playstore,5.0,2026-07-23 00:51:49,very much helpful app for urgent situations,True,Discusses user motivations for using the platform in urgent situations.,0.93
192,playstore,2.0,2026-07-23 00:27:33,"always delivering COOL drinks without cooling, I'm very upset about that",True,"Discusses product quality (drinks not cold), affecting product satisfaction and repeat purchases.",0.94
197,playstore,5.0,2026-07-23 00:06:25,very good quality product,True,"Discusses product quality, impacting trust in products.",0.92
198,playstore,1.0,2026-07-22 23:58:33,sent me expiry completed product.Ban Blinkit in india,True,"Discusses expired products received, directly impacting product trust.",0.97
199,playstore,5.0,2026-07-22 23:57:08,some time extending. is important. because last time it was till 1 am,True,Discusses operating hours and shopping behaviour timing.,0.9
200,playstore,5.0,2026-07-22 23:56:33,Bakwaas..what do you mean by shop not available high demand at 8.20 a.m?Your duty to have more staff.,True,Discusses product availability and stock issues during high demand.,0.96
202,playstore,5.0,2026-07-22 23:55:14,"⭐⭐⭐⭐⭐ I'm truly grateful to Blinkit! ❤️ Last night around 11:30 PM, my father urgently needed a Pet Safa product. There was no one else at home, and as a girl, it wasn't safe for me to go out that late. 😔 I ordered it on Blinkit, and it arrived in just 7 minutes! 🚀 Thanks to your super-fast delivery, I could help my father immediately. 🙏 Thank you for bringing such reliable service to my city. In emergencies, Blinkit is a true lifesaver! 💚👏And thankyou to the dilivery man as well ❤️",True,Discusses user motivations and emergency purchase decisions.,0.95
204,playstore,5.0,2026-07-22 23:50:45,"When you need few essentials things urgently, it's a great app to deliver it at your doorstep. Thank you Blinkit.",True,Discusses user motivations and purchase decisions for essentials.,0.92
205,playstore,1.0,2026-07-22 23:49:01,hight price comparison local market,True,Discusses pricing and purchase barriers compared to local markets.,0.96
206,playstore,5.0,2026-07-22 23:48:15,great application for general use items,True,Mentions shopping behavior for general use items.,0.85
208,playstore,5.0,2026-07-22 23:39:40,super service but charges more,True,Discusses pricing as a purchase barrier.,0.91
210,playstore,1.0,2026-07-22 23:37:07,only local items don't install blink it app,True,Discusses product assortment and availability.,0.94
212,playstore,5.0,2026-07-22 23:26:14,provide greatest discount on any product with fastest delivery 👍😍,True,Discusses discounts and pricing affecting purchase decisions.,0.93
215,playstore,1.0,2026-07-22 23:20:21,"I had ordered from blinkit few times but this time it's really disappointing for me because I had brought whole fram chakki aata and it's quality is not very good .....and I wanted a refund or I could atleast get to complaint about it but there's no such system about filling a complaint about this type of product and You guys really think that we customer are fool,don't you...",True,Discusses trust in products regarding quality issues.,0.95
216,playstore,5.0,2026-07-22 23:18:27,great app for asap delivery of required items,True,Discusses user motivations for urgent purchases.,0.89
219,playstore,5.0,2026-07-22 23:12:31,nice platform easy shopping affordabale rate,True,Discusses shopping experience and affordable rates.,0.9
221,playstore,5.0,2026-07-22 23:09:27,best for emergency 🫶🏻🫂,True,Discusses user motivations for emergency shopping.,0.94
223,playstore,1.0,2026-07-22 23:05:15,blanket se koi bhi order na khariden blancate wale bahut Dhokha Dhadi kar rahe hain maine apne bacche ke liye Nariyal Pani mangaya tha Botal wala usmein kide nikale Hain,True,Discusses severe trust issues regarding product quality/contamination.,0.97
225,playstore,1.0,2026-07-22 23:00:48,"I had ordered amul butterscotch icecream, but the butterscotch nuts and crunches have became soft. Storage people have not maintained refrigeration properly. Please try not to order ice creams from blinkit",True,Discusses product quality and storage/refrigeration trust.,0.96
226,playstore,1.0,2026-07-22 22:54:59,awfull Returning any expensive item is extremely difficult in Blinkit go for Bigbasket and flipkart 20 minutes avoid Blinkit,True,Discusses return policies affecting purchase decisions compared to competitors.,0.93
231,playstore,1.0,2026-07-22 22:47:32,products delivered are expired,True,Discusses product quality and trust regarding expired goods.,0.96
232,playstore,3.0,2026-07-22 22:40:03,Rs 10 Xtra every order,True,Discusses extra charges acting as a purchase barrier.,0.9
233,playstore,4.0,2026-07-22 22:39:04,best delivery and fast but to expensive,True,Discusses high pricing as a purchase barrier.,0.94
236,playstore,4.0,2026-07-22 22:34:14,Nice services and it's pretty awesome while placing an order of medicine 💊 and receive physician's call as well to be recommended that what medicine should be taken,True,"Discusses product discovery, recommendations, and shopping experience for medicines.",0.95
237,playstore,1.0,2026-07-22 22:24:16,waste of money bad quality eggs 300 rupees wasted,True,Discusses product quality and trust issues.,0.95
238,playstore,5.0,2026-07-22 22:20:48,wonderful app... eassy way to bought a grocery or household items.. thank you 😀A big thank you blinkit..it is very nice service for me.. I ordered any item anytime 😀😀this app is very convenient for me ❤️,True,Discusses shopping convenience and motivations for household items.,0.91
240,playstore,5.0,2026-07-22 22:17:02,"This application is unequivocally the best I have ever encountered for all my needs, ranging from groceries and household items to late-night cravings and medicinal emergencies, and much more.",True,"Discusses user motivations across multiple categories (groceries, cravings, medical emergencies).",0.97
245,playstore,4.0,2026-07-22 22:13:05,First order. So pleasantly shocked by such a fast delivery. The price of items was very competitive and attractive compared to amazon. So happy with this first experience although delivery bag was torn badly. But items arrived in less than 15 mins of ordering. Truly an eye blinking experience. Thank you.,True,Discusses competitive pricing influencing purchase decisions compared to competitors.,0.96
246,playstore,5.0,2026-07-22 22:09:59,super these app make my life soo easy thanku so much blinkit for your great services and your customer care also so helpful and respond immediately if Items are in poor condition or damage they immediately solve the problem,True,Discusses customer support handling of product damage affecting trust.,0.88
247,playstore,5.0,2026-07-22 22:08:12,blinkit helped me in need in late night hours and that too at my home location where all major delivery partners were not available. Really thankful to Blinkit,True,Discusses user motivations for late-night emergency shopping.,0.94
248,playstore,5.0,2026-07-22 22:07:17,very good app and very fast delivery 🚚👍100% save or best quality,True,Discusses product quality and trust.,0.89
251,playstore,2.0,2026-07-22 22:02:01,good but please open for 24 hours,True,User discusses availability and store operating hours affecting purchase decisions.,0.92
252,playstore,5.0,2026-07-22 21:59:28,My First Order & I hope a long time good hi rhega,True,Mentions first-time order and expectations for repeat purchases.,0.85
253,playstore,1.0,2026-07-22 21:55:30,worst product delivered. poor quality. Blinkit is not helping me on returning the product,True,Discusses poor product quality and trust in products.,0.95
255,playstore,2.0,2026-07-22 21:51:40,worst appppp! no white monster available at the store from a longggg time REALLY!!!,True,Discusses product availability issues directly.,0.99
262,playstore,4.0,2026-07-22 21:33:21,perfect for emergencies and especially when you need print outs,True,Discusses user motivations and use-case for emergencies and printouts.,0.96
263,playstore,5.0,2026-07-22 21:30:35,excellent service and quantity of items offered,True,Discusses product quantity and service.,0.88
269,playstore,1.0,2026-07-22 21:16:36,now a days deliver all damage products,True,"Discusses receiving damaged products, impacting trust in products.",0.96
270,playstore,5.0,2026-07-22 21:15:33,"very good affordable app and lag free app delivery service all is good, no extra charges and very easy to purchase the grocery and more things.",True,"Discusses pricing, affordability, and ease of purchase.",0.9
273,playstore,5.0,2026-07-22 21:08:58,"Really Good!!! I love your fast and efficient service. Especially, during monsoon Blinkit helps a lot... 🙂🙂🙂🙂🙂🙂🙂🙂🙂🙂🙂🙂🙂🙂🙂🙂🙂🙂🙂🙂🙂🙂🙂🙂🙂🙂🙂🙂🙂🙂🙂🙂🙂🙂🙂🙂🙂🙂🙂🙂🙂🙂🙂🙂🙂🙂🙂🙂🙂",True,Discusses user motivations during specific conditions like monsoons.,0.91
274,playstore,5.0,2026-07-22 21:08:40,best app in emergency 😭😭😭,True,Highlights emergency use-case and user motivation.,0.94
275,playstore,1.0,2026-07-22 21:05:59,"worst experience ever I had, being it's my 1st order.... responsibility and accountability is not There...i recommend do not use",True,First order experience impacting future purchase decisions.,0.9
278,playstore,5.0,2026-07-22 21:03:48,price are less than other apps,True,Discusses comparative pricing influencing purchase decisions.,0.95
281,playstore,5.0,2026-07-22 21:00:43,better then zepto,True,"Comparative preference over competitors, reflecting shopping behavior.",0.92
282,playstore,1.0,2026-07-22 20:59:55,extra pese लेता h,True,Discusses extra charges affecting purchase decisions.,0.91
288,playstore,1.0,2026-07-22 20:50:22,worst product received,True,"Discusses receiving poor products, impacting trust in products.",0.95
290,playstore,4.0,2026-07-22 20:46:46,helpfull and best for emergency 🫵🏻🩷,True,Highlights user motivation for emergency purchases.,0.94
292,playstore,5.0,2026-07-22 20:46:22,You should sell some cheap products which are easily affordable. Rest all the things are nice.,True,Suggests product catalog changes and affordability affecting purchase decisions.,0.97
294,playstore,5.0,2026-07-22 20:43:25,hamesha kam aata hai 👍 good job blinkit,True,Discusses repeat usage behavior ('hamesha kam aata hai').,0.93
295,playstore,5.0,2026-07-22 20:41:45,"quick, easy and simple!",True,Discusses ease of use and purchase process.,0.89
298,playstore,5.0,2026-07-22 20:39:03,Fast and Easy with good competitive price,True,Discusses ease of use and competitive pricing influencing purchase decisions.,0.94
302,playstore,5.0,2026-07-22 20:30:04,"get what ever whenever, thats blinkit",True,Discusses user motivations and convenience for instant needs.,0.85
307,playstore,5.0,2026-07-22 20:25:00,rates little bit high,True,Discusses pricing as a purchase barrier.,0.9
309,playstore,1.0,2026-07-22 20:22:41,too much charge,True,Discusses extra charges acting as a purchase barrier.,0.9
311,playstore,5.0,2026-07-22 20:22:01,great but there is not vithoba and closeup available at 20rs,True,Discusses product availability and price points.,0.95
313,playstore,1.0,2026-07-22 20:21:17,very bad product and expiry product and very bad condition,True,"Discusses product quality and expiry, affecting trust in products.",0.96
315,playstore,1.0,2026-07-22 20:19:06,chargers more amount for delivery,True,Discusses delivery charges acting as a purchase barrier.,0.9
317,playstore,4.0,2026-07-22 20:13:58,the product we search is not showing and showing other product 😑,True,Directly discusses search experience and irrelevant results.,0.99
318,playstore,5.0,2026-07-22 20:13:52,it's the best last minute app,True,Discusses user motivations for last-minute shopping.,0.92
325,playstore,5.0,2026-07-22 20:03:27,"good for instant deliveries, W app, a saviour honestly",True,Discusses instant delivery motivation and shopping behavior.,0.88
326,playstore,1.0,2026-07-22 20:02:20,Blinkit never does discrete packing of sexual wellness products.,True,Discusses packaging privacy affecting trust and purchase decisions for specific categories.,0.95
330,playstore,2.0,2026-07-22 19:59:52,"never order fresh items like milk, eggs etc. they supply expired or near expiring date.",True,Discusses trust in fresh products and expiry dates affecting purchase decisions.,0.97
331,playstore,5.0,2026-07-22 19:59:27,"this is a good app and deliveri timw is so fast good qulty food , sankas, chikin, all is good best app❣️❣️",True,Mentions product quality and food categories purchased.,0.88
332,playstore,5.0,2026-07-22 19:57:40,this is good ok all items are available,True,Discusses overall product availability.,0.9
334,playstore,5.0,2026-07-22 19:56:10,yah bahut achcha achcha Saman Ghar pahuncha pahuncha kar de deta hai isliye ki bahut achcha hai aur aap log bhi saamp ko bahut achcha Sa Chala sakte hain aur kahe kar sakte hain duniya mein bahut sare kharab log Hain increase app ki vajah Se mujhe ab bahar se Saman nahin Lana padega Ghar baithe Saman a jaega aur Main ismein 500 words Bhar ke hi rahunga aur Main kuchh nahin jaanta hun abhi 4:00 ho chuka hai per Meri baten aap log Sun lijiye isliye kahate Hain billing kit achcha hai aur blancate k,True,Discusses user motivation and how quick commerce replaces offline store visits.,0.94
337,playstore,5.0,2026-07-22 19:50:54,bhoot acha discount diya aapne,True,Discusses discounts affecting purchase decisions.,0.91
343,playstore,5.0,2026-07-22 19:40:26,I like the app and service given by the app but sometimes the order main packaging is not good🙁 that only the problem and nothing,True,Discusses product packaging quality impacting trust.,0.92
349,playstore,3.0,2026-07-22 19:28:20,MRP 70 rs aur sale price 73,True,Discusses pricing discrepancies (MRP vs sale price) affecting purchase trust.,0.96
350,playstore,1.0,2026-07-22 19:28:15,poor service high prices very bad experience,True,Discusses high prices acting as a purchase barrier.,0.92
354,playstore,4.0,2026-07-22 19:20:55,fast delivery.but prices are high compared to other platforms..,True,Discusses pricing as a purchase barrier compared to other platforms.,0.96
356,playstore,1.0,2026-07-22 19:17:19,"worst app , worst customer care service, pathetic indian brand , not at all professional, they host defective items in their platform and do not replace item , typical cheap mindset ,not at all global brand , looks like baniya thugg entrepreneur goyal hosted a platform , does not care what a mess it has become. Horrific experience ,never use it .",True,Discusses trust in products due to receiving defective items and poor customer support affecting purchase decisions.,0.92
359,playstore,1.0,2026-07-22 19:13:10,bad not delivered proper item's,True,Discusses trust in products due to not receiving proper items.,0.88
365,playstore,4.0,2026-07-22 19:05:46,Very nice app & very usefull app especially during early morning and late night thanks for urs service,True,Highlights user motivations and shopping behavior during specific times like early morning and late night.,0.94
372,playstore,1.0,2026-07-22 18:57:57,"Well, I was a regular blinkit customer when I used to live in the metro city, But today when I was placing orders from my location to some other place ( Order for someone else ) the blinkit was showing service unavailable, I was trying to place the order many times, Refreshing it after every 10-20 minutes but still it is showing unavailable service please try afterwards. This is not at all good totally disappointing",True,Discusses product availability and service limitations affecting purchase decisions when ordering for others.,0.91
379,playstore,1.0,2026-07-22 18:50:40,Bakwas app...aap kuch galat order kr do accidentally toh return ka opt he nahi hai and customer support bhi acha nahi,True,Discusses return options and customer support as purchase barriers.,0.89
381,playstore,3.0,2026-07-22 18:46:42,service is good but delivery charge is more,True,Discusses delivery charges as a purchase barrier.,0.92
383,playstore,5.0,2026-07-22 18:44:52,"yesterday I want to purchase a engineering calci but I couldn't find it. because it was already 10 pm, suddenly I remember blinkit then I installed the app I booked the engineering calci i received it with in 10 mins that was really awesome i couldn't believe how fast my tension was gone. Thank you blinkit",True,Highlights user motivations and shopping behavior regarding emergency needs and product availability late at night.,0.97
385,playstore,1.0,2026-07-22 18:35:53,"Very disappointed. I've been a regular Blinkit customer and never expected such poor after-sales support. I received completely melted ice creams, reported the issue immediately, uploaded photos within minutes, and followed every instruction. Despite clear evidence, my complaint was repeatedly rejected with generic responses and no proper explanation. I had to interrupt my work, spend hours following up through emails, the Grievance Officer, and the Nodal Officer, yet received no fair resolution",True,Discusses product quality (melted items) and trust in products affecting purchase decisions.,0.9
388,playstore,5.0,2026-07-22 18:31:57,"i just love this app, anything anytime, anywhere....✨",True,Discusses general shopping behavior and user motivations regarding convenience and availability.,0.87
390,playstore,1.0,2026-07-22 18:27:12,worst app having low grade quality product pls do not order from blinkit worst app and company,True,Discusses low product quality affecting trust in products and purchase decisions.,0.93
397,playstore,3.0,2026-07-22 18:09:56,"Really great,very punctual,easy to get anything we want but extra delivery charge is not good for minimal orders",True,Discusses extra delivery charges for minimal orders acting as a purchase barrier.,0.94
399,playstore,5.0,2026-07-22 18:05:54,good for any emergency,True,Highlights user motivations regarding emergency shopping behavior.,0.92
400,playstore,4.0,2026-07-22 18:05:37,"good service.. help to every job holders, old age persons, in every season's.. I liked very much.. and thank u to blinkit..🤗🤗",True,"Discusses user motivations and shopping behavior for specific demographics (job holders, old age persons).",0.95
407,playstore,4.0,2026-07-22 17:52:38,Give us more discount,True,Discusses discounts which impact purchase decisions.,0.9
408,playstore,5.0,2026-07-22 17:51:28,best application for shopping,True,"User mentions it as the best application for shopping, reflecting shopping behaviour/trust.",0.75
415,playstore,4.0,2026-07-22 17:38:16,"delivery charges is little higher, after purchasing item worth above ₹600",True,Discusses delivery charges affecting purchase decisions.,0.92
418,playstore,5.0,2026-07-22 17:34:48,this app help me at any time,True,"Discusses reliance on the app at any time, relating to user motivations and shopping behaviour.",0.8
419,playstore,1.0,2026-07-22 17:31:16,useless only dealer very fast No deals products not available usless ad Amazon fresh far better deals minutes by flip kart cheaper than blinkit bye bye I uninstall app,True,"Compares deals, product availability, and prices with competitors, affecting purchase decisions.",0.96
421,playstore,5.0,2026-07-22 17:26:47,Great boon for senior citizens 👏,True,Highlights a specific user segment (senior citizens) and user motivation.,0.88
422,playstore,1.0,2026-07-22 17:25:45,"Extremely disappointing experience. Blinkit delivered a damaged skincare product as a free gift and then refused to replace it simply because it was free. Whether an item is paid or complimentary, customers should never receive damaged or unusable products. Customer support only kept apologizing without offering any real solution. This shows a lack of responsibility and poor customer service. Very disappointed with how this issue was handled. I expected much better from Blinkit.",True,Discusses trust in products and customer service regarding damaged items.,0.85
849,appstore,1.0,,"Very disappointing customer service. I accidentally ordered the wrong product and contacted support immediately. The product was completely unopened and sealed, but they still refused to help with a return or exchange.

Mistakes can happen, and I expected at least some flexibility for an unopened item. Instead, I received no support or satisfactory resolution. This experience has made me lose trust in Blinkit, and I’ll think twice before ordering again.",True,"Discusses return policies and loss of trust, affecting purchase decisions and future orders.",0.95
850,appstore,1.0,,It doesn’t give upi payment discount like Zepto & Instamart . little Bit Expensive then it,True,"Compares payment discounts and pricing with competitors, impacting purchase decisions.",0.97
853,appstore,1.0,,Prices in Android and Apple devices are different. Prices in apple devices are more.,True,"Discusses price discrepancies across devices, impacting purchase decisions and trust.",0.95
855,appstore,5.0,,Blinkit has all the things i wanted it is a very nice thing,True,Discusses product availability and meeting user shopping needs.,0.9
856,appstore,5.0,,"Blinkit is actually super good because it delivers things on time, and it can actually be called as India’s last moment delivery app and everything is available unlike Zepto and it and only like hardly a few things are not there, and I would recommend that you should add a more couple of things in there and it would be the best",True,"Discusses product availability, last-minute shopping behaviour, and comparison with competitors.",0.94
858,appstore,4.0,,Please increase ur blinkit stores in chhatarpur mp,True,Discusses store/service availability affecting purchase barriers.,0.9
860,appstore,1.0,,This is the 2nd time and the cashback coupon has not worked at all. It kind of feels like scam to put such a coupon option.,True,Discusses cashback coupons and offers affecting purchase decisions.,0.92
861,appstore,1.0,,No cash on delivery available most time,True,Discusses payment method availability (COD) acting as a purchase barrier.,0.94
864,appstore,3.0,,Price fluctuation,True,"Discusses price fluctuation, which directly impacts purchase decisions.",0.95
865,appstore,1.0,,There is no open box delivery. I received the product in bad condition. There is no return or replacement. Executives were calling for the query and saying as per internal policies we couldn’t make any help on this.,True,Discusses product condition and return policies affecting trust and purchase decisions.,0.94
866,appstore,5.0,,I like this app even in hurry it delivers in 10 minutes you must try it,True,Discusses user motivation and shopping behaviour during urgent needs.,0.92
867,appstore,1.0,,The sent me a product that literally cut my face and refused to return it. Never using this again,True,Discusses product safety/quality issues and return policies affecting trust and future purchases.,0.95
868,appstore,3.0,,High charge delivery charge handling charge etc etc taking too many charges,True,Discusses high delivery and handling charges acting as purchase barriers.,0.96
869,appstore,5.0,,All products are good,True,Discusses product quality and satisfaction.,0.85
871,appstore,5.0,,Boon for Seniors. So far they’ve been good with refunds and returns. Well done. Keep it up!,True,Discusses user segment and trust in refund/return policies.,0.88
876,appstore,1.0,,"In store employees are cancelling hotwheels orders which are rare 
It says cancelled due to technical issues - some sheet 
Reputed and premium app but fraud employees",True,Discusses order cancellation of rare items (Hotwheels) due to technical issues affecting purchase decisions and trust.,0.88
880,appstore,1.0,,Prices are high of the same item compared to other apps,True,"Discusses high item prices compared to other apps, affecting purchase decisions.",0.94
882,appstore,1.0,,This app scammed me .i order 10 items and they gave me 9 and now after tell them thay are not even accepting it that they gave me less item. I got scammed,True,Discusses missing items and trust in products/platform affecting repeat purchases.,0.89
883,appstore,1.0,,"They never return a product, it has been a few times now",True,Discusses return policies impacting trust in products and purchase decisions.,0.91
884,appstore,5.0,,Veryy usefull when stuck in any bad condition,True,Discusses user motivations and use cases for the quick commerce platform.,0.85
887,appstore,2.0,,App lags while searching and takes 30 -40 sec to come up items  that are searched,True,Discusses search experience and app performance while searching for items.,0.98
888,appstore,5.0,,"You are a life saver. I tried multiple shops for printing my exam sheet for tomorrow morning. Being Sunday, none of the printing shops were opened.",True,Highlights user motivations and emergency use cases for the service.,0.92
889,appstore,1.0,,Light is Not working and the frame is damaged.,True,Discusses product quality and damaged items affecting trust in products.,0.93
892,appstore,5.0,,"You are doing good
You can bring more healthy options",True,"User requests more healthy options, relating to product availability and catalog exploration.",0.95
893,appstore,3.0,,If i have placed an order of Rs.599 then i have to pay 611 that is so much,True,Discusses hidden charges or billing transparency affecting purchase decisions.,0.9
894,appstore,5.0,,Blinkit is so much useful nd fastt in delivery! I have never ever received an bad packaging or expired food! Love if,True,"Discusses product quality, packaging, and food expiry affecting trust in products.",0.92
895,appstore,5.0,,"My thanks may not enough for Blinkit in Bihar for me .its life saver for my father .my father in post recovery at home two week back and something was not good and someone told me to chek his sugar but i had nothing at home .
It was 11.30 night and i placed order on Blinkit for accu chek device it came in 10 minute while cheke sugar was deadly dropped to just 22 only .
So that night Blinkit and god saved my father .thanks Blinkit",True,Highlights a critical user motivation and medical emergency use case for quick delivery.,0.96
900,appstore,1.0,,This application is a fraud and this was happened twice in a day with me I ordered a shampoo bottle and when I received the item the bottle was empty and I take zero help from the store near me as well as the customer care team they said we cannot do anything when I said I want exchange they are making people fool and please don’t use this application if don’t want to waste your money and time.,True,"Discusses receiving an empty product and lack of exchange support, severely impacting trust in products.",0.94
901,appstore,2.0,,"App is great for quick delivery, but major lag issues on iPhone 15 Plus.

When I go inside Blinkit > Category > Sub-category > Product page, the FPS drops hugely and scrolling becomes very laggy. Response time is also very high while opening items inside sub folders/containers.

Please fix the performance and optimization for iPhone 15 Plus. Love the service, but this makes browsing painful.",True,"Discusses app performance issues specifically during category browsing, sub-category navigation, and product discovery.",0.98
903,appstore,1.0,,"product is not returnable and no where it has mentioned , bad experience… i have uninstalled and deleted the app. You lost a customer 😊..",True,Discusses non-returnable product policies affecting trust and causing user churn.,0.95
904,appstore,1.0,,"A regular customer of Blinkit here. However, of late, there is a tendency that items are either not available or not delivered, and shown as delivered. The delivery person doesn’t inform you about non-availability of the items/items not being delivered. After delivery, one has to check item-wise, and make sure everything has been delivered, which is quite a task. And then one has to contact the customer care for redelivery/refunds. No automatic processing from Blinkit’s end, unlike other platforms like Milk Basket. 

I ordered twice on Blinkit today, and both the times, items were missing. On contacting customer care, I was informed that some items were not available, and some were available, but not delivered. And in case of small value items, they don’t do re-delivery, they only process refunds, that too without refunding handling / delivery charges. 

Extremely unprofessional attitude from Blinkit!!",True,"Discusses item availability issues, missing items, and poor post-purchase experience affecting repeat purchases and trust.",0.96
905,appstore,3.0,,When the customer taps on order the cart and bill details with delivery charges if any should be transparently shown to the customer and not to the payment page directly,True,"Discusses bill transparency, delivery charges, and cart details directly affecting purchase decisions.",0.97
909,appstore,5.0,,I am very happy with the fresh Quality grocery service delivery of Blinkit awesome company keep it up God bless keep shining.Also stock herbs too like fresh lemongrass please thanks 👌 also some cash discounts card based ?,True,"Discusses product freshness, requests specific stock additions (herbs/lemongrass), and asks about card discounts affecting purchase decisions.",0.97
910,appstore,1.0,,The gift card i sent to someone was delivered without pin,True,Discusses product fulfillment issues regarding gift cards affecting trust in products.,0.9
911,appstore,5.0,,Thank you BLINK IT FOR PROVIDING US YOUR LATE NIGHT HELP,True,Discusses user motivations and use cases for late-night ordering.,0.92
912,appstore,1.0,,"None of the payment options are working,

Update: this dumb app stop accepting any payment and mark any payment as invalid, if i add amex card for payment, so fix your app instead of asking customers to send emails, no one is free enough to send you emails on bugs in your app, its your development and testing team’s job, customers are paying you and not the other way around, so stop wasting customers time and fix it before you start loosing more customers.",True,Discusses payment option failures that directly act as purchase barriers.,0.95
915,appstore,1.0,,Not retune items,True,Discusses return policy limitations affecting trust.,0.93
918,appstore,1.0,,Too high prices and delivery charges,True,Discusses high prices and delivery charges acting as purchase barriers.,0.96
920,appstore,5.0,,I have been using Blinkit for almost 2 yrs and it has been addictive for everything it has,True,"Discusses long-term usage, habit formation, and repeat purchases ('addictive').",0.95
922,appstore,5.0,,"Blanket is a very good service, but you’re getting careless with the things that you are sending so please make sure that the vegetables are fresh and the bread is soft and it gets there in time",True,"Discusses product quality (fresh vegetables, soft bread) affecting trust in products.",0.94
923,appstore,1.0,,Every order has some items missing which should be complaint by us. And the resolution is also not provided immediately.,True,Discusses missing items in every order affecting repeat purchases and trust in product fulfillment.,0.95
924,appstore,5.0,,It is very comfortable 👍,True,User mentions overall comfort which ties into user motivations and experience.,0.65
925,appstore,1.0,,Why use plastic bags? Why cant u use paper bags like bigbasket,True,"Discusses product packaging preference compared to competitors, reflecting trust and product expectations.",0.75
926,appstore,5.0,,Good app for last minute shopping,True,Highlights shopping behaviour for last-minute shopping needs.,0.95
929,appstore,1.0,,"Poor customer service. @letsblinkit surprised to see such poor level of customer service. I ordered an I phone type c charger, picked the wrong one in hurry. Realised my mistake as i wanted a charger for  16plus but got the one used for other variants “1 x type C to lightning cable. Requested for a replacement, was denied outrightly.",True,Discusses product selection error during ordering and customer service impact on purchase decisions.,0.85
933,appstore,4.0,,You should open service in Chengalpattu also,True,Discusses service availability in a new location.,0.9
934,appstore,1.0,,Last time the bread I have ordered! The seal of the bread was opened!,True,"Discusses product quality and seal tampering, affecting trust in products.",0.95
940,appstore,5.0,,"Thank You for starting your services in our area, we hope you will continue for future.",True,Mentions service availability in the local area.,0.85
943,appstore,3.0,,Prices are more than most other instant delivery apps,True,"Compares product/service pricing with other instant delivery apps, affecting purchase decisions.",0.95
947,appstore,1.0,,Unnecessary charges being added. If user overlooked then that will continue. So refrained from this to avoid unwanted burden on user or customer,True,Discusses hidden charges and unwanted costs impacting purchase decisions and trust.,0.95
951,appstore,5.0,,I could order just within a minute,True,Highlights fast checkout and user experience during purchase decisions.,0.9
952,appstore,2.0,,Fresh milk and vegetables should come,True,Discusses product freshness and expectations for specific grocery categories.,0.95
957,appstore,1.0,,There’s no reduction in price and also surge charge and always takes too long time to reach the destination not happy with the app,True,Discusses price reduction issues and surge charges affecting purchase decisions.,0.9
961,appstore,5.0,,So convenient to order at 3:10 am . Thanks for understanding the customers,True,Highlights user motivations and shopping behavior regarding late-night ordering.,0.95
962,appstore,1.0,,"very high products, everything is there and very low service",True,Mentions high product pricing and perceived service value affecting purchase decisions.,0.85
966,appstore,1.0,,Charging too much and not dilivering on time,True,Mentions high pricing and delivery timing affecting purchase decisions.,0.85
968,appstore,5.0,,Most convenient app for your daily necessities,True,Highlights shopping behaviour for daily necessities.,0.9
969,appstore,5.0,,"Ultra-Fast Delivery: Delivers daily essentials, groceries, electronics, and household items within 10–15 minutes.
Wide Variety & Expansion: Beyond groceries, it now offers electronics, apparel, beauty products, printouts, and seasonal items",True,"Discusses wide variety, category expansion, and product discovery.",0.98
970,appstore,1.0,,"Worst delivery executives… 
Damaged products deliveres. Not even refund or exchange options are available.",True,Discusses damaged products and lack of return/refund options affecting trust and purchase decisions.,0.95
971,appstore,1.0,,While proceeding for final checkout they never show the bill preview so that no one can see the hidden charges they will apply post order. We were usually making 2-3 orders per day then finally we noticed this fishy thing and this will be the last order I had placed.  Guys be careful before you get robbed and by the time you will realize it will be too late.,True,"Directly discusses checkout bill preview, hidden charges, and how it completely stops repeat purchases and purchase decisions.",0.98
973,appstore,1.0,,High free delivery charges,True,Discusses delivery charges impacting purchase decisions.,0.9
974,appstore,3.0,,In the blinkit app.. all products are little bit costly then zepto,True,Discusses pricing comparison affecting purchase decisions.,0.95
975,appstore,5.0,,Very convenient and fast service 👍🏼,True,Discusses convenience and user motivation.,0.9
979,appstore,5.0,,Good natural quality 🫶🏻❤️,True,Discusses trust in product quality.,0.95
980,appstore,1.0,,"The chicken I ordered is stinking , it’s pale",True,Discusses product quality and trust in products.,0.98
983,appstore,1.0,,Charging handling fee for 400 bill also.,True,Discusses extra fees affecting purchase decisions.,0.9
984,appstore,1.0,,"I am extremely disappointed with my experience today. I have been a regular Blinkit customer for a long time and have always trusted the platform for quick and reliable deliveries. However, this order completely broke that trust.

I placed an order worth over ₹5,000, and to my surprise, three products were missing from the delivery. It is unacceptable that such a high-value order was dispatched without proper verification. As a customer, I paid for every single item, so I expected every item to be delivered correctly.

What made the experience even worse was Blinkit’s customer support. Instead of helping me resolve the issue, they were completely unhelpful. Despite clearly explaining that three products were missing, I did not receive the support or resolution I expected. As a loyal customer, I expected my concern to be taken seriously, but I was left feeling ignored and frustrated.

I use Blinkit almost every day and have always preferred it over other grocery delivery apps because of its convenience and reliability. Unfortunately, this incident has completely shaken my trust in the platform. Missing multiple products in a single order reflects a serious failure in quality control, and poor customer support only makes the situation worse.

Customers should not have to waste their time proving that products were missing, repeatedly contacting support, or struggling to get a fair resolution for mistakes that were not theirs. This entire experience has been stressful, frustrating, and highly disappointing.

I sincerely hope Blinkit improves both its order verification process and its customer support. Until then, I cannot confidently recommend Blinkit, especially for expensive or high-value orders. If a company cannot ensure that customers receive everything they paid for—or provide proper support when something goes wrong—it seriously damages customer trust.

This has been one of the worst customer service experiences I’ve had. Very disappointing.",True,"Discusses trust in products, missing items, and customer support affecting loyalty.",0.92
986,appstore,5.0,,Good quality product,True,Discusses product quality.,0.9
987,appstore,5.0,,I request you humble request for Kings red Sleek we need money. Please request you to please have a stock.,True,Discusses product availability and stock requests.,0.95
994,appstore,5.0,,Life saver and kalyung ka most imp part alas ka supporter blinkit bhai,True,Discusses user motivations and convenience.,0.9
995,appstore,5.0,,Useful app for bangalore lazy people,True,Discusses user motivations and convenience.,0.9
997,appstore,4.0,,I wanted to buy a hair color worth 374 and they added handling charge to it making it 391.. which I understood was fine but then I wasn’t allowed to add two quantities . So it’s like I need to buy twice and pay for handling charges for the same product I know I want at the same time..,True,Discusses handling charges and quantity restrictions affecting purchase decisions.,0.96
998,appstore,1.0,,"The app shows that my location is serviceable and allow me to browse products. Add them to my cart and Proceed to check out. Only at the final step does it display “ Store is temporarily unavailable, Please try again sometime” - again and again. This is frustrating waste of the customer time. If the store is unavailable. The app should clearly indicate that before lettering users user Shop.

Another major issue is the lack of an option to permanently delete my account. Now, I don’t want to use the Flipkart services, I should have the right to permanently remove my account and personal data instead of living it stored on your server. 

advise how to delete my account permanently?",True,Discusses purchase barriers due to store availability errors and app friction.,0.92
999,appstore,1.0,,"Most Products are prices higher than all competitors(Flipkart Minutes,Amazon Now,Swiggy Instamart,Zepto,Bigbasket Now,Jiomart) with hardly any offers(payment) with high delivery charges and handling charges which most players in this domain aren’t charging any on minimum order value as less as 99 bucks.
I hardly order on Blinkit because of these charges imposed on the customer.
But sometimes we are forced to order certain items which aren’t available elsewhere.
You aren’t a niche player.
Please try and understand.
Just having a catchy name wouldn’t let you survive long in this cut throat market.
We all saw what happened with Paytm despite having first mover advantage.",True,"Discusses pricing, charges, and competitor comparison affecting purchase decisions.",0.97
1000,appstore,1.0,,I ordered body weight machine and it was stop working within 10 days and replacement policy is only for 7 days,True,Discusses product quality and replacement policy impacting trust.,0.94
1001,appstore,1.0,,It’s disheartening that the vendor is so rude regarding the coins given,True,Discusses vendor behavior and loyalty coins.,0.85
1002,appstore,1.0,,Limited assortments and limited offers,True,Discusses assortment limits and offers.,0.95
1003,appstore,3.0,,The service charges and types of service charges this platform offers are way too much and not convenient for normal people,True,Discusses service charges impacting purchase decisions.,0.92
1010,appstore,5.0,,"Love it, the UI is too good",True,Discusses UI experience which impacts search and discovery.,0.9
1013,appstore,5.0,,No doubt it is last moment app in India,True,Discusses user motivation for last-minute shopping.,0.9
1014,appstore,5.0,,Any time we can do shopping along with printing out mad our life very convenient specially for those who cannot go in night,True,Discusses user motivations and convenience of services like printing.,0.93
1019,appstore,1.0,,Additional charges at the end of payment,True,Discusses hidden/additional charges at checkout affecting purchase decisions.,0.94
1020,appstore,2.0,,"It’s been a while since i started using blinkit and never complained before but suddenly you guys increased the handling fees to ₹9 when you don’t even handle the products well as often i get soggy ice creams and dirty packets! On top of that your absurd policy of free delivery on products over ₹199, otherwise delivery charge of ₹30! Do you seriously expect us to order products worth ₹199 every single time??!! Not everyone can afford to order products at this much price every single time! And the delivery fees is too much! The blinkit store in my area isn’t even far it’s just 5-7 minutes away and still you are charging so much from your customers at least lower the minimum amount required for free delivery!",True,"Discusses handling fees, minimum order value barriers, and product quality impacting purchase decisions.",0.98
1022,appstore,1.0,,Item received is entirely different from whats shown. & There is absolutely 0 customer care. No way to chat with them or call them.,True,Discusses wrong item received and lack of support affecting trust in products.,0.92
1023,appstore,1.0,,"I ordered a bouquet which was delivered in nice packaging. On touching the flowers I noticed so many little insects crawling inside it. My skin started itching and I am not allergic to any flowers. When I tried to reach customer support, they just kept closing the chat - no conversation, no attempted resolution, no reverse pickup or refund! Not even an apology.",True,Discusses product safety/quality issues and trust in products.,0.96
1024,appstore,1.0,,No offers and coupon also not given campare to other blinkit waste,True,"Discusses coupons and offers compared to competitors, influencing purchase decisions.",0.85
1025,appstore,5.0,,Only because of low convenience fee,True,Mentions convenience fee impacting purchase behavior.,0.8
1027,appstore,5.0,,"Blinkit has completely changed the way I shop for groceries and daily essentials. The delivery speed is genuinely mind-blowing,I don't know how they do it! The app is super user-friendly, making it easy to browse and find exactly what I want . The products are always fresh, well-packaged, and reasonably priced. Highly recommend to anyone looking for convenience and speed.",True,"Discusses shopping behaviour, product discovery, ease of browsing, and product trust.",0.95
1029,appstore,5.0,,"I ordered couple of products from this app and delivered of products is very fast, it’s only 15 min. If you required anything urgent you can simply order from blinkit.",True,Discusses user motivation for urgent purchases.,0.9
1032,appstore,1.0,,"I’ve received Buffalo Milk package with scratched mfg and expired date on packet. After complaining regarding this they asked me for proper image with mfg and expired date for refund.  And they have rejected. 

Serious Concern.",True,"Discusses product trust, quality, and expiration issues affecting purchase decisions.",0.9
1033,appstore,1.0,,"Please be careful while ordering stuff, there is no return policy for the ordered products.",True,Discusses return policy which acts as a purchase barrier.,0.9
1034,appstore,2.0,,"Very poor quality of packaging of handover 
All most all time it’s gets teared up due to moisture and heavy load",True,Discusses product packaging quality and trust.,0.85
1035,appstore,5.0,,"With the help of blinkit , now we have no worries to collect so many groceries or other household things . All r available at home within few minutes 🙏",True,Discusses user motivations and convenience for household shopping.,0.9
1036,appstore,1.0,,Unnecessary surge you apply within seconds,True,Discusses pricing/surge charges affecting purchase decisions.,0.85
1038,appstore,1.0,,I don’t understand why Blinkit add extra charges in the name of handling fees night charge and all I order here regularly but never got extra discount for being a regular customer,True,"Discusses repeat purchases, handling fees, and lack of loyalty rewards affecting shopping behaviour.",0.9
1040,appstore,1.0,,"For quick 10min order, first deliver a defective product and then take another 45 mins to waste my time and initiate refund and expect cinematic level of video recording from all angle explaining the issue. Pls also pay me for the video skills I have used to record the video for your convenience and for the time I wasted which I was trying to save with 10min delivery  😒 pathetic",True,Discusses defective products and return processes acting as purchase barriers.,0.85
1045,appstore,5.0,,Perfect source to get everything in minimum time…,True,Discusses user motivation regarding minimum time for getting items.,0.8
1048,appstore,5.0,,Very easy to use all products needed available,True,Discusses app usability and product availability.,0.9
1050,appstore,5.0,,Convenient and easy way for ordering groceries,True,Discusses convenience and shopping behaviour for groceries.,0.85
1051,appstore,1.0,,"It’s not better app compare to other, no solution and no return option in this app. It’s totally waste",True,Discusses lack of return options acting as a purchase barrier.,0.85
1052,appstore,5.0,,It’s just amazing that what you want will get in just 10 minutes. Like you are a prince and all your wishes are granted 😅,True,Discusses user motivation regarding quick fulfillment.,0.8
1053,appstore,2.0,,"The UX intentionally makes you order the wrong items by placing them in things you search for, like if you search for AAA batteries they would show you a mix of AA and AAA and its natural for people to order in error and then they dont take return",True,Discusses search experience and UX issues leading to ordering errors and purchase barriers.,0.95
1058,appstore,5.0,,Life is easy after using this,True,Discusses life convenience through shopping.,0.75
1059,appstore,1.0,,"These people are frauds, they send faulty item and then you don’t have option to return or replace.",True,"Discusses product trust, faulty items, and return policy as purchase barriers.",0.9
1060,appstore,1.0,,They added surcharge 100 plus delivery 30 plus handling 12 for milk costing 24 rupees,True,Discusses extra charges and pricing transparency affecting purchase decisions.,0.9
1061,appstore,3.0,,Try to maintain the brands be available regularly,True,Discusses product availability and brand consistency.,0.95
1062,appstore,5.0,,What a life saver……amazing app.,True,Discusses user reliance/motivation.,0.75
1063,appstore,5.0,,Good range of products & speedy delivery. Return & refund too is instant,True,"Discusses product range, speedy delivery, and return/refund experience affecting trust and purchase decisions.",0.9
1064,appstore,2.0,,Stating free delivery above 199 but making some other reason like surge charge etc and making sure to take the money from customer.,True,Discusses surge charges and hidden pricing affecting purchase decisions.,0.9
1067,appstore,1.0,,As long as possible avoid delivering through blinkit they charge the highest prices and deliver short items and when complained also do not appreciate or acknowledge customer issue,True,"Discusses pricing, short items, and lack of complaint resolution affecting trust.",0.85
1068,appstore,1.0,,"Extremely disappointed with Blinkit. I ordered a set of makeup brushes, and the quality was terrible. The bristles were loose and kept falling out, making the product unusable.

What made the experience even worse was the customer support. The chat executive, Samiya, closed the chat before even listening to my complete issue. Instead of trying to help or provide a solution, I was misled and simply told that the product could not be returned.

I have placed many orders with Blinkit as a regular customer, but it seems the company takes no responsibility when a customer receives a defective product. This is the worst customer service I have experienced. If this is how loyal customers are treated, I would rather order from platforms that actually stand behind the products they sell and support their customers when something goes wrong.

Very disappointing experience. I will think twice before ordering from Blinkit again.",True,"Discusses product quality, repeat purchases, trust in products, and return policies as purchase barriers.",0.95
1069,appstore,1.0,,"Don’t list, if u haven’t got them stored already",True,Discusses product availability and inventory listing issues.,0.9
1072,appstore,1.0,,Never available when needed,True,Discusses product availability issues.,0.9
1075,appstore,1.0,,"Shame on Blinkit. Two missing-item incidents in one month, and both complaints were dismissed without any transparent explanation. Every response was the same generic script: “our investigation found no discrepancy.” The ‘Grievance office’ too is good for nothing. If this is what Blinkit calls customer service, it has completely lost the trust of its customers. Thieves.",True,Discusses loss of trust in products and services due to missing items.,0.95
1077,appstore,5.0,,Is the most trusted delivery app that i have used,True,Discusses trust in the delivery app.,0.9
1084,appstore,5.0,,"Great app, good prices and a fantastic selection of products",True,Discusses product selection and prices impacting purchase decisions.,0.98
1085,appstore,1.0,,Delivery charges increases eqch time which is unfair,True,Discusses increasing delivery charges as a purchase barrier.,0.92
1086,appstore,5.0,,The blinkit cost is too high for even those items which do not seem to be that costly without delivery charges i will appreciate if charges are bit less,True,Discusses high pricing affecting purchase decisions.,0.95
1087,appstore,1.0,,They charged higher than mrp..i hafe raised a issue on consumer helpline joe,True,Discusses pricing higher than MRP affecting trust and purchase decisions.,0.96
1088,appstore,5.0,,Enabling instant gratification,True,Discusses user motivation regarding instant gratification.,0.97
1091,appstore,5.0,,Love to place orders as everything needed is always available,True,Discusses product availability driving repeat purchases and order placement.,0.98
1092,appstore,1.0,,"Delivery guy is really good … but the Saravanampatti delivery location where the order is taken packing those guys are really bad .. they won’t check product , won’t check expiry , damage nothing i’d you go and ask they answer like blink it boss .. very worst ( Location : Saravanampatti - Near Natural saloon location blink it store",True,"Discusses product quality, expiry checks, and damages affecting trust in products.",0.95
1093,appstore,5.0,,Very good on emergency,True,Discusses user motivations for using the app during emergencies.,0.97
1097,appstore,5.0,,Items are very less,True,Discusses product assortment and availability.,0.92
1098,appstore,4.0,,We didn't find the products up to the mark.,True,"Discusses product quality not being up to the mark, affecting trust.",0.95
1099,appstore,5.0,,It’s raining so heavily and still the Blinkit guy was here even before the mentioned time…my kid won’t go hungry to his school becoz of u guys!!thanks a ton!!,True,"Discusses user motivations (hunger, urgent school needs).",0.91
1101,appstore,1.0,,I was delivered used and broken dustbin unit,True,Discusses product quality (used and broken item) affecting trust in products.,0.95
1102,appstore,1.0,,"Blinkit used to deliver in our area without any issues, but now it always shows **""Currently Unavailable.""** On the rare occasions when it becomes available and I place an order, it gets delayed, and then the order is eventually cancelled.

This has become a regular problem and is very frustrating. Please ensure you have proper service and delivery support in the areas you operate before accepting orders. Customers shouldn't have to deal with repeated delays and cancellations. Very disappointing experience.",True,Discusses product availability issues ('Currently Unavailable') and delivery cancellations acting as purchase barriers.,0.98
1103,appstore,5.0,,Blinkit for single mothers works like a magic,True,Discusses user motivations and utility for a specific demographic.,0.92
1106,appstore,5.0,,Perfect for last min shoping,True,Discusses user motivation for last-minute shopping.,0.98
1107,appstore,5.0,,I am almost married to Blinkit !,True,Discusses strong repeat purchase behavior and app loyalty.,0.95
1108,appstore,1.0,,Almost time I’ve ordered same item but facing price issue,True,Discusses repeat purchases and consistent price issues.,0.93
1110,appstore,1.0,,For some products it was charging thrice than the price available outside,True,"Discusses high pricing compared to outside market, impacting purchase decisions.",0.96
1111,appstore,5.0,,"Great variety of good products, easy layout to find what you’re looking for. Speedy delivery!",True,"Discusses product variety, app layout (product discovery/search), and speedy delivery.",0.99
1112,appstore,1.0,,Quality given by you is very bad and even not sealed product like hand wash n all,True,"Discusses poor product quality and unsealed items, affecting trust in products.",0.97
1113,appstore,5.0,,Last minute needs,True,Discusses user motivations for last-minute needs.,0.97
1117,appstore,1.0,,Some prices are higher than market for example Blinkit Verka Dahi is 35 though in market it’s Rs 30/ my question is why,True,"Discusses higher pricing than market, affecting trust and purchase decisions.",0.96
1118,appstore,5.0,,Order daily grocery,True,Discusses repeat purchase behavior (ordering daily grocery).,0.98
1122,appstore,5.0,,"This app is very good, but very expensive",True,Discusses pricing (expensive) as a purchase consideration.,0.94
1125,appstore,5.0,,But prices should consider,True,Discusses pricing concerns which directly affect purchase decisions.,0.95
1126,appstore,3.0,,It seems like a push sales which might not last long though if customers found a better option.,True,Discusses sales tactics and customer retention/purchase barriers.,0.9
1130,appstore,5.0,,Blinkit is a life saving for our sudden requirements,True,Highlights user motivations for using quick commerce (sudden requirements).,0.98
1132,appstore,1.0,,"I ordered a gift item from Blinkit, and they delivered a clearly faulty product, even though it was gift-wrapped. Sending a defective item as a gift is extremely disappointing and feels dishonest. It was embarrassing because I trusted Blinkit for a special occasion. Quality checks should be mandatory before packing and wrapping gift items. This experience has made me lose confidence in the service.",True,"Discusses receiving a faulty gift item, directly impacting trust in products.",0.99
1137,appstore,5.0,,"Just a heads-up for everyone ordering chicken from Blinkit.

Today I ordered a 450 g pack of Godrej boneless chicken. I usually don’t check the weight, but this time I was making a recipe that required exactly 450 g, so I placed it on my kitchen weighing scale.

To my surprise, the pack weighed only 380 g, not 450 g.

I contacted Blinkit, and they promptly refunded me for the shortfall, which I appreciate. However, that’s not really the point. Most customers don’t weigh their groceries every time they receive an order, so discrepancies like this can easily go unnoticed.

My suggestion to everyone is to check the weight of chicken, fish, or any other items sold by weight whenever possible. Hopefully, this was just an isolated packing error, but it’s worth being aware of.",True,"Discusses weight discrepancy in product packaging, affecting trust in products.",0.97
1138,appstore,1.0,,"To much charges 
My order worth only 120 rs but I have to 190 
In my city there are no offers like big cities",True,"Discusses high charges and lack of offers, acting as a purchase barrier.",0.96
1140,appstore,5.0,,Delivery charge is too high and payment gateway unreliable,True,Discusses delivery charges and payment gateway issues affecting purchase decisions.,0.92
1142,appstore,1.0,,While ordering coke its mentioned that it is chilled but when arrrive it always warm it been 3-4 time now so untrustworthy,True,"Discusses product quality expectations (chilled vs warm), affecting trust in products.",0.98
1147,appstore,1.0,,There is no rain and they are making extra charge for rain surge,True,"Discusses rain surge charges, acting as a purchase barrier.",0.93
1149,appstore,5.0,,By using Blinkit our time gets saved and thanks to the created of this app.,True,Discusses user motivations (time saving).,0.94
1150,appstore,5.0,,Good service in less time organic products,True,Discusses product availability (organic products) and service.,0.91
1153,appstore,4.0,,Delivery high charge,True,Discusses high delivery charges acting as a purchase barrier.,0.94
1154,appstore,1.0,,I have ordered baking powered yesterday. They sent of a baki g powder which was expired. They made that box dirty with a paint kind of thing on the manufacturing and expiry date. I will soon switch to big basket . Not expected this kind of cheating.,True,"Discusses expired products and switching to a competitor, directly affecting trust and repeat purchases.",0.99
1155,appstore,4.0,,High quality products,True,Discusses product quality.,0.92
1157,appstore,5.0,,Fast reliable fair price lot of options,True,Discusses product options/discovery and fair pricing affecting purchase decisions.,0.96
1159,appstore,2.0,,"When compare to others, is not much difference in discount",True,"Discusses lack of discounts compared to competitors, affecting purchase decisions.",0.97
1163,appstore,4.0,,I ordered organic grown tomatoes with extra premium amount but I got regular one..,True,"Discusses receiving regular items instead of premium organic ones, affecting product information and trust.",0.98
1164,appstore,5.0,,Jo kahi nahi milta wo Blinkit pe milta hai. Thank you so much.,True,Highlights product availability and unique product discovery.,0.98
1168,appstore,1.0,,"Worst experience with their customer service and @Blinkit Team if you guys want your sales to increase then remove unwanted package charges 
So give free delivery along with the free package charges like how zepto and amazon now is giving for orders above 99/-₹",True,Discusses package charges and pricing compared to competitors acting as purchase barriers.,0.96
1169,appstore,4.0,,Why delivery charges. Not required,True,Discusses delivery charges acting as a purchase barrier.,0.95
1170,appstore,4.0,,"App features are good, handling charge 12 gets added.",True,Discusses app features and handling charges affecting purchase decisions.,0.92
1171,appstore,1.0,,They send me damaged products 3 times and did not take accountability,True,"Discusses damaged products and lack of accountability, severely impacting trust in products.",0.98
1173,appstore,5.0,,Really it’s a last minute app. Best for groceries and other requirements instantly. Suppose you are in kitchen and missing something then just Blinkit and you will get it in 10 minutes. 👍,True,Highlights user motivations and shopping behaviour for last-minute kitchen needs.,0.99
1174,appstore,1.0,,"Bill not showing
Delivery charges high",True,Discusses bill visibility and high delivery charges acting as purchase barriers.,0.94
1177,appstore,5.0,,This my quick and last minute helping application to order stuffs.,True,Discusses user motivations and use case for quick commerce (last-minute help).,0.95
1178,appstore,5.0,,Best fir electronics shopping,True,Discusses category exploration and shopping behavior for electronics.,0.95
1180,appstore,5.0,,Excellent Interface and Products are best,True,Discusses search/interface experience and product trust.,0.95
1181,appstore,5.0,,"Blinkit is very useful and convenient. Thank you for delivering everything so quickly. Even during vacations and busy times, the service is reliable. It makes shopping so much easier. Highly recommended!",True,Discusses overall shopping behavior and convenience.,0.9
1182,appstore,5.0,,"Firstly I hope you’ll don’t delete this review and take this seriously , Blinkit price have always bee higher then Zepto plz check what’s wrong .",True,Discusses purchase decisions and price comparison with competitors.,0.96
1183,appstore,5.0,,Pls kuch blinkit aap  mai kuch aisa upgrade kar ki non veg option  ko band kiya ja sake veg walo ko dikkat hoti h,True,Discusses product discovery and filtering options based on dietary preferences.,0.95
1184,appstore,1.0,,"When we place a order , why we are not able to see the delivery charges, delivery charges are hidden and not visible",True,Discusses purchase decisions and transparency of product information/fees.,0.94
1185,appstore,1.0,,Printout quality is very bad,True,Discusses trust in products and printout quality.,0.92
1188,appstore,2.0,,"I totally understand that when market is grown up, after that all marketing app is rise there rates.",True,Discusses pricing trends and purchase decisions.,0.9
1190,appstore,1.0,,"I think Zepto and Flipkart mints 
giving better deal",True,Discusses purchase decisions and comparative deals with competitors.,0.95
1191,appstore,3.0,,While buying items on offer I've noticed that blinkit has erase the expiry date on most of the item so be careful while buying something big in cheap prices.,True,Discusses trust in products and expiry date concerns affecting purchase decisions.,0.98
1193,appstore,1.0,,"The app is good excellent and we can get every item which are available in a minute but if we choose a product at last the price of the product is double due to handling , delivery, small cart these are unnecessary payment so plz give the customers at good and in fair price",True,Discusses purchase decisions affected by extra handling/delivery charges.,0.96
1194,appstore,1.0,,What is the convince charge and also handling charges,True,Discusses purchase barriers regarding convenience and handling charges.,0.94
1196,appstore,5.0,,"Blinkit provides efficient and fast service, sometimes the products are unavailable at the time of order placement but are replenished very quickly",True,Discusses product availability and replenishment.,0.97
1198,appstore,4.0,,Quality of perishable items is not good. Charger wires never work. Rest is excellent so far,True,"Discusses trust in products, quality of perishables, and category-specific issues (chargers).",0.96
1199,appstore,1.0,,products given sometimes comes in very bad condition and many times i had got stale and seal broken products nd expired 1 too just recheck everything they deliver because 1 day delay can close the help window and we have to suffer with money wasted and damaged product,True,"Discusses trust in products, expired items, and purchase barriers due to quality.",0.97
1200,appstore,5.0,,Blinking nd ordering again blinking recieved. 🤩,True,Discusses repeat purchases and shopping behavior.,0.92
1203,appstore,1.0,,Last moment needed item is missing post confirmation on order placed and accepted,True,Discusses product availability issues post-order confirmation affecting purchase fulfillment.,0.95
1207,appstore,1.0,,Blinkit delivery charges too much,True,Discusses delivery charges acting as a purchase barrier.,0.93
1209,appstore,5.0,,Excellent service and App user friendly,True,Discusses app user-friendliness and search/navigation experience.,0.94
1210,appstore,5.0,,Blinkit is an essential app for me because it’s not possible for me to go to the market.”,True,Discusses user motivations for using quick commerce instead of traditional markets.,0.96
1212,appstore,1.0,,"The app takes all the possible extra charges under handling charges, surcharge, rain, delivery fee and what not. Still they won’t deliver on time. Taking advantage of the only thing that customers can’t do anything sitting at home",True,Discusses additional charges acting as purchase barriers.,0.92
1214,appstore,4.0,,"Amazing , but I wish u would have some squishys",True,Discusses product discovery and catalog gaps (requesting squishys).,0.97
1220,reddit,76.0,2026-06-30T22:27:13+00:00,"**Context :-**   
Ive been searching for a ps5 for the past 3 months in **Bangalore.**  
Im based out of south bangalore, Ive been a part of 3 whatsapp groups, called 17 stores constantly across bangalore over the span of 1 month and visited 15 stores offline.  
  
I finally got my ps5. Got it at **croma yelehanka**, i got the 1TB Disc version, and i got my friend one the same day too at the same shop. Honestly speaking its all about stratergy and a lot of luck.   
  
This search has given me so much information which can probably help you guys looking for the ps5 out there too.

**Updates:-**  
**- A major bangalore restocking will happen this friday (3rd July)** (confirmed by sony center kalyanagar and croma yelahanka and croma RT Nagar)  **This will the probably be the last restock on the orignal msrp.**   
**- Sony will be soon announcing a price hike or reduced storage for same price.** (Mentioned by Sony indiranagar + brigade road) (i had to buy the sales rep his sut\*a outside to get this info)  
**- There might be another smaller restock between july 10th to 15th** (Mentioned by Sony Indiranagar + Vijayasales**)**

**Potential Stock Leads:-**   
This is all the information ive gotten from talking to people who actually **WORK** there (yes i've gone to all of the mention stores below) Take this with a grain of salt.  
  
\- Sony kalyanagar 1st week 3rd July + 15th July)  
\- Sony Yellahanka 3rd july  
\- Sony indiranagar 1st-2nd july (ask for salesrep raj)   
\- Croma 3rd july (chroma might still have some units lefts, you can check today)  
\- Vijaya sales pan bangalore 1st week  
\- Reliance pan bangalore 1st week  
\- Mall of asia might have stock left but will restock 3rd  
\- Zepto and blinkit (1st and 2nd in south bangalore) very few units tho  
\- Flipkart has **digital** in stock as of now, disc will be stocked 1st-3rd.   
\- Sony brigade road - random in july (the shop guy is lowkey rude)  
\- Venus games - random in july (Ask for chirag)  
Priority  
offline stores (croma &gt; sony &gt; reliance&gt; vijiya) &gt; zepto/blinkit &gt; flipkart &gt; amazon &gt; random bundles &gt; used 

**Do's**  
1) **Always visit stores.**  
calling never worked and checking online never worked either. they always tell you its never available or asked for my name for calling incase the stock never shows up. I did this for a month or two. Going to the store is what worked.   
  
2) **Always be polite and insist on checking for stock.**  
When you visit offline stores and theyusually tell you that they dont have stock, be nice. ask them very politely to double check. this is what got me my ps5 today. 

3) **Morning visits are the best**  
Go to the stores in the morning. maybe it the mood? visited stores in the morning somehow always was positive for me. All the ps5 i helped people get was in the mornings.

4) **Keep zepto and blinkit notifications ON**  
Zepto and blinkit notification till 3rd. Watch them like a hawk. And watch 

**Donts**  
1) **Unauthorized  Bundles**  
Ive come across so many scams. people try to push random bundle. please dont. if really want to sure, but wait for the stock drop on the 3rd.

2) **Prebook/advance only at legit retailers**  
Vijayasales, croma, reliance, sony ONLY. dont pay advances anywhere else. 

  
**What worked for me:-**   
Random visit to stores. I never expected to buy it that day. no one posted about buying one in blr that day too. I had zero hope, i went cuz i was bored. but there were 4 units ready to be sold. VISIT STORES GUYS, espicially croma they atleast check internally, reliance folks just kicked me out saying no stock lmao.

**My advice:-**  
Gear up on 3rd of july. Go in the mornings. visit atleast 5 stores that day. this maybe the last restock before the price hike. till then keep looking at zepto blinkit and flipkart.  
  
  
Hope yall win the ps5 hungergames. Feel free to reach out to me if yall have any doubts.  
Hope this helps : )",True,Discusses product availability and stock checks on quick commerce platforms for high-value items.,0.94
1221,reddit,251.0,2026-03-19T11:48:09+00:00,"I was trying to understand how Blinkit, Zepto and Instamart are actually distributed across the city.

So I mapped their dark stores using publicly available app data.

This is what Bangalore looks like.

What surprised me is how much overlap there is ;multiple players operating in the same neighborhoods.

Not sure if this is efficient or just pure competition.",True,"Discusses dark store distribution, coverage overlap, and competitive placement.",0.95
1225,reddit,79.0,2025-08-31T07:23:11+00:00,"Just a heads-up to everyone in Bangalore who uses Swiggy Instamart. As a near-daily user of apps like Swiggy and Zomato, with an average order value over ₹500, I'm used to how these things work, but this experience has me reconsidering everything.

I ordered a bunch of snacks, including two types of NOICE cookies—Chocochip and Butter. When the order arrived, both packets were torn open, and the cookies inside were completely crushed and powdery. They were basically unusable.

When I tried to raise a complaint via the chat support, their system immediately closed the chat request after I selected the damaged products, without connecting me to a human agent or offering any solution. It was an instant brush-off.

The chat directed me to email them, which I did, with clear photos of the crushed cookies. I also have CCTV footage of me opening the delivery as proof. Their email response? A flat-out refusal to provide a refund or replacement, with no reason given at all.

In my experience with other platforms like Zepto and Blinkit, they at least keep the chat open and communicate a clear decision, even if they can't help. Swiggy Instamart's outright refusal to engage is a new low.

Beware when ordering fragile items from them, because if something goes wrong, it looks like you're on your own.",True,"User discusses product trust and purchase barriers when ordering fragile items, comparing Blinkit, Zepto, and Swiggy Instamart support.",0.95
1226,reddit,174.0,2025-08-09T04:27:12+00:00,"I originally built Comparify to compare prices and delivery times between **Blinkit, Zepto, and Instamart**, mainly because I was tired of overpaying for everyday groceries.

Just added a new feature that might be even more useful:

You can now compare real-time cab fares across **Uber, Ola, Rapido, and Namma Yatri**, showing your actual account prices, including coupons, offers, and wallet credits.

No more switching between apps. Comparify shows all fares in one place, and you can tap to book - it deep-links to the selected app with pickup &amp; drop pre-filled.

# Why does it ask you to log in?

All these services show account-specific prices, which depend on:

* your location
* any active offers/coupons
* wallet credits
* surge pricing

To show accurate prices, Comparify logs you into each service on your device only.

No login session is ever sent to the server.

Login sessions are securely stored locally on your device and used only to fetch real-time prices.

Would love to hear your feedback!

[Play Store](https://play.google.com/store/apps/details?id=com.akshat.comparify)

[Website for iOS users](https://comparify.pro/)",True,"App feature targets price and delivery time comparisons across Blinkit, Zepto, and Instamart, directly impacting shopping behaviour and purchase decisions.",0.96
1227,reddit,516.0,2025-07-23T03:53:13+00:00,"**Hey everyone,**

You know that little dance you do before ordering groceries?

You open Blinkit, add your stuff. Then comes that nagging thought... *“Is this cheaper on Zepto? Or who can deliver faster?”* So you switch apps, search again, compare delivery times. Then maybe check Instamart too - just to be sure. It’s a whole routine.

I got tired of doing this every time, so I built **Comparify**.

It’s a simple app that lets you see real-time prices and delivery times for the same products across Blinkit, Instamart, and Zepto - all in one place.

Here’s what it does:

🕒 **Live delivery tim**es: Instantly see which store can deliver fastest in your area — before you even start browsing.

💸 **Price comparis**on: Search for any item and see the current price across all three platforms side by side.

🧠 **Smart matchi**ng: It recognizes that *""Amul Butte*r"" on one app is the same as *""Salted Butte*r"" on another, and even calculates the price per gram/ml — so you know what’s actually a better deal.

🛒 **Compare your full ca**rt: Add all your items and instantly see the total bill on each platform. The savings can surprise you.

📲 **Tap to b**uy: Found the best deal? Tap the item and go straight to it in the original app — no extra searching.

This is something I made for myself, but I think it could help a lot of us save both time and money.

Would love for you to try it out and share your feedback - anything from bugs to suggestions, or just your honest thoughts.

[Play Store](https://play.google.com/store/apps/details?id=com.akshat.comparify)  
[Website](https://comparify.pro/)

Thanks for reading!",True,"Directly discusses shopping behaviour, cart comparisons, and price checking routines across Blinkit, Instamart, and Zepto.",0.98
1230,reddit,30.0,2025-01-28T04:58:05+00:00,"Why is 400g Nandini curd(26) cheaper than milky mist(41), mother dairy(50) and heritage(33).
What kind of techniques are used to bump up the volume and are these techniques similar to those used for milk? (Spitting out the figures as seen on blinkit today)",True,"Discusses product pricing differences and ingredient volume techniques seen on Blinkit, relating to product information and purchase decisions.",0.94
1231,reddit,24.0,2025-01-24T17:35:41+00:00,"Do you guys still go outside for groceries and other stuff or do you Blinkit/Zepto/Instamart/Flipkart minute everything?
I live in a pretty decent part of Ulsoor Indiranagar and there’s nothing but a half empty Nilgiris here within a 5km radius. 
Is this for all of you? What about DMart?",True,Explores user shopping behaviour and motivations regarding quick commerce versus traditional grocery stores.,0.97
1233,reddit,374.0,2024-12-26T06:29:09+00:00,Ordered 5L + 1L oil from blinkit. Advertised as 5L + 1L on the app for Rs. 1072. Delivery agent delivers only 5L. We raise a complaint with Blinkit and request either give us the full order or take back the 5L. They now say that they will give a Rs. 100 coupon against an item that was 1072/6=Rs. 178 because it's the maximum that their policy allows. They further claim that 1L oil was free and hence no value can be ascribed to it. What is the recourse available against such frauds?,True,"Discusses product availability/missing items and how issues are handled, impacting trust and purchase decisions.",0.91
1234,reddit,52.0,2024-11-14T10:04:33+00:00,"TL;DR: Quick commerce is charging too much, sometimes double the price for essential vegetables when compared to local market.

Like most of us I used to order everything on Blinkit. I was so used to the convenience Q comm offered, I never bothered going to Madiwala market which is hardly 500 meters from where I stay. 

Owing to scale of operations and purchasing power I always assumed these players will be able to give at a price comparable with the local market. Maybe charge a small premium for the convenience. 

But today a casual stroll through Madiwala market was a huge surprise to me

I couldn’t believe I was paying more than 100% of the market price for onions, green chillies and lemon. Almost all the vegetables which I buy regularly were being sold at upwards of 40% premium.  On top of this they charge delivery fees and all the absurd convenience fees 

This is ridiculous. With inflation at a 15 month high, frequent visits to your local market can go a long way in protecting and growing your savings. 

My analysis in comments as imgur link.",True,"Details shopping behaviour, price comparisons between quick commerce and local markets, and purchase barriers like high markups.",0.98
1236,reddit,0.0,2024-10-05T10:38:34+00:00,"So just yesterday i was visiting a physiotherapist as my knee has been causing issues for past 6-7 weeks. 

Just as I was doing my routine stretches and exercise, a middle aged lady (~50) walked into the room complaining about a sprain in one of her leg. Apparently, she had twisted her ankle while on stairs. She further told the doctor that she is supposed to be travelling sometime mid of next week and that she didn't want to take chances as her travel involved extensive walking. I normally dont pay attention to others but she was crisp clear in her speech and it was difficult to ignore her words. 

Afterwards, the doctor completed his examination, told her some movements and exercises and advised her to apply ice pack on the strained area. And then the women started asking some questions around ice pack. This is where the crux of the story lies and i really paid attention to her words. 

Her questions were:
1. How often to apply ice pack? 
2. How long should i apply in 1 sitting? 
3. Is ice water bath and ice pack the same? 
4. What happens if i dip my feet in ice water? 
5. Where should i apply the ice pack? 
6. Should I change the place around the sprained area when applying ice?
7. Can i walk with sprained ankle? 

And many more frivolous question of which above 7 are just a glimpse. After she had gone, even the doctor murmured something in kannada (most likely i was on the lines of - she had so many doubts) 

Here I got thinking that have we come to this stage where we are loosing most simplest of the home remedies known to humankind for ages (through hit and trial and experiment). That we are not able to preserve handed down knowledge from our elders in this information and digital age. That we have become so handicapped that we need expert opinion on how to apply ice pack??

I try hard not to judge people on thier lack of information (and sometimes common sense) but seeing this ~50 years lady asking so many questions just on the ice pack unnerved me to the point where I started questioning the utility of all this advancement around me (in financial services, 10min delivery, medicine etc). On one hand these things have improved life standard but on the other hand, these have made us so reliant and handicapped that if blinkit/zepto were out of vegetables for some days, some people would probably end up eating packaged food for days without bothering themselves to go to local store and buy groceries on their own. 

People should be considered about their health and right ways of doing exercises/posture etc. But should we be so ignorant that we are having to ask minute things to professionals? 

I always thought that generations of millenials and onwards would be most poor in their general knowledge and common sense (being first to be exposed to mass consumer internet, rampant googling tendencies and wide internet access because of cheap rates) but seeing a middle aged person so poorly eqipped to take care of her own health makes me worried about the future of humans.",True,Discusses user reliance on quick commerce and how it affects everyday habits and shopping motivation.,0.88
1237,reddit,2.0,2024-10-04T13:55:06+00:00,"Same as title. No luck on e-commerce/ quick commerce sites/apps, only canned ones available. Checked at Madiwala and HAL market as well. Please help!

Edit— found them, guys!
It’s available on Zepto, Blinkit and Instamart
And also at HAL market. :)",True,Discusses product availability and search experience for specific items across quick commerce apps.,0.95
1239,reddit,140.0,2024-05-18T12:32:41+00:00,"Average order times have gone up to 45-50 mins. I've had to cancel deliveries because no agent was found for upto 90 mins. Instamart, Blinkit and Zepto seem to have stopped services after midnight. Zomato's pricing is madness, unless you select the 19 rupee priority delivery your order will take an hour.",True,"Discusses order cancellation due to delivery times and availability, impacting purchase decisions.",0.89
1240,reddit,110.0,2024-05-06T08:11:36+00:00,"Do you use them for staples too or for emergency items like milk, curd and eggs etc?",True,Asks about shopping behaviour and usage patterns regarding staples versus emergency items on quick commerce apps.,0.97
1241,reddit,0.0,2024-04-15T10:10:31+00:00,"Inspite of having convenience through quick commerce like Zepto/blinkit which can get you almost anything in 10mins, I still feel we have pain points in doing home essential purchases like the head ache of tracking and shopping weekly. What according to you are the top 3 pain points in shopping home essentials(home care, personal care , pet care and child care products). What is that one pain point you are willing to pay extra money to solve.",True,"Discusses user pain points, tracking, and shopping behaviour for home essentials.",0.98
1242,reddit,1335.0,2024-01-14T12:45:57+00:00,"I’ve been searching for Uncle Chipps since I moved to Bangalore 10 months ago. The closest I found to them was Rumbles from Balaji on Blinkit.

Today went to a store to buy something and saw them; there were a total of five packets, so I picked them all. The first thing I did was to read the poem at back and surprisingly I still remember it by heart. 

RIP new year resolution🥲",True,Discusses search experience and product discovery for a specific nostalgic snack across platforms.,0.94
1244,reddit,144.0,2023-12-14T14:13:36+00:00,"I placed an order dint get one item  and then I had to treasure hunt to find the chat support.
After finding it, I asked to refund. They said no raise query again after sometime and then we will delivery. I was like isnt the whole point of  10m delivery is convenience? I said maybe just deliver atleast when it restocks. They bluntly said no. 

Wow just wow. I need to keep checking when stock arrives raise a query and then it will get delivered. 

Instant grocery delivery apps are heading for an impending doom.",True,"Discusses missing items, restock tracking, and how fulfillment issues directly impact purchase decisions and convenience expectations.",0.95
1245,reddit,9.0,2023-11-18T15:04:07+00:00,"I mostly order vegetables and fruits online through blinkit/instamart/bigBasket. But, lately I've discovered online that how these are not healthy, or has no nutrients because it's grown in sewage treated water or has high levels of iron/cadmium in it. 

I come from northern part of Karnataka, where our staple food includes a lot of vegetables and they're generally fresh produce from nearby villagers and are organic. I'm trying to find that balance in my diet here in Bangalore. 

Have you found any reliable vendors/fresh online organic stores, that is helping you with your diet? 
Maintaining a good and healthy diet is challenging and I think picking the right vegetables/fruits plays a major role in it. Hence this question. 

PS: I live in Tippasandra (near Indiranagar).",True,"Explores user trust in products, health concerns regarding online grocery produce, and motivations for finding organic alternatives.",0.96
1246,reddit,1032.0,2023-11-01T22:27:21+00:00,"Living in apartment in Bengaluru.  Yesterday during evening time, a few kids knocked on my door and they were dressed for Halloween and asked trick-or-treat. Didn't had any. Did blinkit order for a lot of chocolates.. assuming the kids will come since I know there's a lot of kids in this apartment.  

Only 4-5 kids came. I had kept the chocolates just near the door, so if they come I don't have run inside. 

Now, I'm left with a lot of chocolates and thanks to Bengaluru weather they are not melting.

Had three delivery person came today and since the chocolates are just lying there, when I take the package - I just pick one of the chocolates and give it to them.

And smiles on those men's, is just so satisfying to see.

I think, I'm gonna restock it once filled. And keep on doing it. 

So, folks atleast in apartment in Bengaluru ( since the chocolates won't melt easily even if you keep just near your door and not in fridge), this is most easy and fulfilling thing you could do after your hustle at work. Get chocolates. 

P.S. if you have kids in home, then think again. Your kid might empty it at night.



1st EDIT :: one zomato guy just came to deliver me my saag paneer and rice. He was looking at his phone with the other hand with food towards me. As he handled me the food, he turned without looking. I said.. Anna.. and he turned. Sawing my hand stretched with a Cadbury at the end. His whole mouth stretched to form the biggest smile. Eyes popping and with other hand gesturing 'why'. I nodded in a way saying... keep it. And now I'm writing this.. still smiling from seeing his smile. Humans look way more beautiful when they are smiling 😃",True,Describes shopping motivation and behaviour regarding ordering chocolates on Blinkit for trick-or-treaters and delivery personnel.,0.85
1247,reddit,5.0,2023-10-26T19:17:27+00:00,"Let's hear some underated life hacks and services you are using in banglore for easier life . Eg:dunzo, blinkit etc.",True,"Asks for life hacks and services used for easier life, touching upon quick commerce usage.",0.86
1249,reddit,37.0,2023-05-31T07:19:48+00:00,"Hello fellow Bangalore residents,
I find myself in a bit of a dilemma - I'm not sure which grocery delivery app is the best to use. I've compiled a list of potential options but I'm having trouble making a decision. One of my main priorities is receiving top quality products. In the event that something isn't up to par, Il'd like to ensure that the refund process is hassle-free. Moreover, I also want to ensure that there are no discrepancies with the weights of the items delivered.
l'd greatly appreciate your experiences and suggestions.
Thanks in advance!

Here is the list:

Bigbasket

Flipkart

Amazon

Dunzo

Swiggy

Zomato / Blinkit

Spencer's

Nature's basket

Zepto

Update:

Got my Big basket order delivered a few days ago and the products delivered are so very bad.

Here is the list:

1. Got 2 rotting onions
2. Lifeless drumsticks
3. 2 of the products they didn't deliver
4. Very small sized potatoes 
5. Cauliflower has got spots everywhere
6. Received gentleman's fingers, but I ordered lady's

Got the refund partially.",True,"Discusses quality, trust, product condition, and refund experiences when choosing between grocery delivery apps.",0.97
1250,reddit,146.0,2023-05-02T08:45:17+00:00,"I recently shifted to Bengaluru so was curious about apps which people most commonly use here.

I usually work late hours so it is not possible to me to go to store and buy vegetables and groceries.

Which is better for above - bigbasket, blinkit or zepto?

Also, I usually travel by public bus and metro but was curious which is better in emergency ola or uber?

Last but not the least which app is better for ordering food along with purchased subscription - Zomato gold or swiggy one

It would be great if you guys also help me with some other useful apps which will be handy in Bengaluru for a new resident.",True,Examines user motivations and preferences for choosing grocery apps based on working hours and convenience.,0.96
1253,reddit,5.0,2022-10-01T14:39:45+00:00,Are the making loss because i feel it is much more expensive compared to actually going to the supermarket,True,"Discusses price comparison between supermarkets and quick commerce, influencing purchase decisions and shopping behaviour.",0.95
1255,reddit,4.0,2022-07-12T18:18:44+00:00,"They look fine initially but rot very quickly (usually within 2 days even when refrigerated).

Got few vegetables from blinkit. They were all wet, like soaked in water. They all looked fine so we didnt bother much and washed them well. 

The knol knol were the first to rot. Had to throw them away the next day. Threw away the chillies the next day as they had a rotting smell (but looked fine)
The ridge guard had some weird smell which didn't last after cooking.
The tomatoes were the worst! They looked perfectly alright but oozed out a HUGE amount of juice when cut and it had a pungent smell. Had to throw them away as well. 
Unfortunately, we didn't photograph any of these as a proof. Contacted blinkit regarding the same. As usual, no answer but got a refund.

I'm starting to think If they are injected or soaked in some sort of chemical to make them look fresh. Are they really safe for consumption? Who's checking on them?",True,"Discusses product quality, freshness issues, and trust in the safety of vegetables bought on Blinkit.",0.97
1258,reddit,117.0,2022-04-22T10:28:39+00:00,"What's up with the lack of quality banana chips in Bangalore?  I tried all options available on Swiggy Instamart and not one of them had a decent taste. It's all bland even if it's labeled salted. Couldn't find Haldiram's in local malls, Swiggy, Blinkit etc.


Where can I get decent banana chips, crispy and spicy?

Edit: As suggested in one of the comments, I moved my ass out of my home and found a Hot Chips outlet. 
https://imgur.com/gallery/Uv2aTGW

Thanks everyone!",True,"Discusses product discovery, search experience, and lack of quality options for specific regional snacks across quick commerce.",0.96
1259,reddit,1.0,2026-07-27T05:05:54+00:00,"Hey everyone! 👋 Quick favour.

We are a team of IIT Delhi and NIT Trichy alumni. We are requesting everyone to participate in a 2 min survey on how we buy groceries &amp; staples in Delhi NCR (Blinkit/Zepto habits, regional vs national brands, pricing). 

Takes just a few minutes and would really help.

[https://form.jotform.com/262063838356059](https://form.jotform.com/262063838356059)

Would mean a lot if you could fill it out today. Thanks! 🙏",True,"Survey request focusing directly on grocery purchasing habits, regional vs national brands, and pricing.",0.98
1260,reddit,1.0,2026-07-26T20:09:52+00:00,"Honestly, everyone around me in Delhi uses Blinkit so that's just been my default for years, never really looked elsewhere. But recently saw some really good offers on Instamart and been using it more now. Is there actually a difference between the two, or was I just drunk?

[](https://www.reddit.com/submit/?source_id=t3_1v7e3z4&amp;composer_entry=crosspost_prompt)",True,"Discusses shopping behaviour, default app loyalty, and exploring alternative platforms based on offers.",0.97
1262,reddit,1.0,2026-07-26T06:38:59+00:00,"Hey everyone! I’m looking for recommendations for a good bathing soap that I can order through Blinkit in Delhi.

I currently use Khadi Natural soaps, but the bars tend to break apart into little pieces while I’m using them 😭 So I’m looking for something that:

Is relatively hard and durable

Doesn’t crumble or disintegrate easily

Has a nice, preferably mild fragrance

Is easily available on Blinkit in Delhi

Thanks a lot!!!",True,"Discusses product information, durability, and search/recommendation requests for bathing soaps available on Blinkit.",0.96
1263,reddit,3.0,2026-07-24T19:11:15+00:00,"Am trying to place an order for the protestors at Jantar Mantar, but none of these apps - Blinkit, Zepto, Instamart, etc are taking any orders for this site. I did a quick search on Gemini, and it appears that a restriction has been put in place by the Delhi Traffic Police. Below is the message 

**Traffic Advisory &amp; Geo-Fencing Directive: Under prohibitory orders (Section 163 BNSS / Section 144), the Delhi Traffic Police issued a directive advising app-based food delivery, quick-commerce, and ride-hailing platforms (including Blinkit, Zomato, Swiggy, Zepto, Uber, etc.) to geo-fence and suspend operations in and around the Jantar Mantar and Central Delhi protest zone.**

Is there any alternative? I want to send few medicines and water.",True,Discusses product availability and service suspensions in specific zones affecting order placement.,0.92
1264,reddit,26.0,2026-07-24T14:14:34+00:00,"Hii, there seemed to be some confusion regarding this hence just wanted to put this out there, along with dos and don'ts. Thank you for all your help!

Mostly avoid direct Zomato/Blinkit/Zepto deliveries. There are two to three verified pickup spots across Connaught Place and Jantar Mantar where NGOs collect food and rightly pass it on, but at the same time at paths just before these points, they often get intercepted by goons, or the surplus does not reach the main protest site with bystanders going there to strictly eat at the entrance. Delivery gig riders are rendered helpless. Hungry people are still being fed, but the good intentions of outside donors aren't fully translating as it often isn't reaching the protestors.

With that said, Water/ORS tetra packs/masks are constantly required! Food too at set hours. In terms of priority it is then followed by ever changing medical items, kitchen rubber gloves, chlorine powder, durable garbage bags, shirts, slippers and some expensive permanent items that are one time purchases for the various camps like - power banks, battery operated electrical emergency lanterns, flashlights/headlights, and so on. 

For large scale donations, especially food and water, please contact and donate/coordinate with the NGOs listed in the link provided at the bottom as they have the manpower along with a channel to directly order and give things as and when required. If you're sending via Swiggy/Zomato/Blinkit etc try to coordinate with these groups and send the items to them!

For specific camp related donations, try to get in touch with the camp directly, or with organisations/verified volunteers directly serving these requests for said camps. For example, I'm currently helping a volunteer medical camp and I need help in giving emergency lanterns primarily, followed by ORS tetra packs, water, and then powerbanks. If someone can donate items directly, please dm me thanks.

I'll go and get the contact information of the various volunteer camp pocs, and ask them to update their live requirements on a sheet that's up to date, will add a link soon! 

Will also ask them to mention what they already have in excess, so as to avoid abuse of potential resource hogging i.e., ordering multiple power banks that they can take home, etc. There are also independent volunteer protestors groups on WhatsApp where people go and supply large amount of food and 50-100 crates of water, and other things daily. I'll try to verify and add them for distribution help, but please exercise caution if donating there.

​There is also a website that someone made (if you know who please mention so I can give credit) with verified NGO resources if you wish to donate, though please double-check with them personally beforehand. All the very best to you, and thank you for doing this for us students :))

 https://protest.uskhokhar.xyz/support/

EDIT: 25th July.
Website is down, I'm trying to have it replaced sorry!
As of 2pm, CJP put up a post saying that people can send food and water to Tolstoy Road entrance as people will collect it from there, FOR TODAY SPECIFICALLY. Try to send more water there if possible as it's super heavy and they have the manpower to carry it.",True,Discusses purchasing and donating specific essential items via quick commerce platforms for a cause.,0.88
1265,reddit,2.0,2026-07-24T03:29:55+00:00,"Hi guys so I heard many people were using Swiggy, Zomato and Blinkit to make deliveries to Jantar Mantar. I want to contribute to the cause as well. But I saw a post of Abhijit Dipke Sir stating that they have enough food and requested everyone to stop sending food as it's going to waste. So to all the protestors I wanted to know what should I send that may help you guys??",True,Discusses what items to send or order through delivery apps to avoid waste.,0.85
1266,reddit,30.0,2026-07-23T19:36:38+00:00,"**Posting this on behalf of someone at the protest site.**

**They’re currently in need of the following essentials:**  
**Vicks throat relief tablets**  
**Disposable plates, cups &amp; spoons**  
**Hand fans**  
**ORS sachets**  
**Mineral water**  
**Emergency lamps**  
**Pee Safe (toilet seat disinfectant)**  
**If you’re nearby or would like to help remotely, you can get these items delivered to Jantar Mantar via Blinkit, Zepto, or Instamart (if service is available).**

**Every small contribution helps. Jai Hind.**   
**Thank you.**",True,Lists essential items needed and encourages ordering via quick commerce apps like Blinkit and Zepto.,0.89
1267,reddit,3.0,2026-07-23T18:36:35+00:00,"Since Swiggy, zomato and blinkit are not working for the location, I'm not sure if it's cause of the internet shutdown or some government directive but is there any other way?",True,Discusses service availability issues on delivery apps for specific locations.,0.87
1268,reddit,1.0,2026-07-23T18:06:10+00:00,"Some other requirements:

\- Disposable plates, cups and spoons

\- Hand fans

\- ORS and Mineral Water

\- Emergency Lamps

\- Pee safe (toilet seat disinfectant)

Pls support **if you can**, you can get these items delivered at **Jantar Mantar** through Blinkit/Zepto/Instamart",True,Lists specific item requirements that can be ordered through quick commerce.,0.88
1269,reddit,1.0,2026-07-23T05:52:25+00:00,"I am trying blinkit, zepto,swiggy.... none are working... any idea how to",True,Discusses service availability and app status when trying to place orders.,0.88
1270,reddit,10.0,2026-07-22T22:39:53+00:00,"I was just looking at the food being sent to jantar mantar which is now a lot, I was thinking what is we actually send helmets and other protective gears to protestors to protect against the police because there is a very high chance that the police will beat people again, atleast their heads would be protected ??",True,Discusses sending safety gear through delivery methods.,0.82
1271,reddit,5.0,2026-07-22T18:31:18+00:00,"Hi , I am a student and sadly I couldnt join the protest but want to help those at the protest site like others. I too want to send food items but I am seeing a lot of comments saying that there is already lots of food there and it might go to waste. Instead I see request for beverages (like lassi and chaas) and ors , paracetamol. I really want to help but blinkit keeps saying that the service is currently unavailable.",True,"Discusses product availability, service status, and alternative items to order on Blinkit.",0.91
1273,reddit,24.0,2026-07-22T16:18:16+00:00,"I'm trying to order drinking water, ORS, fruits, and snacks for the people participating in the CJP protest near Jantar Mantar, New Delhi, but both Blinkit and Swiggy Instamart are showing ""Currently Unavailable"" or ""Temporarily Unserviceable"".

Does anyone know why this is happening?

* Are the nearby dark stores overwhelmed because of unusually high demand?
* Is there some operational issue in the area?
* Or is it just a temporary outage?

I'm not in Delhi myself, so I can't verify what's happening on the ground. I was hoping to support the protesters by sending essential supplies remotely, but both services seem unavailable.

If anyone knows what's causing this, or can suggest another delivery service or local store that can deliver to the area, I'd really appreciate it.",True,"Discusses product availability, service outages, and dark store operational status in specific areas.",0.95
1274,reddit,20.0,2026-07-22T14:59:10+00:00,"Pls send them water at the jantar mantar. 

Check out @alexanderbalakrishnan requestedabout 30 minutes ago. 

They are not allowing blinkit and Swiggy. Pls bring it in person.",True,Discusses delivery app restrictions and availability for sending supplies to a location.,0.89
1275,reddit,10.0,2026-07-22T12:53:17+00:00,"Tried to deliver some medicines, trash bags, ors, hygiene items etc but the delivery apps are not working there. Blinkit, Instamart, Flipkart Minutes, Zepto, tried them all. 

Can someone please share if there's any donation box for the items, located a bit away from the main site where they're deliverable? Or if anyone visiting the protest site today, is willing to pick it up? I'm okay with public delivery locations since home addresses might be a privacy concern. I'm not from Delhi and currently I'm not able to visit the place. The contribution isn't much. Still if anyone is willing to help, please reply.

Thanks!",True,User discusses product availability issues across multiple delivery apps.,0.95
1276,reddit,33.0,2026-07-22T09:44:29+00:00,"Hi everyone,

I created a simple public tracker to support the Cockroach Janta Party (CJP) protests.

Why this website exists:  
Many people across India want to help but cannot physically reach the protest site, so they send supplies through apps like Blinkit, Instamart, Zomato, etc.  
This is amazing support, but there is a practical problem:

1. Huge one-day spikes can happen.
2. Support may drop on following days.
3. Perishable items (especially prepared food) can get wasted if supply is not steady.

Purpose of the tracker:

1. Help people see what was sent on each day.
2. Encourage consistent, long-term support instead of only one-day surges.
3. Reduce waste and improve planning for volunteers on the ground.

You can:

1. View daily supply updates by date.
2. Record your own contribution in a few seconds.

If you care about sustained, organized support, please use and share it.  
Steady support helps more than random spikes.

Link: [Tracker](https://cjp-supplies-tracker.vercel.app/)

(This post is created with AI)",True,Discusses supply patterns and challenges of sending items via quick commerce apps.,0.85
1277,reddit,0.0,2026-07-22T07:08:10+00:00,"On blinkit etc, it's always out of stock and on amazon it's always higher than the mrp. Can you please tell me any good stores or malls from where I can buy hotwheels at mrp near janakpuri??",True,Discusses product availability issues on Blinkit.,0.96
1287,reddit,0.0,2026-07-18T16:59:22+00:00,Guys pls buy hand fans which run by battery. you can get them from blinkit or any such apps. And if possible buy as much as u can so u can give them to the protesters. And do share this tip with others as well. So u don't waste you energy on using foldable manual pankha.,True,Mentions product discovery and availability of battery-operated hand fans on quick commerce apps.,0.88
1288,reddit,6.0,2026-07-16T13:47:01+00:00,"Today was the second time I received someone else’s confidential documents through Blinkit printing.

The package contained another person’s passport copies and a complete bank statement of multiple pages, including sensitive personal and financial details.

I had ordered prints of only 2–3 pages, but they did not even check the envelope before delivery and included several other pages belonging to someone else.

I have already faced this issue twice, which makes me question how these documents are being handled, checked, and delivered.

If you are using Blinkit printing for important documents, please be careful and double-check what you receive. I hope Blinkit takes this seriously and improves their document handling process because this could potentially put customers at risk.",True,Discusses trust in products/services and service execution regarding Blinkit printing.,0.94
1290,reddit,77.0,2026-07-05T04:38:28+00:00,"I'll go first. 

It's switching to a 50L overnighter bagpack for my job. I travel throughout NCR for my job and often have to stay the night in either Noida or Gurugram and it helps a lot to just store everything I want into a comfortable bag rather than stuffing shit down in my old bagpack. 10/10 recommended for someone in my position.

Another would be an egg boiler off of either ecom sites or blinkit. I have a mild intolerance to eggs but I have it back at my home and it was wonderful to just boil 6 eggs and eat 2 with each meal throughout the day and complete half of my protein intake.

Curious about y'all and hence this post so please fire away. Links would be appreciated if it's an online purchase.",True,"Discusses shopping behavior, product utility, and repeat purchases.",0.98
1293,reddit,1.0,2026-06-30T09:41:23+00:00,"I'm honestly disappointed with how this was handled by Blinkit.

I ordered a charger because the product title clearly mentioned **SUPERVOOC** support (https://blinkit.com/prn/ailkin-supervooc-ultra-fast-charging-adapter-with-cable-80-w/prid/581621?srsltid=AfmBOoqXT5YiNo3sHpZN7gY9avk56l3r41u3Ywca4wS5gofwNLSol19C).  When it arrived, I realized it wasn't the same product that was advertised. The charger doesn't support SUPERVOOC, and even the images in the listing don't match what I actually received.

I contacted Blinkit support thinking they would replace the product or issue a refund, but instead I was told to contact the brand. I don't think that's fair. I bought the product from Blinkit based on the information shown on their app. If the listing is incorrect or misleading, that shouldn't become the customer's problem.

 I'm trying to understand if this is a one-off issue or something others have experienced too.",True,"Discusses product information mismatch, misleading listings, and purchase decisions.",0.99
1294,reddit,1.0,2026-06-29T14:03:07+00:00,"While BlinkIt / Instamart are charging a fee every order, how is Zepto without any additional charges running a model, which doesn’t make sense from a company PoV

Prices are competitive, but one thing I have noticed over time, deliveries are comparatively very late, which other apps are not, sticking to the ultra-fast delivery model",True,Compares delivery speed and pricing models across quick commerce apps.,0.91
1296,reddit,16.0,2026-06-25T10:51:53+00:00,"Back in Delhi, if we needed anything, we'd just step out. Groceries, medicines, snacks at midnight, a random walk after dinner... everything came with a reason to leave the house. On the way, you'd bump into someone you knew. Neighbours knew each other, aunties knew everyone's business, uncles had their evening adda, kids played till someone shouted from the balcony. The colony genuinely felt like one big family.

It's been over two months since I moved to Gurgaon.

Life here is... different. Everything comes to your doorstep now. Groceries? Blinkit. Medicines? 10 minutes. Food? 20 minutes. I can literally go days without stepping outside unless I have office.

I live in a nice society, but somehow it feels less connected. I've been here for more than two months and I still don't know who lives next door. We all enter the lift, don't even smile, look at our phones and leave. Everyone has their own routine, their own bubble.

Convenience has definitely made life easier. But somewhere along the way, I feel we've also stopped meeting people without planning to.

Maybe this is just how city life evolves. Or maybe I just miss the chaos of a colony where everyone somehow knew everyone.

Anyone else who moved from Delhi to Gurgaon (or any other city) felt the same?",True,Discusses how quick commerce fundamentally alters shopping behavior and lifestyle habits.,0.96
1297,reddit,6.0,2026-06-24T17:05:34+00:00,"I've been using Amul products for years, but over the last 3-4 months I've felt that the quality of some products isn't as consistent as it used to be. Has anyone else noticed this, or is it just me? Usually ordered from Blinkit/Instamart.

20% of my recent packages of Kheer/Rabdi/curd and 1% of my milk packages are either unusually bitter or are spoilt. Only butter is something that is still consistent.",True,Discusses trust in products and consistent quality across quick commerce purchases.,0.97
1298,reddit,1.0,2026-06-20T06:07:38+00:00,"""Quick-commerce apps like **Blinkit/Zepto** are great but they only carry what fits in a **dark** store printed documents, hardware, local snacks, stationery, gifts from that specific shop you like none of that is on there.

If there was an app where you could order from actual local shops around you — live tracking, UPI, same Blinkit-style **experience** \- would you use it?

What stopped you from ordering from a **local** **shop** recently instead of going there yourself?""",True,"Discusses shopping behaviour, product availability limitations in dark stores, and app experience.",0.98
1301,reddit,1.0,2026-06-17T19:26:46+00:00,"I know dmrc one is the best but wo ab milte nhi na. So I'm gonna have to buy one , either airtel one from the station or bharat yatra from blinkit. Any help is appreciated :)",True,Discusses product purchase decisions and availability on Blinkit.,0.92
1302,reddit,1.0,2026-06-15T23:05:56+00:00,"I am a japanese culture enthusiast. I want to try authentic ready-to-eat japanese ramen, not the ones available on blinkit. That stuff is mostly korean.

Please recommend me some place or any specific japanese ramen you have tried or like.",True,Discusses product discovery and limitations of what is available on quick commerce apps.,0.93
1304,reddit,241.0,2026-05-25T15:49:11+00:00,"We spend thousands on RO water filters and air purifiers, but we are completely blind to a massive health crisis: **Our Vegetables.**

Have you ever wondered what kind of water is used to grow them?

Look at Delhi as a prime example. Multiple studies show that Faridabad's groundwater is already heavily contaminated with toxic heavy metals (like Lead, Cadmium, and Nickel) due to decades of untreated industrial waste and landfill leachate.

To make things worse, farmers in these industrial belts and peri-urban areas use this toxic groundwater or black, untreated sewage water from drains to irrigate crops. Why?

1. It is completely free.
2. The sewage acts as a ""free fertilizer,"" making vegetables look bigger, greener, and grow faster.

**The biggest catch? You CANNOT wash these toxins away.** This isn't surface dirt. The roots absorb these heavy metals directly into the plant's tissue. green veggies like Palak, Dhaniya, and Gobhi act like sponges for this toxic . Consuming this daily silently damages your kidneys, liver, and drastically increases cancer risks over time.

**Why are food safety authorities completely sleeping ?**

**They are too busy running corruption,scams, and building their own personal properties.** Local food inspectors and authorities only wake up when they want to collect their (bribes) or target small shops for extortion. Testing drain-irrigated vegetables doesn't line their pockets,

There is **ZERO source-tracing**. When you buy from local mandis or apps like Blinkit and Zepto, you have no clue if your food was grown using clean water or industrial sewage

How are you guys dealing with this? Do you blindly trust or ignoring, or is there a genuine way to source clean food today? Let’s discuss.",True,"Discusses food safety, source tracking, and trust in products bought from quick commerce platforms.",0.95
1306,reddit,2.0,2026-05-22T08:02:36+00:00,Earlier it used to be available on blinkit but now I can't seem to find it on any quickcommerce website.,True,Discusses product availability and disappearance from quick commerce websites.,0.96
1307,reddit,47.0,2026-05-21T03:41:01+00:00,"I live in terrace apartment which has big glass windows in opposite side of walls.(east and west)This makes my house prone to facing the heat from all directions.

I keep the AC on all the time. However, leaving my room to enter kitchen or washroom makes me realise how hot it really is. My head starts to spin and dizzy. I keep myself hydrated with juices,coconut water and even ors solution.

Because of the ease of blinkit/zepto/zomato I don’t even need to go out.

However, my heart screams for the gig workers or anyone who is out there working in this weather. I offer them cold water or any refreshment if anyone comes to my home be it my house help or plumber or delivery person.

I was wondering how people who are out there holding up in this weather.  
People who go to office - commuting must be so difficult.  
Delivery guys, cab drivers, gig workers- A BIG SALUTE 🫡 You guys are doing so much just to provide for your family or yourself.

I want to know what government is doing in such situation. Delhi temperature will only go up in coming years. Delhi will become impossible to live.  
Summers heat will kill you, winters AQI will kill you.

I am seeing construction happening in all over the city, however there is no regard for greenery. No regards for trees, no regards for aesthetics. I feel like cities are being made just for the rich so that they can continue exploiting the poor or middle class. They gonna travel in their ac cars, ac home, they will go for vacations abroad just to skip the weather. Imagine the privilege!

Why no one is speaking anything about it?

Corporate should give wfh for few months but they have no regards of their employees.  
There should be something.  
I am posting this just to know what you guys are thinking and how we can actually do something about it.",True,Discusses reliance on quick commerce apps due to weather and shopping behavior.,0.89
1308,reddit,4.0,2026-05-16T04:37:13+00:00,"I needed to get some documents printed. I don't have a printer and there's no cyber cafe nearby. So I asked a friend if he can get the documents printed at his office and I'll collect them from him. He said if you need them urgently, you can even get it done on Blinkit. So I checked and to my surprise this is an option.  I uploaded the documents and they got delivered in 10 mins. 

Little joys of life.",True,Discusses discovering new service features (document printing) and convenience on Blinkit.,0.95
1309,reddit,6.0,2026-05-02T10:22:06+00:00,"I’ve had multiple frustrating experiences with Zepto over the past 2–3 months, and I’m honestly concerned about their quality checks at this point.  
**1. Spoiled almond milk (twice!)**  
A few days back, I ordered Alt almond milk. The package was already tampered with when it arrived. I still opened it (my mistake) and the milk was sour and clearly spoiled.  
I raised a complaint, got a refund + replacement — but guess what? The replacement was ALSO spoiled. Same sour smell and taste.  
This made me question:  
Are they storing expired/damaged products and still sending them out?  
**2. Rotten chicken from Licious via Zepto**  
I ordered chicken (Licious) through Zepto, and it smelled absolutely horrible — like a drain. Completely unusable. This is not just inconvenience, it’s a **serious health concern**.  
**3. App issues when raising complaints**  
There’s a very suspicious pattern whenever you try to report an issue:  
The app crashes  
Photo uploads fail repeatedly  
Complaint process gets stuck  
It feels like the platform makes it harder for you to actually report problems.  
**4. Current issue (today)**  
Ordered avocado — received it completely raw/unusable.  
Tried to raise a complaint → photo upload glitch again. Can’t even submit the issue.  
**Comparison:**  
I ordered the same almond milk from Blinkit and it arrived perfectly fine. So clearly, the issue isn’t the product — it’s Zepto’s handling/storage.

What’s most alarming is the clear lack of quality control. Getting spoiled products once might be a mistake, but repeated incidents — including rotten chicken — point to a systemic issue in how Zepto handles perishable items.  
It also raises serious concerns about whether compromised or near-expiry products are being sent out without proper checks, which directly affects customer safety.  
On top of that, the complaint process is frustratingly unreliable — app crashes and upload failures make it unnecessarily hard to report issues, limiting accountability.  
After multiple experiences like this, it’s hard to trust the platform at all.

**Has anyone else faced similar issues with Zepto?**  
Would really like to know if this is a widespread problem or just extremely bad luck on my end.  
At this point, I’m seriously reconsidering using the platform altogether.",True,"Discusses product quality, trust in products, food safety, and customer support barriers on quick commerce.",0.98
1310,reddit,1.0,2026-04-22T14:24:35+00:00,"Hey everyone! I'm doing my Master's research on how quick commerce (Blinkit, Zepto, etc.) is changing our shopping habits and its impact on the environment.

If you use these apps, I'd love your input! It's a super short, anonymous survey (takes \~5 mins).

Link:

https://forms.gle/nKRLg8rxY8DhT2TC9

Thanks for helping me out!",True,Discusses research on how quick commerce changes shopping habits.,0.95
1311,reddit,1.0,2026-04-21T07:05:31+00:00,Where can I get Davidoff chewing coffee candies in NCR? Can't find it on Blinkit/Instamart or any other online platform. Is there any store having them?,True,Discusses product availability and search experience on quick commerce apps.,0.96
1312,reddit,299.0,2026-04-13T14:46:14+00:00,"Am i the last person to know that Blinkit has vibrators for women? Dream has come true for me rn. I have already decided to buy a suction massager from sassy thing brand. But before i place the order, i just wanna know does blinkit actually delivers secretly like covered or something? Cuz if my parents see it............. I can't even imagine that conversation. So, anyone who has ordered before- share your experience please. or should i just order from the brand - because brand is promising discreet shipping with no labels etc.

Help a girl out.

Edit: okay did NOT expect this many responses 😭 thanks for sharing so many useful tips, putting the most helpful ones here in case it helps someone else too



1. best suggestion tbh: just order it as a gift, packaging is way less suspicious

2. if you’re still worried, you can get it delivered a little away from home or somewhere you feel comfortable receiving it

3. ordering directly from the brand (like That Sassy Thing) or any site that does discreet shipping is usually safest, takes 2–3 days but worth it tbh

4. if you still wanna order from Blinkit or Zepto, just hide your history and add clear delivery instructions. if you’re using Swiggy premium, try incognito mode 



ps: i needed it in hurry toh maine toh blinkit kar liya as a gift and it came all wrapped lol. But i agree that its just better to order from the brand's website directly as they ensure discreet shipping.",True,"Discusses product discovery, purchase decisions, trust, and category expansion on Blinkit.",0.98
1318,reddit,1.0,2026-03-22T16:00:15+00:00,"hey guys, i want to order some unique/tasty snacks from Zepto/blinkit. i am so bored of eating the usual lays chips and all. Please recommend some cool snacks.",True,Discusses product discovery and category exploration for snacks.,0.97
1319,reddit,2.0,2026-03-22T10:41:36+00:00,Can anyone plz suggest reasonable Bluetooth speakers under 2k? I searched and found few of BoAt and Portronics but i donno which ones are better. I need good sound quality and loud enough volume. Also let me know where to buy them? Is blinkit ok to buy speakers?,True,"Discusses product information, purchase decisions, and whether it is advisable to buy electronics on Blinkit.",0.96
1320,reddit,1.0,2026-03-17T13:23:26+00:00,"What do you think about an on-demand construction material delivery idea in Delhi?

Like a Blinkit/Zepto model but for cement, bricks, sand, etc.
Would this work? What are the challenges?",True,Discusses a new business model and category expansion for quick commerce.,0.92
1321,reddit,10.0,2026-03-16T07:38:46+00:00,"So i came to know about this brand 2 years ago, but didn't buy since it was not available on blinkit of Instamart. 

Now it is, so i bought it just to check, and boy was I disappointed. 

It gives you 30grams of chicken (jerky) for ₹200, which is more expensive than a kfc burger. 

Taste is subjective so I ain't gonna comment on that ( it was shit btw)",True,"Discusses product pricing, value perception, and purchase experience after discovering a brand on Blinkit.",0.97
1323,reddit,2.0,2026-03-14T14:58:28+00:00,"Apna bhi gas khatam ho chuka hai so doing a forced ""fast for world peace"" 🕊️ and surviving on fruits for a bit (with boiled eggs ofc).
Living in GTB/Mukherjee Nagar and looking for that balance of good quality and fair price.

Who has the best quality-to-price ratio right now?

Online: Blinkit, Zepto, Instamart, or any special apps? 
Offline: Any specific local spots worth hunting at?

Let me know your go-to survival options. Bhot help ho jaegi yaar...🙇‍♂️",True,"Discusses shopping behavior, quality-to-price ratio, and comparing online quick commerce platforms with local offline options.",0.95
1324,reddit,43.0,2026-03-11T20:36:34+00:00,"I just checked blinkit, instamart and even zepto everywhere it is out of stock.",True,Discusses product availability issues across multiple quick commerce apps.,0.98
1326,reddit,2.0,2026-03-07T18:55:19+00:00,"Hi guys,

I wouldn’t recommend anyone to order printouts from Blinkit after my recent experience.

Earlier this week on Tuesday, I placed an order for document printouts that contained sensitive information. A few minutes after placing the order, I cancelled it because the wait time was too long. The app showed the order as cancelled and mentioned that I would receive a refund.

However, 4 days later, almost exactly 96 hours later, those same printed documents were suddenly delivered. Not even to my house, but to a random house a few lanes away, and handed to a random person.

Luckily, that person noticed my address on the papers and came over to return them to me. Otherwise, my personal documents could have ended up with strangers.

This shows serious negligence and irresponsibility on Blinkit’s part. They claim that documents are deleted to maintain confidentiality, but clearly the process is poorly managed. Even if the documents had already been printed before cancellation, the responsible thing would have been to discard them, not deliver them four days later.

What made the experience worse was the customer support. They were extremely unfriendly, did not acknowledge the seriousness of the situation, and took no accountability for what happened.

Blinkit has very strict policies when it comes to protecting themselves from refunds for poor quality items on their platform, but in a case involving sensitive personal documents and a clear privacy breach, they still refused to take responsibility.

Just sharing this here so others are aware before using Blinkit’s printout service.",True,"Discusses issues with Blinkit's printout service, cancellation, and privacy breach affecting trust.",0.95
1327,reddit,1.0,2026-03-07T08:16:21+00:00,"Hi everyone, I am conducting quick UX research for a portfolio project regarding local grocery shopping habits and frustrations with quick-commerce delivery fees (like Zepto or Blinkit). The survey is completely anonymous, consists of 6 multiple-choice questions, and takes less than a minute.

**\[https://docs.google.com/forms/d/e/1FAIpQLSezRik8JJBz6PbRvNXKZv-T-xm6TsWZOWVckoRieqzPWVVieg/viewform?usp=header\]**

Thank you for your time!",True,Discusses UX research on quick-commerce delivery fees and shopping habits.,0.96
1328,reddit,98.0,2026-03-04T14:41:07+00:00,"We listen and dont judge. 
So recently I was going thoigh blinkit and i realised they sell the toys for pleasure which is cool per i wonder kon order karta hoga.  lol",True,Discusses product discovery and availability on Blinkit regarding pleasure toys.,0.94
1329,reddit,1.0,2026-02-27T18:54:24+00:00,"i recently visited kwality bazar, i genuinely enjoy visiting grocery marts to check out the prices and whats new. 

if i see discount on things that i wanna buy but dont because they are pricey otherwise i WILL purchase them. A similar thing happened recently, i went in saw a buy 1 get 2 scheme on purete olive oil ( i had to pay 2199 for 3 bottles of extra virgin olive oil, ITS A STEAL right?) then the sales man when i asked him about it suggested i buy another olive oil from jivo for 499. i looked it up whether its a good brand and it was and i bought it assuming im getting a good deal. Saw another little sign, it said lactose calamine face wash mrp 120 our price 95 i also wanted a face wash and i thought les goo its for cheaper i will take it! go cheese slices were on buy 1 get one at 210per 200gms ANOTHER STEAL! 

came home checked zepto, blinkit etc turns out i bought everything one full price for no readon at all, the only problem is that i wasnt in desperate need of them! 

congrats @kwality bazar you fooled me 🫡",True,"Discusses purchase decisions, pricing comparisons between local marts and quick commerce apps.",0.95
1330,reddit,1.0,2026-02-27T06:21:07+00:00,"Hey so i really need khoya/mawa and mummy ne bola fresh, bina milawat wala leke aana, please kaha se lau kya karna chahiye mujhe 

I searched online, blinkit only has Amul Khoya but i want fresh, if anyone has any leads please let me know, location south delhi mein kahi bhi, preferably near CR Park

Holi ka time hai, socha mawa le hi aati hu

Kindly do let me know thankyou :,)",True,Discusses product availability and consumer preferences for fresh ingredients compared to Blinkit stock.,0.96
1331,reddit,329.0,2026-02-25T02:14:40+00:00,"When I lived abroad briefly, it was such a pleasure to plan my meals, step out on the clean roads, the good air and visit the organised super markets and buy my groceries. Fair price, fresh ingredients, no bargaining and one price for all customers. In Delhi, blinkit has spoiled me and i dont mind paying the added delivery charges - not realising how much i end up payint for delivery alone, given I order multiple times a week due to lack or organisation. Would love to know how others are maintaining their household?",True,"Discusses shopping behaviour, repeat purchases, and spending habits on Blinkit.",0.98
1334,reddit,1.0,2026-02-20T02:12:51+00:00,"# For my fellow hot wheels collectors in Delhi, the premiums are finally available on Blinkit! Keep checking",True,Discusses product discovery and availability of Hot Wheels collectibles on Blinkit.,0.97
1335,reddit,1.0,2026-02-18T12:56:59+00:00,"Found jimmys cocktails in blinkit and I have never had cocktails so I was thinking to have one of these and mix it with some vodka or whisky,is it cool?or how else would u make your cocktail at home",True,"Discusses product discovery, usage, and recipes for cocktail mixers found on Blinkit.",0.95
1336,reddit,10.0,2026-02-17T17:51:36+00:00,"Hey guys,

Don’t we have any nice, aesthetic, large supermarkets in Delhi? I’m not talking about Reliance Smart Bazaar types, but something more like Lulu Hypermart. The only one I really know in Delhi is Modern Bazaar. (I’ve seen it from outside. Idk how it is inside)

When I visited Hyderabad, I saw so many good supermarket chains like Ratnadeep. Same with Bangalore and Chennai. It just makes me wonder how is it possible that in a huge city like Delhi we don’t really have good supermarkets?

In Delhi, it feels like the options are either regular neighbourhood grocery stores or ultra premium shops that only sell expensive imported international stuff nothing in between.

I stay in Central Delhi and honestly, we don’t have any nice supermarkets around. We usually order from Amazon or Blinkit and get our day to day stuff sometimes from the nearby Safal or Mother Diary. But I haven’t found a place where I can shop everything at once.",True,"Discusses shopping behaviour, store discovery, and reliance on platforms like Blinkit.",0.94
1337,reddit,1.0,2026-02-16T17:59:35+00:00,"I need this flavor of Monster energy asap and I've almost checked every online commerce stores like BB , instamart , blinkit , zepto and even amazon and even offline stores which had other flavors available. Is there any store in delhi that sell imported and exclusive ones like these??? 
Just found i cant upload an image idk why, the flavor is MONSTER ENERGY ULTRA BLACK.",True,Discusses product availability and search experience for imported beverages across quick commerce.,0.96
1338,reddit,4.0,2026-02-16T08:35:16+00:00,"Food and Drink cause, consumption Yes. But really, when are they gonna restock their stores(Instamart, zepto, blinkit) with the regular cigarettes?... Don't think I'd get an answer here but just putting it out there cause I don't think I'm the only one with this thought in mind",True,Discusses product availability and restocking issues on quick commerce platforms.,0.97
1341,reddit,3.0,2026-02-09T11:24:44+00:00,"Data analyst here. I'm investigating if Blinkit uses dynamic pricing for handling fees.   
  
  
**What I need from your last Blinkit order** OR **you can just share the screenshot.**   
\-Cart value   
\- Handling fee charged   
\- Time/day ordered   
\- Number of items   
  
  
I'll share the full analysis + Power BI dashboard once done. Let's expose the algorithm together!",True,"Discusses dynamic pricing and handling fees on Blinkit, affecting purchase decisions.",0.96
1342,reddit,62.0,2026-02-09T11:21:46+00:00,"Whenever I order from Zepto, it feels like I’ve signed up for a character-building workshop I never asked for. I placed an order at 3:55. It’s 4:45. Still nothing. I reached out the delivery guy 15 fricking times. And he had this audacity to say aapka order paid ya paise doge ? I was like bc lekr toh aaaa

And when I try to contact support? That robot pops up like, “I know you want to connect, how can I help you?” Bro, if you know, then CONNECT ME. Don’t gaslight me with automated empathy.

Every single time I convince myself, “Maybe today will be different.” It’s never different. It’s the same cycle: hope → delay → chatbot therapy session → regret.

At this point, I’d happily pay ₹30 extra on Blinkit and actually get my stuff on time. Peace of mind has a price, and apparently it’s ₹30.

Anyone else stuck in this toxic relationship with grocery apps or is it just me?",True,"Discusses purchase barriers, app choice based on service quality, and shopping preferences between platforms.",0.95
1343,reddit,5.0,2026-02-08T16:48:45+00:00,"Lately I’ve noticed most of my money leaks into small things — random café visits, impulse shopping, and frequent Blinkit orders. Individually they feel harmless, but by the end of the month… 💸

I don’t want to go full monk mode, just looking for simple, realistic tricks that actually work in daily life.",True,"Discusses shopping behaviour, impulse shopping, and spending patterns on Blinkit.",0.98
1344,reddit,2.0,2026-02-06T23:05:02+00:00,If I'm ordering zepto or blinkit at an unusual hour (like rn it's 4:30 in the morning) am I disturbing someone or helping the delivery guy who works night shifts ?,True,Discusses late-night shopping habits and motivations on quick-commerce apps.,0.93
1345,reddit,3.0,2026-02-05T10:19:29+00:00,"Just noticed that a plant-based protein brand called Nufyt is now available on Blinkit in Gurugram.

They have a trial pack, which is nice if you don’t want to commit to a full tub right away. I ordered it today. I made a blueberry smoothie from it. It was amazing. 

Sharing here in case anyone else in Gurgaon is trying plant protein or looking for lighter options. Sharing the link here - Check out this product on blinkit-Nufyt Plant Protein Sachets https://blinkit.com/prn/x/prid/739719",True,"Discusses product discovery, new category exploration, and trying trial packs on Blinkit.",0.98
1349,reddit,1.0,2026-01-15T19:34:21+00:00,"New to the sub. Honestly, sardi mein rajai se nikalne ka mann nahi hota, par PhonePe ungliyon pe chalta rehta hai. ❄️

I’ve realized I’ve started ghosting my own transaction history. Payment karne ke baad I just skip the summary immediately. Aur month-end pe jab history check karne ka dimaag banta hai, toh wo 50-100 transactions ki lambi list dekh ke hi maut aati hai. It’s so overwhelming that I just close the app and forget about it. 😭

Alas itna hai ki main road p supermart ki doori ke liye bhi rapido kar lo, ya roz raat ko Blinkit se kuch badhiya garam garam mangwa lo. I know I need to be more aware, but the effort of going through that messy history list feels like a chore.

**Bas ye bata do, am I alone in this?**

1. Ek transaction batao jo iss thand mein ""faltu"" kardi just because of laziness? (Mine: Ordering ₹200 gulab jamun with my homies ) 🤡
2. History check karne mein itna darr ya alas kyun aata hai? Is it the fact that there are way too many small transactions to track at once?",True,"Discusses shopping behaviour, impulse purchases, and late-night ordering motivations on Blinkit.",0.95
1351,reddit,1.0,2026-01-12T06:00:05+00:00,"Hey guys,
I live in Delhi and there are a lot of stray cats around my building/entrance.

I LOVE cats but I can’t adopt because my mom is terrified of them 😭 so I just feed the strays.

Till now I’ve been giving them diluted milk, but I know milk isn’t good for cats + they keep meowing like they’re still hungry, so I want to start feeding them properly.

Also I’m vegetarian and get an ick with meat smell/touch 😭 so anything that’s easy to handle (like just pouring into a bowl) would be perfect.

If anyone here feeds strays in Delhi/India, please recommend some good cat food options available online (Amazon/Flipkart/Blinkit etc) that I can easily transfer into a bowl. Also would love suggestions for a sturdy bowl that won’t tip easily and is easy to clean.

Thanks!!",True,Discusses product discovery and searching for pet food options on Blinkit.,0.96
1352,reddit,0.0,2026-01-11T20:48:14+00:00,"I don't know how &amp; What kind of steel balls you delhi folks have - I went to delhi for the indus food expo 2026 2 days back &amp; God this city is so toxic aur condition was so bad I felt like inhaling something which will kill me within a day itself. 

I have some breathing issues normally but in delhi I felt like I was fighting for my survival. My eyes are burning even now - after 2 days too. Couldn't inhale any air &amp; my Idiot brain didn't even ordered an N95 MASK from blinkit or zepto. I am so embarassed with myself that i didn't order the mask for my own safety. To the folks who are getting swayed by political parties &amp; saying it isn't polluted ( Ok pray by god's grace you end in that has chamber &amp; Your next generations will have a parent they will abuse with pleasure).

Didn't knew I will end up getting sick so much - Couldn't eat - drink anything at all. 

Literally had to leave Delhi for the sake of my own survival &amp; I will request everyone who is living in Delhi - Please for the sake of your loved ones ( WEAR MASK - NO MATTER what government says ) - situation is worst that you can imagine. 

I went to interact with the expo vendor's as i wanted to start my grocery business in my hometown in ( uttarakhand) but had to leave &amp; Spend 12000 rupees &amp; couldn't get my value which i should have acquired. 

I know i should have ordered the mask before hand or in Delhi itself but - So say the least - Less oxygen to brain does have an effect on it. 

To all my fellow brothers &amp; sisters - PLEASE TAKE IT SERIOUSLY wear mask no matter what &amp; if you have kids &amp; older parents ( make sure they wear it all the times) everyone who is in the radius of Delhi NCR ( delhi - ghaziabad - gurgaon - noida - all cities nearing delhi) have same bad condition ( the expo was in greater Noida - India Expo mart &amp; I'll give you some tea that i left within 6 hours to save my life from that situation. 
I humble request from your fellow brother 🙏🙏🙏",True,Discusses emergency product availability (masks) and search behaviour on quick-commerce apps.,0.94
1353,reddit,1.0,2026-01-03T10:43:30+00:00,"If I lose my card , then the first thing would be to block using the Airtel thanks app, I want to know how can I get my remaining balance back in such a case , can I use the remaining balance to transfer it to a new card or it will be lost forever 
Another thing if I block my card , can I make payments from it like for other purposes such as for blinkit or at other quick e commerce platforms to use that balance ?",True,Discusses payment usage and usability of card balances on quick e-commerce platforms like Blinkit.,0.92
1354,reddit,0.0,2026-07-13T17:31:22+00:00,What happened to Diet Coke it’s not available on Zepto Blinkit and went from Worli to Juhu on the way and it wasn’t available on even one store,True,Discusses product availability and stock issues for specific items across quick commerce platforms.,0.97
1355,reddit,2.0,2026-06-18T07:26:00+00:00,"I'm looking to naturally boost my Vitamin B12 levels through my diet and want to find the best egg varieties available for it.

Do choices like pasture-raised, organic, free-range, cage-free, or omega-3 enriched eggs generally pack better B12 content than commercial regular eggs?

Since I'm ordering in Powai, what specific brands known for high nutrition or quality feed do you guys recommend checking out on quick-commerce apps? Want to make sure whatever brand I pick is consistently available in the local dark stores here.",True,"Discusses product discovery, quality, and availability of specific food categories on quick-commerce apps.",0.96
1356,reddit,6.0,2026-06-12T10:54:25+00:00,"I'm from Goa and we had supermarkets like Delfinos or Magsons that i used to frequent for everything under one roof. From fresh bakery items, to household stuff, to kitchen essentials and produce to alcohol and meats. Used to be affordable too. Been living in Parel for close to 3 years now and am yet to find a decent supermarket close by where I can go for monthly groceries. 

People around me heavily rely on blinkit, swiggy and zepto. Or to the local pharmacies that stock some food too.

The only ones that come to mind are Avarya but thats just for food. Or super expensive ones which sell only gourmet things

Please suggest some good supermarkets nearby for monthly groceries, and relaxing affordable fun shopping",True,Discusses shopping behaviour and heavy reliance on Blinkit versus physical supermarkets.,0.95
1357,reddit,3.0,2026-06-09T13:27:40+00:00,"Noticed this nearly 10th time ordering products from Zepto and Blinkit in Mumbai, both blinkit and zepto deliver damaged products..  
This happens specially with ice-creams.. or any other cook quick food items.

Received products which were melted  
Box had black grease all over  
Opened products  
Not packed products.

The quality of products from these companies has become a sewage now, in an urge to delivery quickly..",True,"Discusses product quality, damaged items upon delivery, and trust issues with quick-commerce platforms.",0.97
1359,reddit,316.0,2026-05-16T07:00:41+00:00,"had actually ordered noodles from Blinkit. But when the delivery arrived, it clearly wasn't my order. It was some random pack of noodles that brand but smaller pack like 1/5th

And yes the package had extra items like a sugar sachet and even a free wet tissue trial pack nothing like what I ordered.

When i opened it I saw it's not what i wanted raised a complaint under 5 minutes and got the refund and an apology

Next morning, i was at work

He came back to our house up to our floor and said he gave me the wrong order and the original customer has cancelled and now WE have to pay for it.

We refused, because this wasn't our mistake. I geneuinely felt bad for him wanted to help him out

Told the blinkit executive to not deduct his money because he probably got confused

Or the blinkit store packer did some mistake

I tried my best to help him

He came the next night took the packet of the wrong noodles we had opened the sugar packet

I would like to add that blinkit said i could keep both

the noodles and sugar packet

But i gave back the wet tissue trial pack and the pack of noodles

He took them

Said store manager said this is not enough

And is deducting his money

He came to our house thrice.

After that, the calls started. His friend or brother he claims this guy that called is a small manager in blinkit

And he began calling me repeatedly. He was using rude called me a thief, constantly pressuring me to pay. They have our number.of two of my family members. They know exactly where we live, they came thrice and not even once had to ask where we live they are well through with where we live now

I got so scared talked to blinkit they said block both these guys but again

How could I do that

They know so much

My parents already don't like the idea of this modern ordering stuff online thing and like this will create a whole issue i can't tell anyone

At that point it stopped feeling like a delivery issue and started feeling like harassment.

My parents already don't like the idea of this modern ordering stuff online thing and like this will create a whole issue i can't tell anyone

At that point it stopped feeling like a delivery issue and started feeling like harassment.

Out of fear and just wanting this to end, I gave him ₹500 from my own pocket.

And now I feel awful about it.

I'm scared he might come back again or keep calling. He already has access to my number and even another family member's number.

I want my ₹500 back because this was clearly not my fault-but I'm honestly scared to escalate this because he knows where we live.

This whole situation has made me feel unsafe in my own home over a WRONG delivery which was not even my fault.

⭐ Edit: I reported it to blinkit they fired the guy I'm so scared that he will do something wrong to me he knows the address by heart two numbers of the house he didn't even require help reaching the house I am so scared i can't contact authorities at all and I'm scared by the time i do",True,"Discusses severe delivery errors, wrong product delivery, trust, and safety issues affecting shopping behaviour.",0.96
1361,reddit,2.0,2026-05-10T05:52:14+00:00,Where can I find thick sliced milk bread/white sandwich bread similar to Japanese shokupan. Can't find it on Zomato or blinkit. Any leads would be appreciated 🙏,True,"Discusses product discovery, search experience, and unavailability of specific bread types on Blinkit.",0.97
1362,reddit,93.0,2026-04-27T11:59:48+00:00,"27 April, Morning - I was visiting Mumbai for a day and found a stray Kitten on the roadside (besides footpath) near Mahalaxmi station exit on the Dr. E Moses Road, exactly opposite to Petzone Clinic/shop.

The Kitten looked to be in very poor condition, very thin and chewing on some wood waste out of hunger I guess, with no mother cat in sight. 

Fed the cat some baby cat food (Whiskas Jr.) from Blinkit and then I had to leave for work. 

If you know some animal rescue/adoption centres or people leaving nearby can check/adopt the little guy, it would probably save a baby's life. 

I have already left the city. Requesting any good samaritans in Mahalaxmi area to have a look. 

Thank you 🙏.

Petzone shop location (Kitten is laying around, exactly opposite to it): https://maps.app.goo.gl/kv4RHUw15AtZbP7F6",True,Discusses product usage and ordering pet food via Blinkit for an emergency rescue.,0.94
1363,reddit,2.0,2026-04-23T16:39:31+00:00,"hey mumbaikars!

so i just got my first job offer as a software engineer and honestly feeling both excited and scared lol. the package is 50k per month and i'll be working in andheri.

i found a 1rk flat in ghatkopar (150 sq ft) which is pretty close to the station. the rent is 16k but its shared between me and another colleague so i pay 8k. they said its a decent society and locality is safe.

now here's where i need your help -

**budget:** after 8k rent from 50k, i have 42k. my parents are saying save at least 15-20k but is that realistic in mumbai? what should be my monthly budget for:

* food (i can cook basic stuff but will probably order a lot initially)
* metro travel
* going out on weekends
* gym maybe?
* other random expenses i'm not thinking of

**savings:** where should i even put the money? fd? mutual funds? my friends are saying start sip but i have literally zero knowledge about this stuff. should i just stick to savings account for now?

**society/flat doubts:**

* is 150 sq ft 1rk actually livable for 2 people or will we kill each other in 3 months
* what questions should i ask about the society before moving in
* any red flags to watch out for

**general survival tips:**

* best places to eat cheap in ghatkopar/andheri
* how much does eating out usually cost
* is blinkit/swiggy instamart worth it or just burns money
* best way to make friends (i'm not from mumbai, dont know anyone)
* any apps or services that are must-have for mumbai life

**also random questions:**

* health insurance - company is giving some but should i get additional
* is 50k ctc good for a fresher in 2025 or am i getting lowballed
* how do people even save for future when rent + expenses eat up everything

i know this is a lot but genuinely feeling overwhelmed. any advice from people who've done this before would be amazing.

thanks in advance!",True,"Discusses budgeting for living expenses and whether quick commerce apps like Blinkit burn money, influencing shopping behaviour.",0.93
1365,reddit,1044.0,2026-03-19T12:34:30+00:00,"I built a map of Blinkit, Zepto, and Instamart dark stores across India using public app data and location inference.

Patterns i noticed:

\- The total footprint looks much larger than commonly discussed

\- Metro areas are extremely dense

\- There’s a lot of overlap between players in the same zones

I’m sharing it here because I think it’s a useful view of how quick-commerce infrastructure is actually distributed.

Map : [https://darkstores.vercel.app/](https://darkstores.vercel.app/)

Writeup if anyone is interested in technical details: [https://jatin-dot-py.medium.com/how-i-scraped-most-dark-stores-in-india-blinkit-zepto-swiggy-instamart-ad939ff17af9](https://jatin-dot-py.medium.com/how-i-scraped-most-dark-stores-in-india-blinkit-zepto-swiggy-instamart-ad939ff17af9)",True,Discusses dark store infrastructure and density mapping for quick-commerce platforms.,0.91
1366,reddit,110.0,2026-03-17T18:43:17+00:00,"​TL;DR
​After 5 years of loyalty, Amazon India’s service has tanked since I dropped Prime in October 2025. I’m facing a recurring issue where prepaid orders are marked ""Handed to Resident"" but never actually arrive. I’m not looking for legal advice, but rather to warn others and find out if this logistics ""lie"" is a widespread trend. If this happens 5 more times in the next 3 months, I’m deleting my account for good.

---------------------------------------------

The Issue:

I’ve recently faced multiple incidents with Amazon India that have caused significant mental harassment and wasted my time. The specific pattern is alarming: my orders are marked as ""Handed to Resident,"" yet nothing was ever delivered to me.

Background Context:

 * The Prime Factor: I was a loyal Prime member for 5 years. Since discontinuing Prime in October 2025, these delivery failures have started happening frequently.

 * Location: I reside in a major Metro city, where logistics should be most reliable.

 * Payment Habits: I have always preferred advance payments over COD for every platform (Flipkart, Zepto, Blinkit, Zomato, etc.). While I still trust other platforms with advance payments, Amazon India has forced me to rethink this ""Always Advance"" policy.

My Stance:

I’m sharing this to spread awareness. I have no interest in the long, drawn-out process of consumer forums or legal courts for these specific orders; I simply want to highlight the decline in service quality.

However, I have a ""three-strike"" rule in mind: if similar incidents happen five more times in the next three months, I will be permanently deleting my Amazon India account.

Attached Images:

I’ve uploaded 3 screenshots of my recent ""failed"" deliveries where the status falsely claims the package was handed to me.

I want to know:

 * Has anyone else experienced this ""Handed to Resident"" ghost delivery recently more frequently?

 * Since I’m not looking for a legal route, what are the best ways to actually get their leadership's attention or ""teach them a lesson"" regarding these logistics lies?",True,"Discusses payment habits, trust, and switching platforms due to delivery failures.",0.93
1367,reddit,318.0,2026-03-16T15:07:49+00:00,"Yesterday I ordered yoghurt from Blinkit and received puffed packs. Obviously unsafe, obviously not normal. I reported it and got a refund.

Today I ordered the same yoghurt again. This time the packs were clearly punctured — like someone had made small holes in them to release the gas and hide the puffing. So instead of discarding bad stock, it looks like they may have tampered with the packaging and sent it out anyway.

This is not “oops damaged in transit.” This is not “packaging issue.” This is a dairy product arriving in a condition that looks like someone interfered with it to make spoiled stock look sellable.
I contacted Blinkit and got the usual useless customer support script plus refund. No serious acknowledgement of the fact that this looks like a food safety issue and possible tampering.


So apparently the standard is:
Day 1: send puffed yoghurt
Day 2: poke holes in it and send it anyway
Then hide behind refund templates

I have photos of the punctured packs and the order history from both days.

Posting this because a refund is not the point anymore. The point is that if this is what they’re doing with yoghurt, what else are they doing with other perishable items?

Tldr: If you order yoghurt from blinkit pls check the lid for holes, these crooks are selling puffed yoghurt packs which aren't supposed to be sold by making hole in them to remove puffing",True,"Discusses product quality, food safety, tampering of perishable items, and erosion of trust in Blinkit.",0.99
1368,reddit,1.0,2026-03-08T10:24:17+00:00,"Hi Mumbaikars, I have a dear one, who recently moved to Mumbai,  I want to send a women's day surprise to. Flowers and maybe a card or something.

FnP is not delivering same day. Zepto, Blinkit, Swiggy all have those dried flowers or crochet flowers only

Any suggestions on how I can make this happen?",True,Discusses product availability and limitations of quick commerce platforms for specific gifting categories.,0.96
1369,reddit,5.0,2026-02-23T17:56:47+00:00,"Yesterday night I couldn't sleep because of how useless the ceiling fan at my house has become. I cannot afford an air conditioner currently. I am thinking of buying a mini portable cooler for personal use. Ik coolers are not meant for humid places like Mumbai but something that ranges till 2000 rupees is what I thinking of buying as a temporary solution. Many are available in Amazon and Blinkit, anyone has experience of buying and using it? Are they of any use?Any of your suggestions are welcome! Thanks in advance!",True,"Discusses product discovery, search, and consideration of purchasing appliances through Blinkit.",0.95
1370,reddit,0.0,2026-02-14T19:57:08+00:00,"I usually avoid ordering from Blinkit / Zepto / Zomato late night but due to an emergency I ordered at 12 am (an hour back). The order only had 4 items and instead of COD, I opted for Online Payment. 

The ordered arrived in around 15-20 minutes but from my doorbell camera, I saw that there were TWO delivery riders standing outside my door. Even as a man, when you have a wife and a small kid, it becomes a little terrifying to see two unknown men standing outside your door at midnight. 

Anyway, I opened the first door but didnt open the safety door and told them to leave it outside. As I watched from my window, the other guy was on a royal enfield! Which deliver driver delivers on an enfield? It made no sense. I immediately checked my app and it showed only one delivery driver. I immediately raised it to customer support and they said that my order had two riders!? I asked them where is the second guy’s name, they said it doesnt show up! So basically the second guy can do anything to anyone but his name wont show up. What stupidity is this? 

I should know how many riders are coming to deliver my items, especially when its fucking 4 items!",True,"Discusses safety concerns, user trust, and purchase barriers regarding delivery safety on Blinkit.",0.95
1371,reddit,1.0,2026-02-09T02:59:54+00:00,I am trying to find a right balance between quality and price.  I worry that the Blinkit / Swiggy products may not be high quality.  Ideally want to find reasonably priced close to organic (no chemical / residue) product sources.  Natures Basket products are great.  Buts it’s expensive.,True,"Discusses product quality, trust in quick-commerce items, and price-to-quality evaluation for organic goods.",0.98
1372,reddit,2.0,2026-02-07T12:48:17+00:00,"I've tried blinkit, instamart and zepto but had no luck.

Russet potatoes seems to be on an expensive side.",True,"Discusses product availability, search, and pricing perceptions of specific potato varieties on Blinkit.",0.97
1373,reddit,1.0,2026-01-31T18:30:03+00:00,"I’ve shifted from blinkit to zepto &amp; instamart only and only because blinkit is not sending stuff in a bag.

The other day I ordered stuff more than ₹2500 which has a lot of different stuff, oil bottles, small soap boxes, and other home stuff. This delivery guy comes up in his box bag and start giving me products one by one, this was going on for good 5-10mins

This is so irritating and frustrating that after 7th order i switched to zepto, i got an bag for an small biscuit box too.

This is not about environmental impact, but inconvenience and convenience. Blinkit can for sure have more eco-friendly solutions, but causing inconvenience to customers is a huge problem atleast for me

And on the top of this, these f\*\*kers take 10-20₹ as handling charge. 

Ek kaam karo, chullu bhar pani lo aur dub jao

Convince karte karte, humko pagal banaya jaa rah hai",True,"Discusses packaging inconvenience, handling charges, purchase barriers, and platform switching behaviour.",0.98
1374,reddit,61.0,2026-01-29T08:22:00+00:00,"Just saw that Blinkit is selling this card. Does this work on Aqua line? I have a SBI metro card that works on red, yellow and blue line but doesn't work on Aqua line.",True,"Discusses product discovery, availability, and utility of cards sold on Blinkit.",0.95
1379,reddit,0.0,2025-12-28T18:10:08+00:00,"I need advice. Blinkit delivered old Nestogen stock with a 4.7g scoop (Market standard is 11.1g). I unknowingly fed this to my baby. When I complained, they admitted it but refused compensation for the mental agony and the fact that I had to run to 7 chemists at night to find safe food. They offered ₹55 and told me to file a legal case. Here is the video proof of the scoop difference: [https://youtube.com/shorts/eOY5ZqXJD4s?feature=share](https://youtube.com/shorts/eOY5ZqXJD4s?feature=share)

[I was searching for this photo of the new packaging as all 5 of them were consumed by my baby and boxes were discarded. This was bought from offline medical store new lot was introduced by Nestle. New scoop is mentioned on the pack as well the size is shown. The new scoop is of 11.1 grams of formula of Nestogenfor 70 ml water. Blinkit delivered a unit from old lot and lied their inventory being updated. The unit in the picture was bought from outskirt of Mumbai. They are up to date about these changes and Blinkit is clearing their warehouse of old stock rather than bringing in the new lot.](https://preview.redd.it/0fyttwz4e4ag1.jpg?width=1280&amp;format=pjpg&amp;auto=webp&amp;s=b7ba8e1f75e63a17657c5eec7d20ee34c0eb1802)

r/mumbai",True,"Discusses product quality, old stock issues, and trust in baby product safety on Blinkit.",0.96
1382,reddit,1.0,2025-08-17T11:07:35+00:00,"Hi I have to temporarily reside at a place where there is no filtered water.  So I am getting plastic bottles of water on delivery services.  I wanted to get glass bottles though.  Previously they used to sell glass bottles of bisleri on apps like zepto,blinkit.  But those are not available anymore.  Instead the only glass bottles that are available are crazy expensive (3x-5x the cost of original bisleri glass bottle).  I was wondering is there any place where I can either bulk order or order for delivery - glass bottles of water?  Malad - Andheri west corridor.",True,"Discusses product availability, pricing discrepancies of glass water bottles, and searching for alternatives on quick commerce.",0.98
1383,reddit,12.0,2025-07-05T10:50:07+00:00,"Just wanted to ask - how do you all save money while buying groceries these days?

Do you usually order online (BigBasket, Blinkit, Zepto, etc.) or prefer going to local kirana shops / supermarkets like DMart or Reliance?

I've been trying to cut down monthly grocery costs and was wondering what works best bulk buying, checking for offers, or just better planning in advance?",True,"Discusses grocery saving strategies, comparison between online platforms (Blinkit, Zepto, BigBasket) and local supermarkets or kiranas.",0.99
1385,reddit,197.0,2025-06-06T06:24:46+00:00,"2-3 kirana shops in my area have shut down in last 8 months. Its impossible for local grocery shops to compete with zepto, blinkit jiomart.One of the shopkeepers told that me his sales are down by 50-60% compared to couple of years before.

I told him that online apps sells items at very less price(less than mrp) and he sells it at mrp so obviously why would customer buy from him. I know it’s difficult for local shops to sell items less than mrp as there is very thin profit margin on those items but as a customer we cant do anything about it.",True,Discusses consumer shift from local kiranas to quick commerce due to pricing and discounts.,0.97
1388,reddit,77.0,2025-04-21T16:02:28+00:00,"I can't seem to find that cheese in any local shop, Nature's Basket, Instamart, blinkit or bigbasket anymore. There's no Kodai or D'lecta block anywhere.",True,Discusses product availability and out-of-stock issues for specific cheese items across quick commerce apps.,0.99
1389,reddit,318.0,2025-03-10T04:30:55+00:00,"So I needed fevikwik urgently for daughter's school, and some idli atta. 

I have the zepto pass so usually the handling cost is about 9 to 10, now it's twice?? 

So I checked on blinkit, and they show free delivery above 199. But when you add items worth like 250, THEN they show 200 to 499 you pay Rs.12! And only above 500 is it free delivery even if you have the pass thing. 

Tldr; quick ecom has started overcharging handling fees. Now your ""pass"" has no value anymore.",True,Discusses changing handling fees and pass value on quick commerce platforms influencing purchase decisions.,0.98
1390,reddit,0.0,2024-12-28T10:21:11+00:00,"1 week back I had ordered a few items from Blinkit for a sleepover. Usual stuff - snacks and cold drinks. I must confess that the order was placed at 4 am, but the page showed that they're up and the location was serviceable. I placed my order, made the payment and was shown delivery time to be 8 minutes. 15 minutes went by and I contacted the customer support via chat on the app. I was assured that the order would arrive soon and was asked to wait. I waited out of my society complex just near the gate to avoid any security issues to the delivery guy. 30 mins passed, even the guard uncle was like ""aata yenar naahich to"" (he won't come). I promptly contacted the customer support and asked what was up. I then received a call from the same executive who'd assured me earlier, saying that the store is now shut and they cannot provide the promised items. Angry and baffled, I asked the dude how can they make me wait for 30 mins and then say that they shut shop - mind you, I made the payment beforehand. The guy, for no fault of his own, was helpless. He said that he can just refund the money. To me, this wasn't a zero sum game - I LOST MY TIME. A simple refund wasn't going to cut it. I asked him for a compensation, since I have faced delivery failures before but was compensated appropriately. The guy laughs and says ""we don't have a protocol for compensation"". At this point even I was too tired and went back home, defeated. Next thing, I write up a fiery email with all the screengrabs and send it to Blinkits email. The response was tone deaf and uneventful. Multiple replies later, I believe they are being evasive. Now I'm sure that I'm eligible for a compensation, but I'm not so sure about how to go about it. Wise folks of Reddit, please guide me. What should be my next step?

TLDR: I placed an order on Blinkit, but after waiting for 30 minutes the order did not arrive and I was left standing in the cold with no compensation. I'm planning to take an action but I am not sure how to do so. Kindly help a bro.

Edit: received an email when I requested the team to escalate the issue. Got a 20% off coupon. While I agree that I might have acted 'entitled', but Blinkit has been giving me some real hard time lately. From quality issues to order cancellation. This time around, the main issue was that they accepted the order and then told me that they've shut the shop. And when the support executive guy laughed at my face, that tipped me over. I'm still bitter from the experience though",True,Discusses order cancellation after store closure and its impact on user trust and purchase experience.,0.95
1392,reddit,62.0,2024-11-02T17:55:29+00:00,"This is the 3rd incident that happened to me in the past 2 months, the chilli and lemon i ordered were literally molded with fungi. I usually buy my groceries from local vendors, but as i work in a night shift sometimes wake up late and in a hurry order things from zepto/instamart/blinkit and this is the 3rd times im getting something which is totally inedible. and when you reach out to chat support all they try to do is make you talk to ai until you repeatedly tell you want to talk to someone. 

Once you reach a real person they will ask for pictures which once sent, theyll request to call you and then try to tell you to accept their inwallet cash, if you say you want it to source it will take you 3-7 days to recieve it back, and they take no accountability and blame the store directly without hesitation.

So this goes out to everyone who is ordering your veggies and fruits from quick commerce platforms, please avoid doing so, you have no clue how the veggies are stored. 
Instead I will suggest you to please go out to a street vendor and buy your groceries, they are one of the most sweetest people and try to converse with them about their hometown and you will find a beautiful story on how this vegetable infront of you comes to life.

Make a genuine connection and maybe this corporate void that half of the city feels will be solved one vegetable at a time.

Peace out ☮️",True,Discusses product quality (moldy vegetables) on quick commerce apps and reasons why user shifts back to local vendors.,0.98
1394,reddit,3.0,2024-04-21T17:15:51+00:00,"I have been eating this from a specific store in Thane (Manpada) near my friends place. Unable to find it even on Zepto and Blinkit.

Jut had it today in Thane so I'm craving it more hence this post.",True,Discusses product availability and missing items on quick commerce apps like Zepto and Blinkit.,0.98
1395,reddit,320.0,2022-12-27T07:30:13+00:00,"I am not sure if this is the right platform to ask about this, but please help if you know anything about buying-selling fruits online.

My dad is a pomegranate farmer in the village of Tadavle, Sangli, Maharashtra. I am looking for options to sell the produce online, as local vendors and dealers are quoting less price speculating Covid outburst and market disruption.

We have **110 plants** in our farm in total which have pomegranates of around **1.5 tonnes**. No chemical fertilisers were used throughout the process of production. All the produce is **organically produced**. 

I have written to BigBasket, Blinkit and KisanKonnect but they have not responded yet.

If we cannot find an online source, this would be the third year in a row that we would be selling the produce at a loss. Please help. Thank you.",True,Farmer trying to sell produce to quick commerce platforms like Blinkit and BigBasket.,0.95
1397,reddit,2.0,2026-07-29T01:28:30+00:00,"22f need help 

came across this viral chocolate tabs on blinkit and I need to know if it has any side effects I just need help and wanna know what it does and does and is safe or not I see many people using it many reels but scared to use it in real life worried about its after effects 

Please help me up",True,Discusses product discovery of viral items on Blinkit and user safety concerns affecting purchase decisions.,0.97
1399,reddit,2.0,2026-07-28T12:39:28+00:00,Was searching for green tea and this popped up. Has anyone tried it yet? Looks interesting though.,True,Discusses product discovery and exploration of a new green tea product found on the app.,0.96
1410,reddit,2.0,2026-07-12T01:24:23+00:00,"**How widely has NCMC been adopted across Hyderabad Metro, city buses, and Pallevelugu buses? The buses already have electronic ticket machines with the contactless “tap-and-pay” symbol on them, so I’m wondering if anyone has actually used an NCMC card there. I was thinking of ordering an NCMC card on Blinkit**",True,Discusses product discovery and ordering transit cards (NCMC) via Blinkit.,0.96
1411,reddit,141.0,2026-07-08T19:43:02+00:00,"Instamart and Blinkit are closed. I guess it has to be offline? But will anything be open at this time?

Edit - thank you everyone! Got the watermelon! Crisis averted. Happy wife happy life 😛",True,Discusses store closures on quick commerce apps forcing a shift to offline shopping.,0.97
1412,reddit,1.0,2026-07-07T11:53:22+00:00,"Have been calling multiple stores and places to find the stock, no luck yet. 

If you could help me find a piece, I'll treat you with food. 

Even blinkit with specific pincodes will help.",True,Discusses product stock tracking and availability using specific pincodes on Blinkit.,0.98
1413,reddit,0.0,2026-07-05T01:11:25+00:00,Available at 500032 pincode.,True,Discusses product availability for a specific pincode.,0.97
1414,reddit,1.0,2026-07-04T17:44:15+00:00,"https://preview.redd.it/43w1mnof29bh1.png?width=3416&amp;format=png&amp;auto=webp&amp;s=113a0831739b1ce0a6dc37b34a76180145017499

PS 5 digital version available on blinkit",True,Discusses high-value product availability (PS5) on Blinkit.,0.98
1415,reddit,0.0,2026-07-04T12:51:01+00:00,"Hey Hyderabad!

I've been trying to buy a **brand new PS5 Slim**, preferably the **Disc Edition** (Digital Edition is fine too if that's available), but it seems to be out of stock everywhere.

I'm based in **Kondapur**, so anything nearby would be ideal, but I'm happy to travel anywhere in Hyderabad if there's stock.

I've already checked **Sony Center, Croma, Reliance Digital, Vijay Sales, Amazon, Flipkart, Blinkit, and Zepto**, but haven't had any luck.

If anyone has recently seen one in stock at a local store or knows of a reliable retailer, I'd really appreciate any leads.

Looking for:

* Brand new unit (preferred)
* PS5 Slim Disc Edition (Digital is also okay)
* Preferably near Kondapur, but anywhere in Hyderabad works

If you've recently bought one or know where I can find one, please let me know.

Thanks in advance!",True,Discusses product availability and out-of-stock status of electronics (PS5) across multiple channels including Blinkit and Zepto.,0.98
1416,reddit,54.0,2026-07-03T07:18:22+00:00,"On Wednesday (01-07-2026), I randomly decided that it was finally time to buy a PS5 Slim Digital Edition. I thought I'd simply walk into a store or order one online.

I couldn't have been more wrong.

Within a few hours, I realized the PS5 Slim Edition was sold out almost everywhere in India and was suddenly in crazy demand.

So, the hunt began.

That night, I first called CD World 3–4 times, but nobody answered. Then I called Young Seasons and simply asked if the PS5 Digital Edition was available. The reply I got was, ""It's not available. Keep calling everyone until you get one."" The tone felt quite rude and unhelpful.

Next, I called Ambrit, where they told me they had an imported Digital Edition with only a 1-year shop warranty for around ₹65,000. That's almost ₹15,000 above MRP, so I decided to skip it.

After that, I checked Vijay Sales, Croma, Reliance Digital, Bajaj Electronics, Blinkit, and Zepto, hoping at least one of them would have stock.

Nothing.

By the end of the day, I had completely given up and went to sleep.

The next morning (Thursday, 02-07-2026), I started the search all over again.

From early morning, I kept calling different branches of Vijay Sales, Croma, Reliance Digital, and Bajaj Electronics. Every single response was the same:

""Out of stock.""

Around 12:00 PM, I even called Vijay Sales Nagole, and they confirmed that they didn't have any stock either.

Meanwhile, I was constantly refreshing Reddit because people here were posting real-time stock updates. One post mentioned stock at Jubilee Hills, another mentioned Tolichowki—but by the time I checked, both were already sold out.

Then, at around 2:00 PM, someone posted that Vijay Sales Nagole had just received stock.

I saw the post at 2:10 PM.

I immediately called the same branch again.

This time, the answer was completely different.

""Yes sir, we have one last PS5 Slim Digital Edition available.""

I didn't waste a second. I rushed to the store, reached there in about 10 minutes, and finally walked out with the last Digital Edition at MRP. 🎉

What I Learned

After spending nearly 24 hours trying to find one, I realized something.

Finding a PS5 right now is less about knowing the right store and more about timing, persistence, and a bit of luck.

A store can genuinely tell you it's out of stock, and just 10 minutes later, a fresh shipment arrives. Sometimes even the staff don't know exactly when stock is going to be updated.

My Advice for Anyone Trying to Buy One

* Turn on notifications for Blinkit and Zepto. Don't just rely on your own location, also use your friends', relatives', or anyone else's delivery addresses and PIN codes. Different warehouses serve different areas, and one location may have stock while another doesn't.
* Keep calling stores more than once. Don't assume that ""Out of Stock"" means there won't be stock later that day.
* Regularly check Vijay Sales, Croma, Reliance Digital, Bajaj Electronics, and trusted local gaming stores.
* Most importantly, keep refreshing Reddit. The community here is genuinely amazing, and people often post real-time stock updates much faster than retailers update their systems.

Huge thanks to the Redditor who posted about the Vijay Sales Nagole restock. Without that post, I would've definitely missed my chance.

Hopefully this helps someone who's currently hunting for a PS5. Don't lose hope—you might literally be one Reddit post or one phone call away from getting yours.

Good luck to everyone still searching! 🎮🧿",True,"Discusses product availability, stock tracking strategies, and search behaviour for high-demand items (PS5) on quick commerce apps.",0.99
1417,reddit,157.0,2026-07-03T01:38:45+00:00,"PS5 is available in Hyderabad on Blinkit. I just secured one unit. If anyone wants it DM me! No scalping, no over paying required. No catch at all! Come check everything, pay the MRP that’s all. Ot will be first come, first serve.

Update: It’s sold!",True,Discusses securing limited stock high-value items (PS5) on Blinkit.,0.98
1419,reddit,1.0,2026-06-29T15:12:07+00:00,"Hello Hyderabad! 

Resident of Manikonda here.   
I’ve planned to eat salads for at least one meal a day. I need help finding source for Romaine lettuce. Looked through all quick commerce apps and even ordered through blinkit. They have green lettuce and not romaine lettuce. From what it tastes and looks, they’re not the same. 

I’m yet to hit local markets like weekday markets (almost no hopes though). Have a little hope on HeyBandi (Oye Bandi now), Pur-O-Natural. 

I’m willing to travel a bit if it helps me find it, around Shaikpet, Tolichowki, Alkapur, Puppalaguda, Narsingi, maybe even Kokapet idk🥲

Please help a brother out🙏🙏🙏",True,Discusses product availability issues for Romaine lettuce on Blinkit and searching alternative local sources.,0.99
1420,reddit,10.0,2026-06-24T04:06:10+00:00,"Well - I have been tracking my expenses for last 3 months. And the grocery bills gave me a shock! I have been buying from Ratnadeep all my life coz I have a 3 person family including myself.  Once in a while I do use instamart and blinkit  - but only in emergencies. 

Can someone shed a light on what items to buy from which supermarket?",True,"Discusses shopping behaviour, expense tracking, and comparison of grocery purchases between supermarkets and emergency quick commerce use.",0.99
1423,reddit,4.0,2026-06-12T13:17:47+00:00,I came back to Hyderabad after two years. In pune the cost for boneless chicken was between 280 to 350 rupees per kg. Here it's almost double. In chicken shops it's 600 per kg and somehow it's cheaper to order boneless chicken on Swiggy/blinkit at 450 per kg. Why is it so expensive in Hyderabad? And do you guys know where I can get cheap boneless chicken around dilshuknagar.,True,Discusses pricing comparison between local chicken shops and quick commerce platforms (Swiggy/Blinkit) influencing purchase decisions.,0.98
1424,reddit,0.0,2026-06-07T17:01:41+00:00,"I have been ordering from instamart, Blinkit etc for a very long time but the quality of the fruits and vegetables have gone down and I don’t know places where I can get fruits vegetables nearby. Any recommendations where I can buy fruits instead of ordering online, near atrium mall area",True,Discusses declining quality of fruits and vegetables on quick commerce apps leading to a shift in purchase behaviour towards offline local markets.,0.99
1426,reddit,26.0,2026-06-02T02:52:23+00:00,"I'm looking for Arun Bites! I have tried near Kondapur, Blinkit and all quick commerce - unable to find any ! 

Any one knows how to source these?

Edit: Arun",True,Discusses product availability and search experience on quick commerce platforms for a specific item.,0.98
1428,reddit,3224.0,2026-05-23T03:30:39+00:00,"So my girlfriend came to our flat and I thought I will get chicken biryani prepared by my cook aunty.

So I ordered from Blinkit and this came together, I was so shocked that Blinkit gave THAT as a freebie. I slipped it into the pocket acting all cool in-front of our cook and I brought it to the room.

I joked around with my girlfriend that Blinkit wants us to have fun tonight and I tossed it on my desk.

After sometime, my girlfriend notices the pack and starts to open it up. I got confused why she was opening it up at that time. She says she knows this brand and proceeds to open. And guess what’s inside. A fucking sunscreen sachet.

And the rest is a moment that we will laugh about throughout our lifes.",True,"Discusses user experience, unexpected freebies, and customer engagement with orders.",0.92
1430,reddit,2.0,2026-05-15T11:05:37+00:00,"Whichever store i contact says that it’s out of stock and they don’t know when stock will arrive. i’ve tried all the branches of croma, vijay sales and young seasons in amb. Anybody knows where i can get one? Amazon and Blinkit are out stock too.",True,Discusses product availability issues across retail stores and quick commerce platforms.,0.97
1431,reddit,40.0,2026-05-11T14:02:42+00:00,"I recently added food delivery comparison to my app Comparify.

The annoying part about ordering food isn’t just checking menu prices. The final amount can change a lot after delivery fees, platform fees, packaging charges, restaurant discounts and coupons.

So Comparify now shows the final cart price after applying the best available coupons across:

Zomato

Swiggy

Toing

You can compare the actual payable amount, not just the listed item price.

And once you find the cheaper option, the cart can be transferred in one tap, so you don’t have to manually rebuild the same order again.

Comparify originally started as a quick commerce comparison app, then I added cab fares, and now food delivery is the newest addition.

It currently compares:

Food delivery: Zomato, Swiggy, Toing

Quick commerce: Blinkit, Zepto, Instamart, JioMart, Flipkart Minutes, BigBasket, DMart, Amazon Now, DealShare

Cabs: Uber, Ola, Rapido, Namma Yatri, Bharat Taxi

Would love for people here to try it and tell me what feels broken/missing.

[App Store](https://apps.apple.com/in/app/comparify-cabs-groceries/id6757003836)

[Play Store](https://play.google.com/store/apps/details?id=com.akshat.comparify&amp;hl=en_IN)

[Web](https://comparify.pro)",True,Discusses price comparison and cart management across quick commerce apps affecting purchase decisions.,0.96
1433,reddit,2.0,2026-05-03T03:46:30+00:00,does bistro by blinkit work in hyd???? or not yet?? And any other services like Zepto cafe in and around Hyderabad??,True,Discusses the availability and operational reach of new category services like quick commerce cafe offerings.,0.95
1434,reddit,0.0,2026-04-30T19:52:15+00:00,"Where do you buy organic fruits in hyderabad?

We buy organic vegetables from organic siri, but they dont have many fruits options. I see organic watermelon and banana in blinkit (not sure how good quality they are though). Apples are all imported stuff in blinkit or swiggy.

We started with farmizen last year which would deliver fruits as well, but they are now shut down :(",True,"Discusses product quality, availability, and sourcing for specific grocery categories like organic fruits.",0.98
1435,reddit,7.0,2026-04-26T05:07:03+00:00,"I have 80k of budget and want to buy a reliable phone with Good camera in low light, in night and outside during the day. Also with a good battery backup. 

Currently I am confused between iPhone 17 and Pixel 10. 

I am little bit inclined towards iPhone 17 because both of it's camera is good but I have heard that prices on Zepto/Blinkit/Rapido , etc are higher than Android. 

I have also heard short day time battery backup for Pixel 10. 

May anyone help me with decision making: 

1) is it true prices on Zepto/Blinkit/Swiggy/Rapido, etc are higher on IOS than Android? 

2) is the battery backup of Pixel 10 really bad? 

3) How's the battery life of iPhone 17? Will it last throughout the day? I only use phone for messaging, calling, and watching YouTube. 

P.S: I am not interested in Samsung because I don't like it's back. Every other phone looks like samasung these days. 

Note: Sorry I don't know telugu. Please reply in English.",True,"Discusses pricing differences across platforms and devices, influencing purchase decisions.",0.94
1437,reddit,5.0,2026-04-21T18:29:06+00:00,"Helloooo,

What is the best food item you found on the instant delivery apps?

Please dont gatekeepp",True,Discusses product discovery and recommendations for popular items on instant delivery apps.,0.97
1438,reddit,0.0,2026-04-20T17:33:52+00:00,"Was surprised to the prices of boneless chicken and as well as chicken breast in other states. It is so costly in hyd for some reason. 

I need to meet my protein goals so looking for recommendation on any good quality brands if I order online either from instamart, blinkit, big basket or amazon fresh. 

What would be the best price for 500g of chicken breast or boneless??

Looking to stock a weeks at once so any tips, tricks or hacks, would be great!",True,"Discusses product pricing, quality brands, and sourcing strategies for regular purchases.",0.96
1439,reddit,0.0,2026-04-15T09:41:57+00:00,"""Does anyone else find it annoying to check Blinkit, Zepto, and Swiggy separately for prices? I'm thinking of building something that shows all prices + delivery charges + your membership discounts in one place. Would you actually use this?""",True,"Discusses shopping behaviour, price checking friction, and membership discounts across quick commerce apps.",0.98
1441,reddit,4.0,2026-03-22T07:10:11+00:00,"I’ve noticed that most grocery comparison apps only show price differences, and often the data isn’t even up-to-date. That makes them useful only to a certain extent.
Recently, I came across (and have been working on) an approach that goes a bit further than just comparison. Instead of only showing prices, it actually lets you:
Compare real-time prices across platforms
Add items to cart directly within a single interface
See accurate billing (including delivery charges, etc.) before checkout
Choose between cheapest, fastest, or even split orders across multiple platforms (multi-cart)
Push items to the respective platform carts in one go
Complete checkout without switching between multiple apps
It integrates platforms like Blinkit, Zepto, JioMart, Instamart, and BigBasket, and also allows managing logins in one place.
I’m sharing this here more from a discussion perspective — curious to know:
Do people actually feel the need for something beyond basic price comparison?
Or is switching between apps manually “good enough” for most?
Would like to hear thoughts or any concerns you think such a system might have.",True,"Discusses multi-platform price comparison, cart management, and checkout behaviour.",0.97
1444,reddit,54.0,2026-03-11T08:27:02+00:00,"Hey everyone!

I’m curious about how people are actually using these instant delivery apps like Blinkit, Zepto, Swiggy Instamart, BigBasket Now etc.

Like… what do you usually order from them?

Groceries? Late-night snacks? Emergency stuff you forgot to buy? Random things?

I keep seeing people order the most unexpected stuff and it made me wonder what everyone’s go-to items are.

Drop your most common orders or weirdest instant mart purchase 😂

Just trying to see what people are really using these apps for!

Thanks!",True,"Directly analyzes shopping behaviour, common orders, and use-cases for quick commerce apps.",0.99
1445,reddit,8.0,2026-03-06T09:22:09+00:00,"I’VE A FRIEND WHO WORKS AT SWIGGY AND HE INFORMED ME THAT SUCH TAMPERING IS COMMON PRACTICE AT INSTAMART, ZEPTO AND BLINKIT.

There are increasing discussions online about expired packaged products allegedly being relabeled with new expiry dates and resold in the market.

Most of us grab snacks from local shops, supermarkets, or online stores and rarely inspect the packaging carefully. But situations like this raise an important question about how aware consumers are about expiry dates, packaging seals, and product freshness.

Source - https://x.com/i/status/2029164964951539879",True,"Discusses product trust, packaging integrity, and safety concerns regarding packaged goods.",0.96
1449,reddit,1.0,2026-02-27T08:55:11+00:00,"Hey fellow Hyderabadis,

Just a heads-up to anyone ordering electronics or anything slightly expensive from Zepto. I’ve learned a ₹200 lesson the hard way today so you don't have to.

I’m an iPhone 16 user and my Type-C EarPods are currently at the service center. I needed a quick adapter to use my old wired set for a week, so I ordered a Zebronics Type-C to 3.5mm adapter from Zepto.

**The result? I received a completely EMPTY BOX.**

I thought it’s a simple mistake, right? I messaged their bot, but it just told me to email them. I emailed them with photos, and here is the ""fuck you"" reply I got (twice):

&gt;

**Translation:** ""We think you’re a scammer, so we’re keeping your money. Bye.""

I had actually stopped using Zepto a while back because their pricing for iPhone accessories and delivery went through the roof. I gave them another chance today because I was in a rush for work, and they basically stole my money.

**PSA for everyone in Hyd:**

1. **RECORD EVERYTHING:** If you *must* order from them, do not let the delivery guy leave until you open the package **while recording a video**.
2. **Even that might not save you:** As I found out, even with proof, their automated system might just slap a ""policy violation"" tag on your account to avoid giving a refund.

Stay safe and maybe just stick to Swiggy or Blinkit—at least their support doesn't call you a criminal for receiving their empty box.",True,"Discusses product trust, missing items, pricing trends, and customer support policies affecting purchase decisions.",0.95
1450,reddit,210.0,2026-02-22T14:21:52+00:00,"A while back I built an app called Comparify because I was tired of manually checking Blinkit, Zepto, Instamart, Uber, etc. every time before ordering or booking a ride.

It started as a small side project and me wanting to learn mobile development. No team. Just me scratching my own itch.

Somehow over time it crossed 130K+ downloads and is currently sitting at a 4.7 rating, which honestly still feels unreal as a solo dev.

Recently shipped a few big updates:

* **iOS version is finally live**
* Reworked product matching (much more accurate now - this was a painful problem)
* Added Amazon Now, DealShare &amp; Bharat Taxi

Currently compares prices across:

* Quick commerce: Blinkit, Zepto, Instamart, JioMart, Flipkart Minutes, BigBasket, DMart, Amazon Now, DealShare
* Cabs: Uber, Ola, Rapido, Namma Yatri, Bharat Taxi

Still feels strange that something I built for myself is being used by this many people.

If anyone wants to try it out:

[App Store](https://apps.apple.com/in/app/comparify-cabs-groceries/id6757003836)  
[Play Store](https://play.google.com/store/apps/details?id=com.akshat.comparify&amp;hl=en_IN)",True,Discusses price comparison across multiple quick commerce and delivery platforms.,0.93
1452,reddit,1.0,2026-02-19T17:30:38+00:00,"Hey everyone,

I’m 26F and recently moved to TNGO Colony, Hyderabad. There’s no proper corporation water supply here, and I’ve noticed most people are buying 10L or 20L mineral water cans for daily use.

I’ve been trying to order 20L cans (Bisleri, Kinley, etc.) on Zepto, Instamart, and Blinkit, but they’re always out of stock.

Can anyone suggest:

	•	Reliable companies/brands for 20L water cans?

	•	Websites or apps that actually deliver regularly?

	•	Any trusted local suppliers in or near TNGO Colony?

	•	Approximate monthly cost for a single person?

Would really appreciate genuine recommendations 🙏

Trying to figure out a stable water solution ASAP.",True,Discusses product availability and alternative sourcing for essential grocery items.,0.97
1453,reddit,122.0,2026-02-19T06:41:32+00:00,"Yesterday I ordered Amul buttermilk, and it arrived in a total mess. Packs were crushed, soiled and missing straws. I sent photos to support, but they just replied with a bot message saying they ""reviewed delivery images"" and the product was ""intact.""
When I asked to see these magical images, they claimed they tried to call me (they didn’t) and then blocked my account from raising any more complaints. Is this the new norm for quick commerce? I’m done with Zepto after this.
Which apps do you guys actually trust now? (Instamart, Blinkit, BB?)

Curious to see if it’s just me or if Zepto is going downhill in Hyderabad.",True,"Discusses product quality issues upon delivery, customer trust, and platform preference.",0.96
1454,reddit,57.0,2026-02-17T12:54:25+00:00,"Hey guys, quick flashback!

Two years back, my brother was looking for a flat for rent and he chose one in BHEL. I honestly didn’t like it at all. I was like, “Why so far from the city life?” I wasn’t convinced.

But my brother is kind of an environmental guy. He said, “There’s no pollution there, it’s peaceful,” and all that. I was still not happy back then. We were more into the busy city vibe, you know… city life and all. But he went ahead and took it anyway.

Fast forward to now — I came to Hyderabad two weeks ago after WFH, and this time I stayed at their place. Earlier, I used to stay in different flats around Madhapur, HiTech City, and Kondapur.

But this place? I unexpectedly loved it like crazy.

Let me tell you why:

Morning runs on the walking track — the environment, the huge trees (some look like they’re 100 years old!), and so many people coming there. You can easily make friends.

It’s been years since I played proper cricket on a big ground — not box cricket — especially after leaving my hometown Guntur. Even there, we don’t really have big grounds now. Here, I played after so long and it felt sooo good. Seriously amazing feeling.

Aesthetics — almost 90% of the houses look beautiful. Not in a “rich” way, but in a very classy, aesthetic way. Just looking at them gives a wow feeling.

Slow life — there’s literally no pollution, no honking sounds, no construction noise. These were everyday issues in the areas I stayed before.

I even deleted Swiggy, Zomato, Blinkit, and Zepto. No need! Everything is available nearby. Because of that, I’m actually saving a lot of money too.

So yeah… maybe I’m overreacting 😅 but I genuinely loved it. So much that if I ever decide to settle in Hyderabad, I’d definitely choose somewhere near BHEL.

If I exaggerated anywhere, sorry… but this is honestly how I felt.",True,"Discusses user motivations, lifestyle changes, and how offline shopping habits reduce quick commerce usage.",0.98
1455,reddit,2.0,2026-02-17T08:19:04+00:00,"I'm craving elaichi cream biscuits and thought to order from blinkit or Instamart. I haven't had it probably a decade now. And i can't seem to find it in the online stores. 

Is it still available in normal kirana stores? Did they get banned and i didn't get the memo or something? Where can I find it in Hyderabad?",True,"Discusses product availability, search experience, and sourcing challenges for specific food items.",0.97
1456,reddit,1.0,2026-02-15T13:17:37+00:00,"I’ve moved to USA 3 months ago, leaving everything behind my family, friends and comfortable IT job. After coming to USA everything turned upside down I had a stable and comfortable life back at Hyderabad and more importantly we had Zomato and  blinkit 🥲. The food here sucks and  I bet there is no place on earth that has better food than Hyderabad. I’d say we Hyderabadi people have crafted culinary art cause we make any food better even if they are from different subcontinent. I missing Biryani😭😭😭.",True,Discusses user attachment to local food and quick commerce conveniences when living abroad.,0.92
1458,reddit,4.0,2026-02-12T09:53:34+00:00,"Hi r/Hyderabad,

I am a [B.Com](http://B.Com) student conducting a survey for my final year project. I'm analyzing how **Quick Commerce (Blinkit/Zepto/Swiggy Instamart)** usage shifts during the Ramadan season compared to normal days.

I need to prove if the ""Pre-Ramadan"" vs ""During-Ramadan"" spending habits actually change or if it's just a myth.

**I need 50 more responses or I'm cooked lol. Help a Hyderabadi student out?**

**Link:** \[[https://docs.google.com/forms/d/e/1FAIpQLScV-Ss5qzm6f51P75UJu5ZB4qbXwPAsNzowM9PE8jAAcUPB5w/viewform?usp=header\]](https://docs.google.com/forms/d/e/1FAIpQLScV-Ss5qzm6f51P75UJu5ZB4qbXwPAsNzowM9PE8jAAcUPB5w/viewform?usp=header])

It takes less than 1 minute (no sign-in required). Your help would be massive for my data analysis!

Thank you very much y'all.",True,Directly studies shifts in quick commerce shopping and spending habits during festive/seasonal periods.,0.99
1460,reddit,2.0,2026-02-03T11:04:20+00:00,"My PoV - 

I’ve been thinking about how Valentine’s Day is marketed these days, and honestly, it feels less about love and more about selling urgency.

You don’t need fancy chocolates, expensive gifts, or reservations at some far-away “aesthetic” restaurant to make your partner feel loved. You don’t need to scroll through Blinkit, Zepto, Amazon, or Instagram trying to figure out what looks good online.

What actually matters is being present.

Spending real time together. Talking. Laughing. Sharing a meal. Expressing how you feel without turning it into content.

If your relationship survives only on gifts that can be posted on social media, it’s worth asking what the relationship is really built on. Love isn’t a competition with other couples’ reels and stories.

A simple chocolate and a handwritten letter that comes from the heart can mean far more than an expensive gift bought under pressure. You have the rest of the year to plan trips, surprises, and material things. This time doesn’t need to be about that.

Social media during Valentine’s week is designed to create FOMO and insecurity so people spend more. It sells a fantasy and pushes comparison, and that pressure quietly damages relationships.

Maybe the best thing you can do this Valentine’s is log off for a bit and focus on creating real memories together — the kind that don’t need validation from likes or views.",True,"Discusses user motivations, marketing tactics, and shopping behaviour during gifting seasons.",0.91
1464,reddit,1.0,2026-01-07T17:31:23+00:00,Those using high protein milk can get it on discounted price from Sid farm directly. I was getting it for ₹89 from Blinkit. But Sid farm is selling it for ₹80 till 31st Jan.,True,Discusses product pricing differences between quick commerce apps and direct brand purchases affecting purchase decisions.,0.97
1465,reddit,13.0,2025-12-29T06:36:28+00:00,"I’ve been buying MilkyMist yogurt daily for about a year now. Back then, it used to cost ₹30 (and usually ₹27 on Blinkit/Instamart).

A few months ago, it jumped to ₹50, and today I saw it’s hit ₹55. That’s almost double the price in a year. I haven't seen anyone talking about this, but it’s officially gone from being a budget-friendly staple to a ""luxury"" item for me.

Is there a specific reason for this massive hike, or are they just rebranding as a premium brand? Also, what are you guys switching to? I need a new go-to that won't break the bank.",True,"Discusses price hikes turning regular items into luxury products, affecting repeat purchases and category exploration.",0.98
1466,reddit,0.0,2025-12-13T06:52:15+00:00,"After the recent lab reports on Eggoz, i am not sure which brand to trust. Could anyone recommend a safe brand if tried and tested. Any local shop in the radius of gachibowli would also be fine. Thanks 🙏",True,"Discusses product trust, safety concerns, and brand recommendations for grocery items.",0.96
1467,reddit,1.0,2025-12-10T15:59:38+00:00,"Hey Hyderabadis! 👋

Love ordering chai masala or idli batter at 11 PM via Zepto? I'm running a quick user research project on *Zepto shopping habits here in Hyderabad* — frequency, favorites, pain points, and wishlist features.

Takes **2-3 mins**, fully anonymous, for my personal project (not Zepto-affiliated). Your local takes would be gold!

Link: https://forms.gle/sQ4YfN6eESKCxCfj8

Upvote if you've rage-ordered biryani via Zepto! 😄 Thanks!

Also, what alternatives have you used actively for bulk orders? And why? (Zomato/Swiggy/DMart/Instamart/Blinkit)",True,"Discusses shopping habits, frequency, favorites, and bulk order alternatives across platforms.",0.98
1468,reddit,27.0,2025-11-26T17:28:13+00:00,"Hi everyone, hope you all are doing well.
Can anyone tell me why the same product has a different price in zepto vs blinkit? I placed the order for the same location and I have thoroughly checked both of them to see if there is any difference and I couldn't find anyone so trying to understand why.",True,Discusses price variations for the same product across different quick commerce platforms affecting purchase decisions.,0.99
1470,reddit,2.0,2025-11-14T19:10:05+00:00,"So, I was trying to order something from instamart  got cancelled coz of technical issue and then I tried Blinkit cancelled my order stating operational issue!
What’s happening at this hour, FML
Anyone sailing in same boat ?",True,Discusses operational issues affecting order placement and availability.,0.93
1471,reddit,2.0,2025-11-13T12:36:11+00:00,"Guys I have been looking online a lot , blinkit has only few flavours and not the good ones , where can I find them in local stores . Went to broadway once but they never have the good stock but will check it out again this weekend.",True,Discusses product availability and search limitations on quick commerce apps compared to local stores.,0.97
1472,reddit,3.0,2025-11-06T02:12:47+00:00,"Hey all. Born and bred Hyderabadi here who moved overseas in 2016. Since then the rapid change in Hyderabad and Gachibowli is mind numbing! Every time I come back the roads seem new with ever increasing list of flyovers (little exaggerated..or maybe not)!!! There seem so be heaps more restaurants every time and it's hard to keep up. 

Like every returning person, we thrive on Swiggy and blinkit. So my question is, what are down right atrocious restaurants we should avoid ordering or visiting? 

We are OG BHEL(born there!!) and Gachibowli residents respectively! Paradise Secunderabad was my fav growing up but will never visit Paradise Gachibowli after the experience we had during previous visits. 

This visit is also special as it's the first time for my 10 month old. She's too young to remember or notice anything but we are excited to make this trip! 

Any advise regarding the restaurants is appreciated! Thanks!!",True,Discusses reliance on quick commerce and food delivery apps for restaurant recommendations and ordering.,0.95
1473,reddit,45.0,2025-10-28T10:18:34+00:00,"Guys I got the best discount on blinkit store in Hyderabad. How can they be so generous.
😵😵‍💫😴",True,Discusses discounts and promotional pricing offers on quick commerce platforms.,0.94
1480,reddit,1.0,2026-05-30T17:39:47+00:00,"See if there are things you like on FloraIndia or Ferns&amp;Petals. Flower sites, but they also have gifts. I use them to send stuff. Though if your friend is in the boonies, maybe out of their service area.",True,Discusses product discovery and purchase decisions on alternative flower and gift platforms.,0.9
1481,reddit,1.0,2026-05-30T17:49:17+00:00,Ok thanks. Can u order snacks on those? Was hoping to send Ice cream dairy milk silk and some chips.,True,Discusses product availability and ordering specific items like snacks and ice cream.,0.92
1497,reddit,2.0,2026-05-17T05:02:53+00:00,"Faced similar kind of thing.

I ordered two ice cream cups from blinkit.

When I recieved the order, one of the cup's seal was tampered. I raised the complaint and got the refund. (I was informed that I can keep both)

After 10 minutes, bell rang and there was that delievery guy standing.

He was pleading and requesting for the amount because he was fined for it. I gave the tampered cup and half amount to him after a few minutes of conversation and he agreed to it.

That guy rang the bell at FREAKING 11 IN THE NIGHT. I was obviously not happy by this behaviour and it reflected on my face. He demanded the full amount cause apparently the manager refused to accept that cup.

He offered me the same cup again but I straight away refused, it was wide opened (originally it had a small tampering) who knows what he might have don't to it. He started arguing, calling me different names (chor, muft ka khane wala etc) I asked him to leave and then shut the door. 

My parents were in deep sleep thus they were unaware of the scuffle till this point

He again rang the bell and started shouting, my parents woke up and came to see what happened. HE FUCKING ABUSED MY PARENTS (chor aulad ke chor maa baap aagaye) I shouted at him, threatened him of physical altercation and legal issues. He then said ""Maar ke dikha"" and tried to open our door forcefully, the door wasnt locked and I had grabbed the handle. I let go of the door, pushed him, punched him in the face, kicekd him down the stairs (I live on 2nd floor) and called our local police station.

I didn't open the door for the stairs thus he was locked it the stairway and when the police arrived, I handed him over to them. 

During this final altercation, my parents were trying their best to just pay the person and avoid any fight. 
They weren't wrong on their part, they were afraid of the after effects.

Police called us the next day and asked on what to do further. The delivery guy was crying and apologizing. (There were bruises on his body so we assumed that police must've given him some servicing).

We forgave that person and he never bothered us again.",True,"Mentions product tampering, raising a complaint, getting a refund, and subsequent purchase barriers/trust issues.",0.91
1500,reddit,3.0,2026-05-17T07:46:25+00:00,"I have a friend whose family friend manages the store. I went there with my friend for some ""ghar ka kaam"". There we talked to that manager, I told him this incident and his side of the story was that in majority of the cases, items are damaged while delivering, sometimes the agents deliberately tamper the products. This was making some losses for the store owners and after this policy implementation, losses have reduced, complaints have gone down.

When the complaint is regarding something like expiry date, ill-managed items etc, the cost is on the manager.",True,"Discusses store management, product damages during delivery, tampering, and trust in products/store policies.",0.93
1554,reddit,1.0,2026-02-19T04:36:56+00:00,"The Blinkit angle is interesting but kind of a red herring. You can buy knives from literally any kitchenware store in India without ID. The real story here is how 10-minute delivery apps make impulse buying completely frictionless — including for items that can be misused.

This is the same debate Amazon faces globally with regulated products. The solution isn't banning knife sales on Blinkit (that's whack-a-mole — tomorrow it'll be hammers or acid). It's having proper age verification, flagging unusual patterns, and maybe — just maybe — not delivering chef's knives at 2 AM to locations with no prior kitchen-related orders.

Quick commerce companies need to invest in trust and safety teams before regulators force them to. The dark side of ""anything in 10 minutes"" is that impulse decisions — including dangerous ones — also happen in 10 minutes. This is a product design and policy problem, not a ""ban Blinkit"" problem.",True,"Discusses impulse buying behavior, frictionless purchasing, and trust/safety features for quick commerce.",0.98
1562,reddit,10.0,2026-02-17T02:37:41+00:00,"It is bad, mianly because local kirana stores sell you things for the cheapest because of sheer amount of competition. 


Now come quick commerce players, on top of item cost they also add in service charges, delivery charges and their other operational expenses on each order. Their overhead is huge, while kirana stores are lean and all they have to take care of is rent (usually owned, or tiny shops, so much lower rent than what dark stores pay). All of this would result in higher price for the same product. 


In order to offset the high cost these quick commerce companies are mitigating the extra overhead through burning VC money (None of them are profitable btw, still loss making). Their goal is basically squeeze it as long as possibe that they could kill kirana stores. Once the kirana guys are gone, and not many options are left in market, they'll have total monopoly to jack up the priced and regulate the market rates themselves, however they want. 


And the lesser I say about shitty working conditions of gig workers the better.


Overall this is indeed bad. Quick commerce is literally meant for top 1% indians, while fking over the other 99%. So if you're looking from 1% pov  its quick fast and convenient even if they have to pay a bit more, but it imapcts the rest 99% negatively, gig workers, local kirana store owners, price conscious people and inflating the fmcg market eventually.",True,"Discusses pricing, cost comparisons between local kirana and quick commerce, and consumer affordability.",0.95
1563,reddit,27.0,2026-02-17T02:54:46+00:00,"The way you are describing is that 99% don't go to kirana store at all. Jfyi...footfall from 1% is though shrinking, they have probably moved already moved to hypermarkets like dmart etc. they go to kirana store only for one off purchases. 
Most of purchases in kirana are by people who can't or don't want to buy in bulk. So their core business is already intact.",True,Discusses consumer shopping habits and why people use kirana stores vs other channels.,0.92
1564,reddit,3.0,2026-02-17T03:02:00+00:00,"What makes you think these quick commerce companies won't come after hypermarkets next?


Its is like maintaining equilibrium, quick commerce companies can't survive if they don't have massive userbase and frequent (afterall its a volume game).


And if they want to survive they have to kill hypermarkets (if that's where the majory buys from).



So its either kill or be killed. Quick commerce companies  can't coexist alongside hypermarkets and brick and mortar kirana and be profitable, the unit economics simply don't add up, proof being they're all burning money even now.


And the exploitation of cheap labour with terrible work conditions, this is not to be taken lightly either.",True,Discusses business model viability and user base dynamics for quick commerce.,0.9
1567,reddit,1.0,2026-02-17T03:59:18+00:00,"IME dark stores pay less rent per sft because they don't need to be located on main roads to attract walk-ins. They can leverage lower rents on lower traffic streets usually. Q-commerce companies' capital expenditure is low because a lot of the dark stores are franchised. So there's low set up costs for each dark store. They get similar average margins to a local kirana store on the products they sell but with higher volume. In addition, they charge brands to display their products on the app and stock them in dark stores which is like supermarkets charging brands for shelf space. Overheads are actually lower per unit volume and inventory turnover is higher for Q-commerce than for kiranas. Delivery fee is their main bleed and they will soon find a way to transfer that cost to the consumer like zomato/amazon/flipkart with a fast increasing platform fee or handling fee.",True,"Discusses quick commerce unit economics, margins, advertising/display fees, and delivery cost transfers to consumers.",0.94
1568,reddit,1.0,2026-02-17T04:17:41+00:00,"""Quick commerce is literally meant for top 1% indians""

Yeah this isn't true, I work as a Blinkit rider and we deliver to almost every spectrum of the middle class. Even kirana stores and other small businesses order from blinkit",True,Discusses user demographics and shopping behaviour across middle class and small businesses.,0.96
1573,reddit,56.0,2026-02-17T03:32:14+00:00,"India is a unique tale of trying to catchup to the western world's inventions but unable for them to penetrate the market other than the rich urban centers which hold maybe 15 percent of the entire population. And the problem is poverty, lack of money and inefficient or absent basic infrastructure which actually turns it into a blessing. The blessing is not being captured by concentration of these dark hubs and still maintaining the mom and pop store phenomenon that serves India very well.

Take the failed Walmartization of groceries. Open a Big Bazar in a crowded Indian city, where? Malls? How do you reach a Mall to load up your car with huge bags of stuff? You drive on jam-packed roads, fight for parking and then reach a big brand store? Okay Amazon deliveries? Works with a headache inducing return policy and fulfillment because Indian consumer is out to steal any freebies it can and the third party seller platform cheat too. What about warranty? Still a mysterious endevor for the average consumer. The neighborhood markets hold strong.

Blinkit? Serving just 15 percent of privilege population aiming to give discounts for you to not go to the market behind your house. To not be able to bargain, to not be able to see things which get delivered ( fresh produce? Out of question). Yeah let them burn their venture fund money until they hit a huge brick wall of India refusing to budge. The markets still thrive, Indians still want to go out and enjoy their time, the cinema business still takes in thousands of crores and India refuses to grow up to the Western Model.

There are no viable Ubers in even B towns, so we can do all the analysis we can on the tiny A city centers but the story of the rest of India will continue to provide you with a time machine to go to how things used to be 40 years ago.",True,"Discusses consumer purchasing barriers, preference for traditional markets, and limitations of quick commerce vs physical retail.",0.95
1578,reddit,12.0,2026-02-17T04:59:18+00:00,"A business would start catering to the 15% which is the size of US population and quite affluent, then slowly expand into side ventures which cater to a larger percentage of population as the economy grows. Eg. Zudio started in large cities, so did Vishal mega mart and now I see both of them popping up in Tier C towns. Uber’s a bad example of scale because it has to compete with the local rickshaw networks which are quite reliable and fairly priced in Tier B/C towns, just not enough demand for an AC cab at a premium in small cities to justify running Uber there.

Regarding fresh produce, I get high quality produce delivered at my door step by a few delivery startups integrated with nearby farms or drop by at Namdharis and pick the produce myself. It’s at a premium but so is the quality. Markets identify the gaps and something pops up to grab the opportunity.

Kirana stores for me were not a great experience. They were inefficient, tried to sell expired products numerous times to me as a kid, always at MRP (sometimes had to pay more for “refrigeration” costs)… They simply took advantage of lack of competition and now they need to up their game…

I would not rely on dark stores or mom and pop shop delivering fresh produce to doorstep altogether, rather always pick things up on my own. For the packed items, dark stores/warehouses are simply better and scale well in high density cities when following a big basket like clubbed delivered model.",True,"Discusses shopping behaviour, trust in products (bad experience with expired goods at kirana), and preferences for fresh produce vs packed items from dark stores.",0.98
1579,reddit,6.0,2026-02-17T05:00:21+00:00,"But isn't this exactly what western cities are like too ? Where is there space for Walmart or amazon in Europe? People there also shop daily from markets and corner shops.

And personally I think that is a lot less dystopian and depressing than hypermarkets and e-commerce.",True,Discusses shopping behaviour and preferences for local markets over e-commerce.,0.92
1580,reddit,3.0,2026-02-17T07:15:28+00:00,"I used to live in Germany. There are no mom and pop grocery stores remaining in slightly rural towns who don't have busy main towns where the option is the local Aldi or Real. Exactly like the US I go to Lidle to buy groceries, there is seldom a butcher, the local vegetable guy or general stores where utility items are sold. It's all under one roof and easy to traverse by public transport. If you are in London, Frankfurt or Paris City center, yeah you may have your historical grocery general store but not every city block is like this. The other towns mostly have restaurants, a pharmacy and a big grocery chain store. Even in the city, chains have bought and taken over big retail areas. Europeans are even more price conscious and spending money is precious. Superstores provide cheapest prices, the local shop would always turn out more expensive. It's like buying organic grocery from a farmer is more expensive than Walmart in the US.

Destruction of mom and pop store small scale markets is a loss for diversity and culture and a lively community life. This doesn't need improvement. The most fun part of a Europe are also exactly local grocery stores ones and city centers for a city life. We don't need Blinkit, we don't need big box store, we don't cheap stuff overpriced and sold on Amazon which monopolizes even online buying. If everyone sits at home and just go to Walmart for the grocery and seldom need to visit the ""city center"", it's a dead town. Why would we want this employment reducing centralizatiom of corporate monopolies who just want you to sit at home, watch Netflix instead of going for a movie theater, make you addicted to getting home delivery food that you would have gone to fetch and exercise.",True,"Discusses shopping habits, price consciousness, and consumer use of local shops versus superstores.",0.95
1582,reddit,1.0,2026-02-17T21:57:02+00:00,"I live in one of these Western countries. 'Quick commerce', Indian style, is not the norm here. Most people still go to the grocery store or to a Walmart or Target and purchase their items. Sure, there is home delivery of groceries, but for the most part, this ten-minute model, or whatever this quick commerce is, isn't common. This is possible because demand has been artificially created in a population that can afford it, leading them to think they need something like it, pretty much within 10 minutes. And there is a large workforce of poor people that can be exploited to make this delivery happen. The affluent in India are notorious for having very little empathy for those who work for them. Why should these quick-commerce delivery people be any different?",True,Discusses consumer motivations and purchase decisions regarding quick commerce.,0.93
1583,reddit,2.0,2026-02-17T06:56:29+00:00,I personally don't understand why we need quick commerce like this. It's taking away from local small businesses and definitely not good for environment in multiple ways. Do we really need everything delivered in 10 mins? I feel there are way bigger problems in India that startups need to solve. We should stop being consumers of this quick commerce stuff. Amazon and flipkart itself is already bad! Anyway rant over. Thanks for coming to my ted talk lol,True,Discusses consumer motivations and whether users need quick commerce.,0.94
1584,reddit,3.0,2026-02-17T13:06:47+00:00,"The dark store model is fascinating from a logistics perspective but terrifying from an urban planning one.

What Blinkit and Zepto have essentially done is turn residential and commercial neighborhoods into mini-warehouses. The 10-minute delivery promise requires stores every 2-3 km in dense urban areas. That means they are competing for the same real estate as actual shops, driving up rents.

The part that does not get discussed enough: these companies are essentially subsidizing the convenience with VC money. The unit economics of 10-minute delivery on a Rs 200 order of chips and cola are brutal. When the subsidies dry up (and they always do), the dark stores close, but the kirana shops they displaced are already gone.

Seen this play out in my neighborhood in Bangalore already - two kirana shops closed in the last year, and now there is a Blinkit dark store that is perpetually causing traffic issues with delivery riders.",True,Discusses purchase barriers and how dark stores impact local shopping behaviour and neighborhood retail options.,0.95
1599,reddit,26.0,2026-01-13T16:14:06+00:00,30 minutes or even 1 Hour should've been great for a distance of under 3 km,True,Discusses acceptable delivery timeframes affecting purchase decisions.,0.88
1600,reddit,7.0,2026-01-14T09:05:35+00:00,"Even if you walk 3km you can cover it in less than 1 hour. Do you think the delivery guy should just sit there doing nothing, just to fulfil 1hr?

Even if you ride responsibly, defensively, with traffic laws, etc. you can cover 3-5km distance within 15minutes in Indian cities. Most quick commerce centres are approx 5km or less distance from residential areas. 

So what's wrong with 15minutes? You can mandate some rest between two orders to prevent overload. You can mandate benefits and pay. But the hyperfixation on ""x minutes"" is unreasonable",True,Discusses user expectations regarding delivery times and distances.,0.85
1601,reddit,-8.0,2026-01-13T18:05:21+00:00,1 hr is too much. Then it's not quick commerce. 20-30 mins is fine,True,Discusses acceptable delivery timeframe expectations for quick commerce.,0.9
1602,reddit,26.0,2026-01-14T01:30:13+00:00,"Back in the day, more than 15 years ago, I've seen people ordering from the nearest supermarket (home delivery) without delivery charges, but there was a minimum order amount required for that and this was done within an hour or two and it was just fine


If we require anything at all in under 10 minutes except for medical emergency, then there's something seriously wrong with how we plan

Edit - typo",True,Discusses shopping behaviour and historical grocery delivery expectations.,0.92
1607,reddit,-5.0,2026-01-13T13:15:27+00:00,"It is not part of the job though? Ask any delivery partner. They never get the time shown on their screen. I know a place where the warehouse is like 1km away. The app shows 8 minutes, but the delivery dude delivers in 5 minutes. The app does not show the delivery partner the delivery time. 

If even after this the delivery people are rushing, it is to increase the number of orders.

\&gt; We should be finding ways to cut that down instead of mainstreaming it.

Exactly. It is the problem with Indian driving. If a uber taxi driver is doing rash driving, will you take action against Uber or the driver? That's my point.

I am 100% in support of delivery agents being paid more. But the question is, are you willing to pay more for delivery? People are even complaining that the price on the app is higher than the price shown in the bill in the restaurant. If people want everything for cheap prices, but also want to pay delivery workers more, that doesn't work and it doesn't make sense.

I also want to say that there are so many Indians that are working in conditions much much worse than this, but only get paid like 10k to 15k a month, maybe even after working for like 12 hours a day. These delivery people are getting paid much more than that, even without working for 12 hours a day. Just because we can see these people do their hard work to earn money, does not mean we can ignore the rest. 

If you increase the delivery charges, people will just stop ordering, and all those that are now getting the 20-30k a month delivering food and stuff will lose their livelihood.

I kinda get the vibe that you are debating in good faith so here's my argument: 

If UPI tomorrow becomes a paid service where 2% has to be paid as charges, will everyone switch back to cash or not? That's the Indian mindset. We don't want to pay extra for anything.

Even now, the option to pay extra to the delivery dude is there in the app itself, in the form of tips. But less than 5% of people do that. If you increase the price, people will just walk to the shop or cook food in their house.

There's no real ""solution"" to this. Just because the ""10 min delivery"" branding is removed, it does not solve their problems. Even if the delivery fees is increased, it still wont increase their salaries because number of orders will decrease. Idk what the solution is, but there is no solution where both the consumers and delivery partners are happy.",True,"Discusses consumer price sensitivity, willingness to pay delivery fees, and how price increases impact shopping behavior.",0.94
1621,reddit,8.0,2026-01-13T15:32:47+00:00,"This is like the most non-issue thing I have ever heard of tbh. I haven't had a 10 minute delivery except at late night. Peak time deliveries take anywhere from 15-30 minutes. And I am completely fine with that. If they wanted to regulate, they should regulate how much area a single fulfillment centre should serve, what should be minimum fleet, etc. This incessant complaining about branding is nothing but ineffectual busy-work.",True,Discusses actual delivery time experiences and expectations during peak hours.,0.89
1624,reddit,1.0,2026-01-13T17:37:43+00:00,"Nothing should be on extreme side . It's good decision.
10 min delivery was very bullshit things .
We all have to learn to have patience.
There is no limit is desiring instant delivery and somehow slowly it became normal risking drivers and other people's life .",True,Discusses user motivations and changing consumer patience regarding instant delivery.,0.91
1631,reddit,1.0,2026-01-13T17:13:12+00:00,"I meant, we all live in dense cities. There are shops with all these goods on every corner. In fact less than 950m away . Why not just walk to the shop and buy what you want?",True,Discusses user motivations and purchase barriers regarding quick commerce versus local stores.,0.88
1632,reddit,4.0,2026-01-13T17:16:24+00:00,"Because that's completely my business from where and how to get my stuff.. 
I have been provided a facility for my convenience and it's on me how to utilise it or not..",True,Reflects user motivations and convenience as a purchase decision factor.,0.9
1633,reddit,2.0,2026-01-13T17:51:39+00:00,"weird question, why do you take a cab instead of a bus, why don't you run instead of taking a cab, why don't you cook the same dish at home instead of going out to a restaurant",True,Discusses user motivations and convenience.,0.89
1646,reddit,2.0,2026-01-02T07:49:22+00:00,Not saying that they shouldn't do it but if companies start charging delivery fees demand will go down massively. The whole system is basically sustained crazy high unemployment and anything that doesn't focus on that will ve focusing on symptom and not cause.,True,Discusses how delivery fees impact consumer demand and purchase behavior.,0.91
1649,reddit,67.0,2026-01-02T05:41:57+00:00,why can't minimum wage be the norm... also everyone should be ready to pay for convenience. we don't need 10 mins counter on the app,True,Directly discusses willingness to pay for convenience and app UI features like the 10-minute counter.,0.93
1652,reddit,52.0,2026-01-02T05:24:47+00:00,"Ah yes, 10-minute delivery.
Because nothing says ‘innovation’ like turning impatience into a career path.

Don’t give me that ‘we’re contributing to the economy’ nonsense. By that logic, setting people on fire creates jobs for firefighters. Activity isn’t value. Motion isn’t progress. If running faster toward stupidity counts as innovation, then we’re a genius species.

Nothing in that bag is urgent.
Not bread.
Not toothpaste.
Not condoms.

If it were life saving, we’d call it healthcare. If it were necessary, society wouldn’t have functioned perfectly fine without it for centuries. The only thing being optimized here is how fast risk can be dumped on the poorest person involved.

This model works by design: one person relaxes, another one gambles their life in traffic. That’s not efficiency, that’s exploitation with a timer.

And calling it ‘tech’ doesn’t upgrade the morality. A stopwatch doesn’t turn laziness into progress. It just makes selfishness measurable.

If the economy only grows by asking people to risk their lives so others don’t have to stand up, then congratulations:

You didn’t innovate. You just found a faster way to be careless with human beings!",True,Discusses consumer motivations regarding whether items like bread or toothpaste are truly urgent.,0.89
1653,reddit,15.0,2026-01-02T05:42:26+00:00,"Here’s the funny thing. Even ambulances hardly ever arrive within 10 mins. So this fast delivery culture is complete nonsense and entirely unnecessary, particularly if it comes at the cost of mass exploitation of an entire section of people. As a consumer, I do value fast delivery for online orders, but groceries can normally wait a few hours to a day. 

Food delivery is a trickier topic, cos prepared food does need to be delivered faster which is where zomato originated and makes most of its money i’m sure. But then again, delivered food should not cost as much as eating in, on account of lower overheads per unit…ideally this saving in cost should go towards compensating delivery riders, but instead it goes in zomato’s pockets as “advertising” costs / platform fees. The whole model is fucked up man! In some ways the pre zomato days were better - you could call your local restaurants and get food delivered. Yes choices were not as vast as you get through zomato, but it has been obvious for a long time now that deepinder goyal &amp; his investors only care about themselves and their profit.",True,Discusses consumer preferences for fast delivery versus waiting for groceries.,0.92
1655,reddit,6.0,2026-01-02T08:00:46+00:00,"‘Meaningful economic activity’ for me means something that solves a real problem without creating a bigger one.

Example: normal delivery.
Regular delivery adds value. It saves time and improves access. If it takes 30 minutes instead of 10, nothing bad happens. People still eat. People still live.

Now let’s look at 10-minute delivery.

Before it existed, people still bought bread, toothpaste, and coriander. So nothing essential was missing. The only thing being optimized is impatience.

What changes in this model?
- The customer avoids a small inconvenience.
- The delivery ‘partner’ takes real physical risk.

That’s the trade.

Worse, this exact hyper-speed model could be used where minutes actually matter, like ambulances, emergency response, or medical logistics. That would save lives and contribute to developing medical infrastructure. 

Instead, we use it to rush bread.

So it’s not that we can’t apply speed responsibly. We just choose not to, because saving lives doesn’t convert as well as selling convenience.

If a system pushes risk onto workers for non-essential goods while real emergencies wait, it isn’t meaningful economic activity. It’s misplaced urgency, profitably aimed at the least important problems.",True,"Discusses shopping motivations, convenience, and how delivery speed influences consumer choices.",0.9
1682,reddit,1.0,2026-01-02T13:22:56+00:00,"My electrician is unable to find help because all of them have taken up rider gigs apparently  they go for early morning shifts to cash in on early morning milk purchase rush then lay back around 10 -11 and they pickup again after 2 . His previous help is apparently earning near 1500 a day. 

But I also have noticed swiggy grouping instamart orders this was mainly noticed in November when the instamart gave waivers on all fees. Guess they were testing group orders. Then once the fees resumed I wonder if the delivery charges were passed onto the drivers as well. 

Also if a building doesn't have a lift the customer should pay extra.",True,Discusses order grouping features and delivery fee testing on quick commerce apps.,0.85
1684,reddit,1.0,2026-01-02T20:07:27+00:00,Everyone will come here and complain but then go and order Blinkit/Instamart anyways lol.,True,Highlights consumer habit of continuing to order on Blinkit/Instamart despite ethical concerns (repeat purchases / user motivations).,0.9
1698,reddit,17.0,2025-12-07T12:25:05+00:00,"Nice paragraph. No one is proud. The whole concept is only possible because there are people willing to work like this. Why they do it is because they need money &amp; there isn't a lot of opportunities for them to get proper job. Some even office worker work 3-4 hrs as these delivery partners because they need money.

 Everything is getting costly. Do they need money 

Never i imagined i would need to purchase a air purifier due to air pollution.",True,Mentions changing purchasing needs (purchasing an air purifier due to pollution).,0.75
1699,reddit,6.0,2025-12-07T13:35:13+00:00,"I was never an avid user of these apps and I have pretty much stopped altogether. I have only used Blinkit maybe 5 times in my entire life, and I don’t have the app on my phone even. Some residential complexes don’t even allow them to use the lift or residence lift so I find it super embarrassing to dehumanise someone like this. Abroad they don’t deal with all this classism to this extent and unless they are refugees or immigrants, it’s mostly a part time or temporary job they are using to fund other endeavours. 

Here I see elderly men, young boys who have to make this a career. They deserve so much better and the country has betrayed them. Everyone deserves a shot at a career, and this isn’t it. I pick up my food orders now, or I cook if im craving something different. Ordering food is fine once in a while, but I’ve seen Zomato delivery partners at my residential complex at 6:30-7 am delivering coffee. Who the hell needs things so early? It’s dystopian. Moreover, I know people personally who order groceries as per the meals being cooked at home instead of doing grocery shopping and planning meals accordingly. I was shocked by this. Grocery stores are going out of business, the produce at these warehouses is dirty and contaminated. We don’t even see how these things are harming us. In America you have all these groceries stores filled with produce, where I live there are barely any left. I truly panic for our food situation for the future. We cannot leave the distribution upto these evil companies. The fact that millions of young men and old men depend on 3-4 companies that have a business model of serving the rich for their livelihood with no security, rash driving and thanklessness is very heartbreaking. Especially when companies like zepto have been exposed for their shady management. These types of 10 minute business models do best in places where there are barely any labour laws or value for life 

It’s high time people stopped using these stupid apps. Poor infrastructure also makes it convenient for the upper class to just order because who can be asked to step out into pollution, roads without sidewalks and traffic? It’s easier to pay someone a couple of bucks to deal with it. You cannot keep avoiding “inconvenience” because of the poor infrastructure. My heart hurts for the people, it’s not an easy job and surviving this country if you are poor is no easy feat. Please stop using these apps",True,"Discusses user motivations, stopping app usage, and how quick commerce changes grocery planning habits.",0.95
1700,reddit,6.0,2025-12-07T19:26:15+00:00,"&gt; Here I see elderly men, young boys who have to make this a career. They deserve so much better

A friend of mine believes that, and I am quoting him 'At least they are getting jobs. Imagine having absolutely no skills and getting paid for it.'

I was literally speechless for a good minute. When I tried explaining to him how delivering hot food to your house in 15 mins, dodging all the nonsense infrastructure our country provides itself is a skill; he scoffed at me.

I somewhat understand how some people may not have the empathy to see the plight of the gig workers in India, but lately I am coming across a lot of people like my friend; who just see these delivery executives like they are some tool. Like my cousin who recently moved or Australia hates it there because most of the grocery shops close by 5 or 6 PM and how she cannot get a packet of Lays at 11 pm because they don't have quick commerce apps there.",True,Discusses customer expectations of convenience and lack of quick commerce availability in other regions.,0.85
1724,reddit,1.0,2025-12-08T07:33:37+00:00,"Cheap labour is the result of overpopulation + poverty + lack of basic human rights. People boasting about having cheap labour often forget how little these gig workers are paid &amp; think it’s better if they’re paid something instead of nothing. And all those saying, ‘we tip our workers, you should start doing the same’ forget how these apps are minting money by exploiting workers.

These 10 minute delivery apps incentivise road recklessness. They sometimes even risk their lives because let’s be honest, even in a city like Mumbai, we don’t have smooth roads.

Nobody needs cumin seeds within 10 minutes. Unless it’s an emergency, I don’t see why apps should deliver within 10 minutes.",True,"Discusses user motivations and necessity regarding quick delivery (""Nobody needs cumin seeds within 10 minutes"").",0.9
1733,reddit,15.0,2025-12-07T12:28:31+00:00,"After going through many opinions on life in India, my observation overall is that the middle class and above don't care very much about outdoor spaces. The life we are generally used to is indoors and we basically have a homebound culture. Outside is where we go on a purely transactional basis. 

My hypothesis is that this is why many people say India is great if you just have good money because you get quick deliveries to home, you get maids and cooks for cheap (again for home), and you can just get an air purifier (again for home) for the bad air quality.",True,Discusses user motivations and homebound lifestyle leading to reliance on quick deliveries.,0.95
1765,reddit,20.0,2025-12-07T16:20:15+00:00,"When you say all of this, the reply from Indians who have never stepped out of India is one of this-
- You’re Anti national 
-India is still developing 
-British/Mughals looted everything 
- Still better than congress raj
- Racism abroad 
- school shooter abroad 
- Desh ki dharti 
- Our country is our country 
- We have maids/drivers/10 min delivery apps
- Our Culture and Sanskaar",True,Mentions reliance on '10 min delivery apps' as part of the cultural context.,0.85
1786,reddit,2.0,2025-12-04T08:06:20+00:00,"Completely misleading in multiple ways. Amazon has a dysfunctional and unsustainable business model in the US, but you are a complete clown if you think Blinkit and Zepto are comparable to Amazon.

1. Most quick commerce apps work in a dozen tier1 and tier2 cities, they are not profitable outside these cities, this represents around 5% of our population (and the addressable market size is even lower because not everyone living in Mumbai can afford Zepto)
2. Quick commerce apps stock 200-odd most frequently ordered items, your local kirana shop has a larger collection than Zepto, forget about amazon
3. No quick commerce apps guarantee a ten minute delivery, and in fact most people don't complain if the order takes upto an hour or even two.
4. Delivery riders work 12 hours a day and if you average their earnings, they earn the equivalent of a ""single coffee"" in the US in about 2-3 hours. This is not something to be proud of.
5. The reason why the US doesn't have 10 minute delivery is, that they don't have cheap labour, and the cost of delivering the items is more than 2-3 times the cost of the ordered items. Human labour is expensive relative to manufactured goods.
6. US has a far higher labour productivity than India, which means that the opportunity cost of hiring someone to spend 20-30 mins delivering your item far outstrips the cost of those items, because labour in the US is more productive in manufacturing the said items.",True,"Discusses product assortment compared to local kirana shops, directly affecting purchase decisions and shopping behavior.",0.95
1793,reddit,62.0,2025-11-30T02:57:18+00:00,"Don't buy sweets from the e-commerce website.They are not stored properly and during October sales , there were several cases of food poisoning from those sweets",True,"Discusses product trust, storage conditions, and food safety issues affecting purchase decisions.",0.98
1794,reddit,38.0,2025-11-29T22:58:25+00:00,"&gt; The department said that the surprise inspection covered warehouses associated with Zepto, Reliance JioMart, Blinkit, BigBasket, Zomato, Swiggy, Flipkart, Amazon, and various local units.

More and more people are ordering from these big corporation while we don't know what happens in these warehouses.Support your local hawker, mom-pop business rather than giving your money away to these billionaires for sub-standard products.",True,"Discusses warehouse standards and encourages supporting local hawkers instead of online platforms, affecting purchase decisions.",0.96
1795,reddit,49.0,2025-11-30T03:14:21+00:00,"Sweet Potato Price, today

Local Hawker, 100 INR / kg

Amazon Fresh, 50 INR/ kg

Swiggy, 62 INR/kg



Tomato Price, Today

Local Hawker, 80 INR/kg

Amazon Fresh, 64 INR/kg

Swiggy, 70 INR/kg






Local Hawker prices are inflated because they pay daily ""rent"" to the local politicians, weekly hafta to local BMC office, and give stuff for free to the local police.

Swiggy and Amazon have both great refund policies ( at least in Mumbai).

Unless the hawkers change their business model, online purchases will be more attractive for many items",True,"Compares prices between local hawkers and quick commerce platforms, influencing purchase decisions and shopping behavior.",0.97
1798,reddit,3.0,2025-11-30T05:01:03+00:00,"Does that include handling fees, delivery fees and GST? Adding up it's not that cheaper. Plus with local hawker i can check the quality before buying.",True,"Discusses handling and delivery fees offsetting price benefits, and the ability to check quality with local hawkers, directly impacting purchase decisions.",0.97
1799,reddit,-1.0,2025-11-30T05:39:41+00:00,"So disappointed to see bros start vc loan time bomb, do the opposite of innovation with a shiny app and set back the profitable companies by a decade and play with livelihoods.

My local shopkeeper won't allow rats and definitely not humans to piss near vegetables or sell food unfit for humans.",True,"Discusses product quality, hygiene standards, and trust in online grocery platforms compared to local shops.",0.96
1801,reddit,3.0,2025-12-01T02:57:27+00:00,"This was obvious, to meet high demand these online groceries platforms are following all kinds of malpractices for their profits.

Also these food inspections by govt  are  just for news and their commissions. No strict actions taken against them.

Fruits, veggies,and dairy products appear good from outside but rotten and spoiled from inside.
 
Guys request you not to fall for the discounts and order everything from online platforms. I learnt from experience so cautioning.",True,"Discusses product quality, spoilage, malpractices in online platforms, and explicitly advises against falling for discounts, directly impacting trust and purchase decisions.",0.98
1826,reddit,47.0,2025-10-21T11:29:56+00:00,"This is not a knock on your frustrations but rather a broader remark. Several people have been pointing out for years that predatory pricing (i.e. deep discounts) and rapid delivery is not a sustainable business model. It only exists to drive smaller operatives and stores out of business. But people insisted that this was market competition at work and a good thing. 

Well now these e-commerce platforms feel sufficiently entrenched to raise prices to achieve or increase profitability. So people are now facing the real cost of using these platforms and services. There's a reason why your local kirana cannot do 5 minute grocery delivery while offering everything at 10-15% discounted prices on MRP. It's not sustainable, it never was.

So that platform fee, delivery charge etc you are seeing now is the actual cost of doing business. It was always the case, but VC money paid for it for a few years and now it's your turn.",True,"Discusses pricing models, delivery costs, and how consumers react to changing platform fees and costs.",0.96
1827,reddit,3.0,2025-10-24T04:10:40+00:00,"That ₹7 isn’t to *“cover costs.”* It’s Amazon’s quiet way of teaching Indian consumers to behave like credit-card users, sweetening their own margins, cleaning up their cash flow, and tightening control over user data  all under the label of *“convenience fees*",True,Discusses platform convenience fees and consumer behaviour.,0.9
1829,reddit,1.0,2025-10-26T09:32:11+00:00,"Even if it's 7rs, it'll amount to a considerable amount when you consider the volume. It can also act as a deterrent for COD orders. COD orders are inefficient and most likely have higher return rates and block the delivery partner's time leading to fewer deliveries per day. Not everything has to be attributed to malice.",True,"Discusses COD orders, efficiency, and return rates affecting purchase decisions.",0.92
1830,reddit,32.0,2025-10-21T12:03:10+00:00,"Getting a private taxi for your food and grocery for free is not your right, the era of vc free money is now going away with that comes charges no one is forcing you to order online you can't complain that the convenience is costing money 

also as for cod charges many people abuse it they order the parcel then cancel it and the company has to eat the delivery prices so they started charging for cod as insurance for few who will misuse them",True,"Discusses online ordering costs, convenience, and COD abuse affecting purchase decisions.",0.94
1831,reddit,-1.0,2025-10-22T04:45:26+00:00,It’s not about free…..they ask for memberships-  I pay but then they’re slowly adding more conditions despite claiming otherwise and consumers have no choice but to keep paying all additional fees. It’s a predatory behaviour and it’s so wrong.,True,"Discusses memberships, additional fees, and consumer choice regarding platform usage.",0.91
1833,reddit,0.0,2025-10-21T12:42:53+00:00,Yupp I’ve been realising this. I guess it’s my time to stop. Looks like majority people don’t have any issues and maybe that’s why companies are doing what they are doing. Good for them i suppose,True,User reflects on stopping use of the service due to changing practices.,0.93
1835,reddit,3.0,2025-10-21T15:32:19+00:00,"You wish! 
I too uninstalled apps many times only to return to them.",True,"Discusses uninstalling apps and returning to them, reflecting repeat usage and user habits.",0.95
1837,reddit,14.0,2025-10-21T11:17:52+00:00,"It costs labour to pack your order and pickers are paid. Pickers are paid less for a reason , a nominal handling charge. Next time don't cry why pickers are underpaid.


It also cost labour to deliver your order to your home. Riders are paid less for the same reason . Next time , don't fight for driver rights.


What cause accidents, the pressure of Blinkit to deliver your order in time . This could be avoided if you could show a part of humanity and not threaten the driver or keep harrassing the agent like I was for returning the handling and delivery charge. And oh god , even if it was your mistake.


Whenever a refund is processed, the price is either deducted from picker or driver ( most of the times ). 


Let me put a statement: 
  90% of customers who post on social media are fraud     claims .  Guaranteed. 10% genuine cases  get resolved and those don't care to post again. While frauds keep complaining again and again . Even once or twice we pass on refunds even though the cx is fraud, hoping for customer retention. But it turns into exploitation and people don't feel ashamed. 99% of concerns I get from Kolkata and Barrackpore are frauds who have even beat those delivery riders. COD is not available because of that. 
Also I can claim that even privileged people from metro cities are called as Cigratte chors in every team of Blinkit.


Blinkit sells at MRP and get profits from that. Riders are paid from delivery charge and stores and staff are paid from Handling charges. Ordering cigrattes online is also a mess in terms of regulations that is why you are unable to order from regular app in Androids. IoS just allows because there is no sideloading feature. If an app doesn't charge you for that , it is just because it is funded. 


Lol, indian customers are a hell and are equal to blame just as companies. 


If you do not want, get up ,walk and take your order. Do not expect service for free.  And what about those creeps who order sex toys and intentionally connect to an agent repeatedly till a female comes and starts sexually harassing. 


And yes , there is no action of agents or riders unless your case has a solid proof along with evidence.  There is something known as ZTP which is not questionable and leads to direct termination and pay forfeit.


Either join a BPO or open a quick commerce company in your local district and you will know why.",True,"Provides insights into delivery costs, picker/driver management, handling charges, and fraud affecting availability like COD.",0.97
1843,reddit,8.0,2025-10-21T14:03:07+00:00,"Expecting additional services for free wouldn’t be correct.
On part of these brands, their only mistake (intended, not accidental) was to convince people that these services are free. Now they sneakily try to transition and it’s hurting everyone’s expectations.
But if these brands would have told us the same thing upfront, we wouldn’t have used them at all.

So that’s where we lie right now - evaluate extra charges taken by them, compare it with local offline market and choose what suits us better! They are not going to reduce prices, as they are already in losses and VCs might not pour any more money until they show signs of profit",True,"Discusses evaluating extra charges, comparing online with offline markets, and choosing where to shop.",0.96
1844,reddit,5.0,2025-10-21T18:46:59+00:00,"Yup, agreed to that. There's a video by mrwhosetheboss who explains this in details - ""The internet is starting to break"". It makes a lot of sense. Its not just in India, but even in most developed countries, companies are just getting greedy day by day.

Problem is that its not with a single brand or a single sector, its happening literally everywhere. Prices are being pumped up artificially.

Only solutions

1. Keep your consumption low - All these online services have pumped up our consumption so much that we have forgot what's essential and what's not. GenZ's are particularly prone to this. People should weigh value of literally every penny they spend.

2. Be among the very few people who are actually taking a pie of this increasing costs, so you can contribute back a piece and never feel anything happened.

3. Raise voice for better policies to keep such actions in force - but who will listen? Government will see it as GDP growth as you are spending more money, although the value of it never rose. Or worse, they themselves are the one profiting from these?",True,Discusses consumer consumption levels and evaluating the value of online spending.,0.9
1846,reddit,6.0,2025-10-21T15:45:17+00:00,"It is a free market; customers don't have a better choice, and it's not right to get everything for free. It's a business, and they can't just burn money to give you what you want. They burn money to sustain themselves in a competitive world. You're not just buying a good; you're paying for:

- Packing service
- Courier service
- Courier insurance
- Easy-to-use platform
- Good",True,Discusses what costs are covered when buying goods online versus local markets.,0.88
1847,reddit,2.0,2025-10-22T18:46:54+00:00,"Then why are you still buying? If I have to buy something, I'll check for the cheapest deal. If I am getting it cheaper through an online store, then only I wait for delivery; otherwise, I would buy from a store without any extra charge.",True,"Explains purchase decisions, comparing prices between online and offline stores.",0.97
1848,reddit,1.0,2025-10-22T19:01:14+00:00,Due to the memberships and subscriptions I’d say. It’s expiring soon and i don’t plan to renew so I’ll stay away or atleast try to. If I’ve to pay extra anyways what’s the point in taking their bait….,True,"Discusses membership renewals, extra fees, and intent to stop using platforms.",0.95
1849,reddit,1.0,2025-10-22T19:10:33+00:00,"Don't take these unless you're a heavy spender who will save a lot on getting early access to sale or have their credit cards, which give extra cashback for members.",True,"Discusses shopping behaviour regarding memberships, cashbacks, and sales.",0.92
1850,reddit,6.0,2025-10-21T11:53:58+00:00,Already stopped using  all of htem except amazon which i sometime  have to as  product not available locally,True,Explains shifting away from platforms and relying on local availability for products.,0.94
1851,reddit,1.0,2025-10-21T12:37:57+00:00,That’s what I’m planning to do. My prime shopping is about to expire and I’ll second guess everytime i plan to order something after i see shipping charges on every order. Offline shopping ftw,True,Discusses stopping prime memberships and shifting back to offline shopping due to shipping charges.,0.96
1852,reddit,1.0,2025-10-21T18:31:41+00:00,That’s true….but in current scenario i think I’m only left with getting rid of these for my mental peace. It’s going to be tough but not impossible but I’ll make it happen. I’m fed up,True,Discusses quitting online shopping platforms due to fee frustration.,0.91
1853,reddit,4.0,2025-10-21T15:27:55+00:00,Just order the food from the restaurant and see if they are willing to deliver.  Even if they charge its less than what you pay to Zomato,True,Compares ordering food via delivery platforms versus direct restaurant ordering.,0.93
1854,reddit,1.0,2025-10-21T18:35:25+00:00,That’s what I’ve started. And wherever I’ve approached the restaurant owners themselves give me their card and emphasise not to order from Zomato Swiggy. So you can guess how the situation is like and who is actually really benefitting from all of this,True,Discusses shifting purchase decisions from aggregators to direct restaurant ordering.,0.95
1857,reddit,3.0,2025-10-21T16:05:57+00:00,"For a healthy business to survive, it has to look for ways to deal with the unhealthy elements that exist in the market. COD has been abused like anything in India, the costs of sending something to a customer and it returning back without being accepted is way more than just the logistics. It's also stock being stuck in rotation, losing products to damage and multiple other issues that a seller faces.

There is also cost involved when you go to the market to buy something yourself - be it commute or petrol, also your time and energy. It's not fair to expect these to just be waived off when you want something delivered to your doorstep.",True,"Discusses market elements, COD abuse, logistics costs, and the effort involved in online versus offline buying.",0.92
1858,reddit,2.0,2025-10-22T03:34:31+00:00,"Amazon trusts with our people already abused and looted in early days. Still, Amazon tries their best to shop for easy shopping. After being fed up with our people, the corporate, this will be the end result. I don't take sides with these flipkart, zepto and etc... they are actually gone like ebay, snapdeal in a few years.

People in tier 1 can use these ecommerce. The majority will still rely on retailers.",True,Discusses e-commerce usage trends and reliance on traditional retailers.,0.89
1859,reddit,2.0,2025-10-21T15:01:06+00:00,Cuz there's literally no other choice you can't find shit that cheap in retail and not only that the stuff I need and want are basically not available offline in india and if there are they are gonna be garbage because most Indian brands are frankly dogwater craps,True,Explains user motivations and product availability issues driving online purchases instead of offline.,0.97
1860,reddit,1.0,2025-10-22T04:43:19+00:00,"Exactly that’s why i had been using these apps….i get a lot of things in here which isn’t available offline, but now enough is enough for me.",True,Discusses product availability offline versus online and reasons for using apps.,0.95
1861,reddit,2.0,2025-10-22T04:51:24+00:00,"Ye I only use it when it's needed I don't go out of my way to buy stuff online but most of the times it better for me to do so

https://preview.redd.it/m8jmufiaglwf1.png?width=450&amp;format=png&amp;auto=webp&amp;s=42519d875338b422cb349e4e8feea8a93c45faf9

This image basically tells us about the hold online market has over us",True,Discusses online market dependency and shopping habits.,0.9
1863,reddit,2.0,2025-10-22T13:12:03+00:00,"i dont feel so , i am still ordering online on regular as well as quick commerce at same or lower prices than market ( LG 650 L fridge at 50k , MI 55inch 4k at 23k ,  iphone 16 at 48k , Legion 4060 laptop at 85k ) I dont order during rain or festive days on quick commerce as its obvious they will charge more on those days otherwise delivery boys wont come .

Food is definitely more expensive online infact it always was the case, which is why for larger orders I prefer calling restaurants for delivery as it saves some money .

Prime video introducing ads was bad , but i guess proton vpn solves that",True,"Discusses personal shopping behaviour, pricing comparisons, and choices between quick commerce and direct ordering.",0.94
1864,reddit,1.0,2025-10-22T13:30:12+00:00,I’ve had pretty bad experience with electronics and other heavy things online especially with replacement/return policy so i had been avoiding that. Been mostly using it for chota mota stuff that’s why these small charges pile up and make it seem huge. But i get your pov as it’s certainly beneficial for heavy discounts etc for those who order…,True,Discusses replacement and return policy experiences influencing online purchase decisions for electronics.,0.96
1865,reddit,1.0,2025-10-22T14:16:14+00:00,"As per my experience electronics cannot be returned irrespective of which platform/store it has been purchased . Only replacements are possible that too through service center .

Customers indulge in a lot of fraud with e commerce platforms/store which is why replacements have been routed through service center now",True,Discusses return and replacement policies and customer fraud affecting e-commerce rules.,0.91
1866,reddit,1.0,2025-10-23T06:21:27+00:00,Return hojata hai but it’s a tedious process….and sales mei they intentionally send ppl’s returned items which are repaired. Mera dimaag kharab hogaya tha ek baar laptop liya tha kuch saal pehle and i wasted 3 months on the whole process and i was like bhai i cannot deal with the stress for just few bucks. Ab bass chota mota saamaan I used to get and got prime membership too because who’s going to pay 80/- each time but last 2-3 months se I’m seeing this new cod convenience fee….its minimal but still when i calculate these minimal fees from literally every app mera dimaag kharab hojata hai….and I’m not that good financially so it kinda affects me more than other ppl i guess. But accha hai I’m planning to stop online shopping or atleast try to minimise it….na rahegi mehengi subscriptions na sales and in general mei mann nai karega to get anything after seeing the heavy fees….,True,"Discusses return processes, memberships, handling fees, and intent to minimize online shopping.",0.97
1903,reddit,24.0,2025-10-08T12:49:34+00:00,"As a business person, I can vouch for one thing: if you don’t have good customer service, you’re basically killing your own source of income. It's no brainer to give a customer a quality product, they’re paying for it, after all. Without quality, it’d just be a scam. But if you want to scale, you need repeat purchases. And repeat purchases only happen when a customer buys again or recommends you: both of which require excellent customer service.

As a customer, I make it a habit to leave reviews: both the good ones and the honest, constructive criticism. It helps other customers and it also wakes businesses the f\*\*k up. Reviews are powerful. They’re like a vote: help good businesses thrive, and show bad ones must change if they want to survive.

Legacy brands might be harder to chip at but every other brand: copy paste reviews on Google, Social Media, every where and see how quickly bots disappear and real customer agents get in touch.",True,"Discusses repeat purchases, recommendations, and the role of customer service in purchase decisions.",0.95
1904,reddit,6.0,2025-10-08T13:27:41+00:00,"I agree. But you know what, positive google and social media reviews can be bought. This is a common practice in ecommerce and hotel industry, for every negative feedback hired agency posts 3-4 positive response. So you and me writing negative reviews have minimal impact.",True,Discusses trust in products and reviews affecting consumer purchase decisions.,0.9
1907,reddit,4.0,2025-10-08T15:23:29+00:00,"Most businesses are oligopolies, so businesses know that customers are at their mercy. If not swiggy where will you go? Zomato is equally pathetic. Similarly airtel vs jio, air india vs indigo, flipkart vs amazon .....",True,Discusses brand choices and alternatives (market oligopolies) impacting user purchase decisions.,0.85
1909,reddit,1.0,2025-10-11T05:01:26+00:00,did u give ondc n/w a try?,True,Discusses alternative platform discovery and usage.,0.8
1910,reddit,1.0,2025-10-11T05:15:09+00:00,My favorite restaurants are not listed,True,Discusses product/merchant availability barriers on a platform.,0.85
1920,reddit,8.0,2025-10-08T13:51:32+00:00,"I don't find this to be exclusively an India problem. Its a corporate policy problem worldwide. They're quick to take your money efficiently in the most stylish UI possible.
But suddenly when you want a refund, you have to go through hoops and obstacles, all by design.


I had a laptop worth 1 lakh ordered through amazon.com, it showed that there were 2 in stock. That was a lie, there werent any in stock, and i had to call internationally to the goddamn warehouse to check and confirm. This is not the consumer's problem.


I spent my company hours and international minutes calling amazon to get them to refund my money. They returned my money after 6 months. 6 MONTHS.


I will never forgive amazon for wasting my time and money, its not my fucking problem if amazon doesn't have the laptop in stock, if its not available they should notify me and refund the money IMMEDIATELY. They put me through countless agents.


I stopped all amazon prime subscriptions as soon as i got my refund",True,"Discusses stock availability issues, refund barriers, and how negative experiences permanently change purchase behavior and brand loyalty (churn).",0.95
1924,reddit,6.0,2025-10-08T15:07:21+00:00,"This is the secret of small stores: being super reliable in terms of customer service. They can’t compete on discounts and offers so much as the big stores so they are amazing at customer service.

Bought a LG washing machine recently and went small store way rather than big store. Cost me an extra 1500 or so but total peace in the entire process. Delivery guys did not use elevator as requested (society rule, dumb but have to follow or they fine you), setup guy came on time and was very understanding and patient with my mom about how to use the new device.

In their chase for efficiency the big stores have forgotten what the small stores remember. The human connection matters the most.",True,"Discusses why users choose small stores over big platforms (reliability, service quality, and purchase decisions).",0.9
1928,reddit,6.0,2025-10-08T13:55:28+00:00,I live in tier3 and now I only buy dog food from Amazon. That’s it. From a pin to big electronics I try to find in my city if not available travel 2/3 hours and get it from nearby tier2 city.,True,"Discusses shopping behaviour, channel preference, and product availability challenges in tier-3 cities.",0.95
2010,reddit,1.0,2026-07-07T10:12:36+00:00,"honestly feels like delivery drivers are risking their lives out there. They’re totally at the mercy of everyone else on the road—if another driver makes one bad mistake, that’s it",True,"Discusses delivery drivers risking their lives on the road, providing insight into delivery operations and constraints.",0.85
2011,reddit,1.0,2026-07-07T18:08:13+00:00,"Thats true, they are almost 24/7 on the road.",True,Discusses delivery agents being on the road 24/7.,0.8
2060,reddit,66.0,2026-07-01T04:15:08+00:00,It's so tempting to buy but I've no use for it :'),True,Discusses user motivations and purchase barriers regarding a product.,0.95
2061,reddit,19.0,2026-07-01T08:18:05+00:00,same bro. always wanted to have a play station as a kid. now i can afford it but im too much of a grown up to use it,True,Discusses purchase decisions and user motivations.,0.94
2062,reddit,8.0,2026-07-01T08:48:59+00:00,You are never too grown up to play Games . I have seen people in 50’s playing games,True,Discusses user motivations and trust in products/demographics.,0.9
2063,reddit,14.0,2026-07-01T09:19:12+00:00,"i meant to say that im too grown up and burdened by other things in life to find the time to play video games. 

With the minuscule amount of free time i am left with i put that in gym, or catching up with friends and family",True,Discusses user motivations and purchase barriers.,0.95
2064,reddit,1.0,2026-07-01T10:54:16+00:00,"Get it, bro. Even I used to think the same, but it's a great device to own, and you can play casually on it whenever you find time. And also, YOLO😉",True,Discusses purchase decisions and user motivations.,0.92
2065,reddit,1.0,2026-07-01T12:03:56+00:00,I'll buy it when I can play with my gf/wife. Till then my happy with my gaming PC,True,Discusses purchase decisions and user motivations.,0.93
2066,reddit,1.0,2026-07-01T19:25:00+00:00,"Im 35 and still play in my pc on daily basis, if you have always wanted why not take it",True,Discusses purchase decisions and user motivations.,0.92
2067,reddit,1.0,2026-07-01T12:02:32+00:00,True...jus controlling myself from doing a impulsive purchase.,True,Discusses purchase decisions and impulse buying behaviour.,0.96
2068,reddit,31.0,2026-07-01T04:42:36+00:00,"Didn’t know there was a shortage. If prices are increasing, people should reevaluate if they really need to buy this.",True,Discusses purchase decisions and product pricing/availability.,0.91
2069,reddit,10.0,2026-07-01T06:45:58+00:00,"The ram crisis and the gta6 launch has caused this, the ps5 has been a tough thing to get from april.",True,Discusses product availability and market conditions affecting purchases.,0.93
2070,reddit,11.0,2026-07-01T05:19:06+00:00,As a Sony employee one gets best discounts on ps5 and Sony products that no dealer can match during every Diwali in India,True,Discusses discounts and purchase decisions.,0.9
2072,reddit,7.0,2026-07-01T05:06:41+00:00,"Thank you bro/sis

I am gonna go out hunting for today and hopefully I get one.",True,Discusses shopping behaviour and purchase intent.,0.92
2073,reddit,1.0,2026-07-02T06:39:15+00:00,Anywhere u found?,True,Discusses product availability and search for items.,0.9
2074,reddit,6.0,2026-07-01T06:43:03+00:00,Is there some PS5 shortage? I had casually ordered mine off Croma website last Diwali for 44k (Disc).,True,Discusses product availability and past purchase decisions.,0.93
2075,reddit,4.0,2026-07-01T06:48:15+00:00,"44k is an amazing deal. PS5s have been out of stock throughout india from april of this year, due to ram shortage and gta6. and sony will be soon announcing a price hike so everyones running to buy the ps5",True,Discusses high demand and stock availability issues for high-value electronics like the PS5.,0.95
2077,reddit,1.0,2026-07-01T08:50:14+00:00,I also impulsively ordered from blinkit last year as well . That time it was available on every website,True,Mentions impulsive ordering behaviour on Blinkit.,0.96
2084,reddit,2.0,2026-07-01T04:45:13+00:00,ps5 pro available?,True,Inquires about product availability for a specific high-demand item.,0.94
2085,reddit,1.0,2026-07-01T06:20:14+00:00,Not with retailers,True,Discusses retail product availability.,0.91
2086,reddit,1.0,2026-07-01T07:28:40+00:00,Any way to get PS5 Pro?,True,Inquires about product availability and sourcing.,0.93
2087,reddit,1.0,2026-07-01T10:50:46+00:00,this place called reys games castle in jaynagar has ps5 pros in stock. a little expenisve tho,True,Discusses local store inventory and product availability.,0.92
2095,reddit,2.0,2026-07-01T22:42:48+00:00,Has there been any updates by the sellers on PS5 Pro release?,True,Inquires about product availability and release updates from sellers.,0.94
2096,reddit,1.0,2026-07-02T06:52:41+00:00,Ps5 pro wont be coming to the official retailers anytime soon. Check out zozila (online) and rey games castle in jayanagar.,True,Discusses product availability across official retailers and alternative online/offline sources.,0.95
2097,reddit,2.0,2026-07-02T07:04:56+00:00,A few months back it was spotted on BIS for certifications. Planning for it hope it does come before November 19th,True,Discusses upcoming product availability and launch planning.,0.92
2098,reddit,2.0,2026-07-03T06:37:50+00:00,"I was visiting these sony center kalyan nagar and yellahanka, both said no but near by sony Yelahanka, RK Hedge nagar to be precise

https://preview.redd.it/e1codvssmyah1.jpeg?width=4032&amp;format=pjpg&amp;auto=webp&amp;s=538a0f58afad6b96d5776c826b43487865cf92f0

 I casually checked blinkit and found 2 units of digital edition. Bought 1. 1 is still there on blinkit",True,Describes successful product discovery and purchase decision via Blinkit due to local store unavailability.,0.98
2101,reddit,1.0,2026-07-04T07:22:42+00:00,"Been hearing some chatter in my circles, sources  are saying there's an upcoming batchof fresh inventory going live on Amazon today, 4th July - at around 1 PM mostly. Heard they have limited quantities.

Gotta definitely check this one out, if you've been scouting to get your hands on one, like me 😁",True,Discusses scouting and tracking product availability and inventory drops on e-commerce platforms.,0.94
2117,reddit,1.0,2026-03-23T04:27:30+00:00,and most important they are all loss maing for now and they are forcing traditional supermarkrts to close,True,Discusses the market impact of quick commerce on traditional supermarkets and business viability.,0.91
2119,reddit,31.0,2026-03-20T03:38:22+00:00,"Dude, youve not considered Flipkart minutes and Big Basket. 
Please update",True,"Compares competitor platforms (Flipkart Minutes, BigBasket) relevant to market discovery and alternative platforms.",0.93
2120,reddit,17.0,2026-03-20T03:42:35+00:00,And Amazon now and also fresh.,True,"Mentions alternative quick commerce options (Amazon, Amazon Fresh).",0.92
2121,reddit,4.0,2026-03-20T07:08:03+00:00,"As far as I know, Amazon has partnered up with More for their Amazon Fresh for their quick commerce arm. Hence, all More stores are automatically Amazon dark stores.",True,Discusses competitor fulfillment models and dark store networks (Amazon Fresh / More).,0.94
2124,reddit,6.0,2026-03-20T08:07:32+00:00,this is what you get when the crumbling infrastructure makes everyone reluctant to go out and buy things.,True,Discusses user motivations and shopping behavior drivers (infrastructure issues causing preference for quick commerce delivery over physical shopping).,0.97
2136,reddit,1.0,2026-03-20T10:41:41+00:00,I still can't wrap my head around how they have the weirdest of things no one wd order in stock almost everywhere all the time,True,Discusses product availability and inventory unpredictability.,0.96
2139,reddit,1.0,2026-03-21T03:52:04+00:00,"You forgot Amazon Now, last month knowingly or unknowingly i ordered almost daily (30 days). Only because of 99₹ minimum order for free delivery!!?? Not sure, the products are cheaper than my nearest kirana shop.",True,"Discusses purchase decisions, user motivations, and pricing compared to local kirana shops.",0.98
2141,reddit,1.0,2026-03-22T15:25:27+00:00,"Folks relying on 10min groceries because bangalore traffic sucks the life out of you if you step out for a while. This is no innovation, just money making machine out of poor infra, traffic congestions and cheap labour.",True,Explains user motivations for relying on quick commerce due to external factors like traffic.,0.97
2227,reddit,31.0,2025-08-31T08:57:16+00:00,"In my personal experience, Swiggy Instamart provides such a quality experience, I wouldn't even think about blinkit or zepto.",True,Discusses brand preference and trust based on quality experience.,0.95
2229,reddit,8.0,2025-08-31T08:07:14+00:00,"All these guys are the fucking same. Use some shaata AI chatbot to cut costs and provide a harrowing experience to the customers who still go ahead and use these shitty apps because we're so used to them. They've succeeded at what they wanted.

Personally I had the worst experience with zomato chat support once. Requested to the chatbot at least 20 times then I was connected to a human agent who turned out to be useless again.",True,Discusses user motivations and habits of continuing to use apps despite harrowing support experiences.,0.9
2233,reddit,4.0,2025-09-03T10:40:23+00:00,"&gt;   I ordered a bunch of snacks, including two types of NOICE cookies—Chocochip and Butter. When the order arrived, both packets were torn open, and the cookies inside were completely crushed and powdery. They were basically unusable.

The handling fee these fuckers charge was supposed to solve this problem. We should at least get a refund on that.",True,Discusses damaged products on arrival and purchase barriers due to handling fees.,0.92
2234,reddit,3.0,2025-08-31T20:54:49+00:00,Well zepto sent me icecreams with worms all over it,True,Discusses severe product quality issues affecting trust in products.,0.9
2237,reddit,2.0,2025-09-22T07:19:47+00:00,"Ordered stuff from instamart
Worst service 
Don't buy any stuff from this app
Useless service only
I had a case of missing items and nothing got resolved. They just say sorry and blah blah. 
Similarly I had ordered a product that was expired and again the same they say sorry and nothing else. 
Horrible service and products.",True,"Discusses missing items, expired products, and overall product and service quality.",0.88
2238,reddit,2.0,2025-09-22T07:21:28+00:00,Moving out from this app. Wouldn't ever recommend to anyone. Had four similar experiences and I got no refund or replacements in any of the case.,True,Explains user churn (moving out from the app) due to bad resolution experiences.,0.91
2239,reddit,2.0,2025-11-30T20:08:43+00:00,"I have purchased the electric kettle from Swiggy and used 2 to 3 times but not immediate purchase day. After few days the electric kettle lud just broken into pieces and I reported same to the customer care. It has 1 year warranty period. They've not given either replacement or refund, directly rejected issue saying insufficient information. I am asking what info thay want. I have attached bill, photo and video also. 

I am asking whether warranty period claim is there on these electric equipments or not.",True,Discusses product quality/warranty issues on electric appliances purchased.,0.85
2246,reddit,15.0,2025-08-09T04:43:45+00:00,"Tried it, it is good. Some minor glitches   
\- uber authentication doesn't work; may be a provider configuration issue  
\- seems to favor Rapido for all the searches I tried, not sure if they are really cheap or if you are promoting them (not a complaint, just observation)  
\- 10 min delivery - search is rather generic; not sure how you can narrow it down unless you plan to index it",True,Discusses generic search experience and narrowing down results.,0.89
2247,reddit,7.0,2025-08-09T04:45:59+00:00,"Are you using Google or Apple login for Uber authentication? If so, that is not supported - you need to use your mobile number or email.  
  
It doesn't favor any specific provider - just a simple calculation which shows who's cheapest.

  
What do you mean by the search is generic?",True,Discusses search experience and query handling.,0.85
2248,reddit,4.0,2025-08-09T06:43:33+00:00,Rapido is actually cheap compare to others. Not sure if some kind of promotion going on but from few days I'm seeing less price in rapids.,True,Discusses purchase decisions based on price comparisons.,0.88
2249,reddit,1.0,2025-08-10T04:10:08+00:00,"- google auth didn't work, nor does sms
- generic search, eg: search for ""haldiram bhakarwadi"" and see. Bundled offers .. garbled the search results",True,Discusses authentication problems and generic search results with bundled offers.,0.9
2253,reddit,3.0,2025-08-09T07:13:02+00:00,"This is awesome!!
Going to be using this alot more regularly!",True,Discusses regular usage behavior and repeat app engagement.,0.82
2256,reddit,2.0,2025-08-09T16:15:38+00:00,"Amazing work OP!
Tried it really impressed. Wanted to know if we can compare entire carts as well somehow?",True,"Discusses comparison of entire carts, impacting shopping and purchase decisions.",0.94
2259,reddit,1.0,2025-08-09T07:47:53+00:00,Compared fares. Too much of difference from app. Ovearall Great idea but  fares are not real.,True,Discusses fare accuracy affecting price comparison and purchase decisions.,0.88
2261,reddit,1.0,2025-08-09T08:39:15+00:00,"Great work OP, I had installed initially when you had developed for blinkit and zepto. I found it very useful, this addition is great. Next update maybe - different food delivery platforms? Like zomato, swiggy?
Again I couldn't thank you enough.",True,Discusses using aggregator features across quick commerce platforms like blinkit and zepto.,0.92
2263,reddit,1.0,2025-08-09T17:50:08+00:00,Feature request: Can you also add Amazon Now to the quick commerce options.,True,Feature request for adding more quick commerce options for comparison.,0.93
2264,reddit,1.0,2025-08-10T14:31:44+00:00,"This is really good. I am glad you were able to sneak into customers need, given the qcomm apps are pestering into our lives. 

It will be interesting to see if there’s a mechanism to track add-on charges like delivery SLAs. Qcomms make a lot of money on surge pricing, platform charges, delivery charge, and bla bla charges. 

But frankly, this is some serious service to the consumers.",True,"Discusses tracking add-on charges, surge pricing, and platform fees that influence purchase decisions.",0.91
2267,reddit,1.0,2025-08-11T02:15:43+00:00,Insane how cabs are going cheaper than autos :)),True,Discusses pricing trends affecting purchase decisions.,0.85
2275,reddit,1.0,2025-11-26T04:51:27+00:00,Hi I have a suggestion like if you create an option add cart in it and we can add the items from various stores and order that at an single time would be I think good and it's a bit slow like which I search for something it takes time,True,"Discusses shopping behaviour, cart features, and search speed.",0.98
2280,reddit,142.0,2025-07-23T04:00:17+00:00,Ooooo it’s like sky scanner but for delivery apps. Nice one OP. Will share feedback. 🍀,True,Relates to shopping behaviour and product discovery across delivery apps.,0.9
2282,reddit,54.0,2025-07-23T04:02:59+00:00,"Really great work dude. The app is quite useful and ui is pretty minimal (exactly what you would want), it just focuses on the basics and does it correctly.

It's a little buggy. For ex- for my area it shows that Instamart is not serviceable for any product I search (although Instamart is serviceable). But ik these can be fixed. 

Can you tell me what tech stack you used for this (For the mobile version), i.e did you use React Native or Flutter, and also how are you comparing the prices between Instamart/Zepto/Blinkit. Would love to hear your insights",True,"Discusses UI, search results, and product availability issues affecting shopping experience.",0.92
2287,reddit,9.0,2025-07-23T20:14:32+00:00,"Yes, but Comparify has more features like cart, price per unit and more. Comparify is also like 5 times faster",True,Discusses cart and price comparison features directly affecting purchase decisions.,0.95
2288,reddit,8.0,2025-07-23T20:57:12+00:00,"Bookmarking the website. Are you planning to add platforms like amazon now, flipkart minutes and jiomart?",True,Requests platform expansion which impacts product discovery and shopping options.,0.85
2289,reddit,23.0,2025-07-23T04:14:14+00:00,Add bigbasket also to compare,True,Requests adding specific platforms for price comparison and shopping choices.,0.85
2290,reddit,24.0,2025-07-23T05:01:53+00:00,"Just curious to know if u have handled it in a way that solves this.

Lets say an item x is 100 inr, y is 200 inr, z is 300 inr.

When combined in a cart blinkit and instamart would come to similar of 600~650 inr(including delivery) 

zepto would come to some bizzare number owing to their insane dark patterns, sometimes it might be 900 sometimes it might even be 400

And the final price would also depend on if i have any subscription(like daily) any free cash etc etc.

So while comparing ideally we should compare the final price to be paid. Do u do so in ur processing(coz that would be complex) or do u do an itemized price comparison.

As per my experience itemised price comparison almost never reflects the final price to be paid. All the apps especially zepto optimises its listing to show they have the cheapest listing but the picture changes in the final cart value.",True,"Discusses cart pricing, dark patterns, fees, and final purchase decisions.",0.98
2293,reddit,9.0,2025-07-23T04:05:47+00:00,Nice one. But it always shows Instamart as not serviceable.,True,Discusses product availability/serviceability issues.,0.95
2295,reddit,2.0,2025-07-23T04:09:19+00:00,"This is awesome, OP! Absolutely loved using it",True,General positive feedback on the shopping/comparison experience.,0.8
2297,reddit,2.0,2025-07-23T05:17:59+00:00,"App is really good, but can you add other apps like Amazon now, flipkart minutes, big basket as well.",True,Requests adding more platforms for shopping and comparison.,0.85
2308,reddit,1.0,2025-07-23T05:57:19+00:00,"Thats great.
Please add Jiomart quick(I personally feel its the best because it has 0 platform fees, 0 delivery fees, no service charges), flipkart minutes, bigbasket.
Also is there a similar website to comare Swiggy, zomato prices as well?",True,"Discusses platform fees, delivery fees, service charges, and purchase decisions.",0.92
2313,reddit,1.0,2025-07-23T06:36:34+00:00,"This is nice for price comparision. For some reason, some search results show on blinkit but  for zepto and instamart show  as not available even though I can see the same products available in those apps.",True,Discusses search results and product availability discrepancies affecting shopping.,0.98
2315,reddit,1.0,2025-07-23T07:10:34+00:00,"Add BBNow, and if possible Flipkart and Amazon Grocery",True,"Requests adding more grocery platforms, affecting shopping choices.",0.85
2316,reddit,1.0,2025-07-23T08:32:28+00:00,"Wow.. great app.. the ui is really great..
Just one thing, sometimes Instamart shows not serviceable.",True,Discusses serviceability and product availability issues.,0.95
2317,reddit,1.0,2025-07-23T09:33:47+00:00,It will be great if you can add Big basket now and amazon now too.,True,Requests adding more platforms for shopping and comparison.,0.85
2318,reddit,1.0,2025-07-23T11:38:53+00:00,"I use another app called QuickCompare - https://play.google.com/store/apps/details?id=com.quickcompare.app


This compares prices from Bigbasket and Dmart too",True,Mentions alternative comparison apps and store options impacting purchase decisions.,0.85
2333,reddit,35.0,2025-04-30T16:33:33+00:00,"Blinkit stores are open air wastelands where some grocery items are kept. Anything ordered from blinkit comes with 2 layers of dust and 3 layers of grease that needs to be cleaned thoroughly before it can even be considered edible by carbon-based life forms. The reason they can give for cheap is because they don’t use storage infrastructure. It’s literally just a dust and dirt-ridden space inside 4 walls, almost like if you took the oldest abandoned buildings and simply started stashing your food items on the floor.",True,"Discusses product storage conditions, trust in products, and quality issues affecting purchase decisions.",0.98
2334,reddit,18.0,2025-04-30T11:10:31+00:00,"People really be eating some really terrible quality fruits and vegetables be it awfully small in size for the price or just rotten, all in the name of convenience.",True,Discusses poor fruit and vegetable quality versus convenience in purchase decisions.,0.97
2335,reddit,9.0,2025-05-01T08:39:42+00:00,"and notice how these companies always have 'organic, hydroponic, residue-free.... (enter more jargon)' sections to instill a false sense of superiority and health-consciousness.",True,Discusses product information and marketing terms used to influence health consciousness.,0.96
2336,reddit,11.0,2025-04-30T12:45:24+00:00,Ik same with zepto.even cafe food are of not good quality.,True,Discusses food quality on quick commerce platforms.,0.95
2337,reddit,4.0,2025-04-30T16:06:40+00:00,10 mins defrosted food,True,Discusses defrosted food quality on quick commerce.,0.95
2338,reddit,3.0,2025-05-01T08:46:13+00:00,"Zepto Cafe, Bistro, Snacc all equal garbage. and man they try so hard to make u buy stuff with their ₹100 coupons. don't even know what demography they are catering to.",True,Discusses cafe food quality and promotional coupons influencing purchase barriers.,0.96
2339,reddit,5.0,2025-05-01T08:29:18+00:00,"i have tried veggies from all quick commerce apps in blr tbh.. instamart, blinkit, zepto, bbnow. n blinkit is worst of the lot in terms of quality.. fyi",True,"Compares vegetable quality across quick commerce apps, impacting shopping behavior.",0.98
2340,reddit,1.0,2025-05-01T08:33:06+00:00,"yeah; i am usually a zepto regular, the only time i use blinkit is when i need some printouts lol.",True,Discusses platform switching behavior and specific use cases for Blinkit.,0.98
2341,reddit,3.0,2025-05-01T06:36:43+00:00,"That's why I never buy veggies on quick commerce. Veggies like carrot, brocolli onion are fine. Others, I just pick them up on the way from the gym.",True,Explains purchase barriers and shopping behavior regarding why they avoid buying certain veggies online.,0.98
2342,reddit,2.0,2025-05-04T09:30:49+00:00,"I've always been suspicious of the kind of products delivered by these online platforms. Had ordered groceries and a pack of Maggi with that (JP Nagar branch) and instantly realised something was wrong from the smell the moment I opened the packet. And nothing got to do with the expiry date, that was 2026. I'd rather go to Ahmed Bazaar or Anu Stores and buy it myself.",True,"Discusses product trust, quality issues, and preference for offline grocery shopping.",0.98
2343,reddit,2.0,2025-05-05T11:51:06+00:00,All online veggies are below the average quality. Don't order if it is not absolutely necessary.,True,Discusses online vegetable quality and purchase barriers.,0.97
2345,reddit,31.0,2025-01-28T09:11:45+00:00,You can't make more curds (ಹೆಪ್ಪು ಹಾಕುವುದು) With milky mist curds. But nandini works.,True,Discusses product utility and repeat purchase behavior regarding curd making.,0.96
2346,reddit,1.0,2025-01-29T05:32:52+00:00,"I have made more curd with Milky Mist Greek yogurt, Milky Mist skyr and it comes out nicely.

I wonder why the normal curd doesn't work? Any chance they pateurise it because if yes it kills the point of curd.",True,"Discusses product formulation, pasteurization, and curd quality.",0.95
2348,reddit,12.0,2025-01-28T09:02:29+00:00,"Apart from the reasons mentioned by others, one thing that I have noticed is that Nandini curd (₹26) has a use before date of only 2-3 days whereas other curds have a use before date of at least 2 weeks. Other brands are adding something or following some process which keeps their curd good for several days which may contribute to the pricing.",True,"Discusses product shelf life, ingredients, and trust in different brands.",0.96
2349,reddit,1.0,2025-04-20T03:47:47+00:00,"Exactly what I also commented. I checked the ingredients list too, because I felt like Milky mist probably adds something to it. It's thicker, and tastes different. Nandini goes sour if we go beyond the expiry date by a day or two, whereas other brands don't spoil. Strange. Also Nandini is much cheaper for the quantity.",True,"Compares product ingredients, texture, and behavior of different curd brands.",0.96
2350,reddit,10.0,2025-01-28T09:23:56+00:00,you can clearly see quality difference between Nandini Curd and Milky Mist/Heritage,True,Compares product quality differences between dairy brands.,0.96
2351,reddit,8.0,2025-01-28T07:37:21+00:00,"Try Nandini and milky mist curd. Milky mist curd is much thicker and Nandini is very watery. If you get a 1kg packaging of milky mist that comes in a plastic tub, the unit price is even higher than their packets but the curd is very thick. So it's mainly about the quality of the product.",True,"Compares product texture, pricing, and quality across curd brands.",0.96
2352,reddit,10.0,2025-01-28T08:42:23+00:00,"yeah, milky mist is creamy, texture wise, not taste wise.  I take it once in a while but for regular consumption, Nandini.",True,Discusses taste and texture preferences affecting regular purchase decisions.,0.97
2353,reddit,3.0,2025-01-29T04:41:34+00:00,Same. I love Nandini curd taste better also easier to make more curd with leftovers which is not easy with milky mist curd,True,Discusses product preferences and repeat purchase behavior for specific brands.,0.97
2354,reddit,4.0,2025-01-29T15:47:27+00:00,"I have always felt Nandini is bit more natural and has less preservatives.. thats why it has to be consumed by 2-3 days and can also be used to make curds at home by adding to milk.. it gets spoiled post that period like regular curd should.. 

But all other brands add preservatives and other stuff to get texture, thickness and longevity .. and hence a big avoid for me..",True,"Discusses product formulation, natural ingredients, preservatives, and purchase decisions.",0.97
2355,reddit,1.0,2025-01-30T10:17:50+00:00,"Milkymist has no preservatives, my dumb friend thought it has preservatives because it looks white. I asked him, if he has ever tried buffalo milk curd. Milky mist doesn't tell it's a cow milk curd. It's a blended milk curd, with a specific culture they use.",True,"Discusses product composition, ingredients, and milk types.",0.95
2356,reddit,0.0,2025-01-28T19:30:23+00:00,I second that. I like Milky Mist's quality,True,Discusses product quality preferences.,0.95
2357,reddit,4.0,2025-01-28T08:52:28+00:00,"I think if you try to buy Nandini products in other states, it might be priced high(considering all the logistics needed to make it available in other states)… just a guess but iam not sure",True,Discusses product availability and pricing across regions.,0.96
2358,reddit,1.0,2025-01-29T03:07:26+00:00,No. I’m in Tamil Nadu. It’s not available here. Though Nandini good life milk (90 days shelf life) is available which is sold at same price.,True,Discusses product availability and shelf life.,0.96
2359,reddit,6.0,2025-01-28T17:16:28+00:00,Somehow I am not convinced by thick curd theory. We used to get buffalo milk directly from milkman without adulteration but still the curd won't be as thick as these packet ones. I set curd with sid farm milk and it feels like corn flour mixed curd like many dairy adopts this method. Not sure how is it so thick and creamy,True,"Discusses product texture, additives, and skepticism toward packaged curd quality.",0.97
2361,reddit,3.0,2025-01-28T06:42:30+00:00,I think in Dmart we get milky mist for 36,True,Discusses retail channel pricing and product availability.,0.95
2362,reddit,2.0,2025-01-28T08:54:09+00:00,"You get every product at discount there, even the nandini, milky mist self owned outlets won’t give that discount",True,Discusses retail store discounts and shopping behavior.,0.96
2363,reddit,2.0,2025-01-28T11:38:06+00:00,We get nandini curd for 24.25/- from dmart :),True,Discusses retail pricing and purchase channels.,0.95
2365,reddit,2.0,2025-01-28T09:24:43+00:00,"For the pouch all are similarly priced. Amul and Thirumala are cheap too. 
Mother dairy 400g pouch is 34 only. Maybe you saw the plastic box which has thicker curd.


The only one costing much higher is Milky Mist which claims to be of better quality/taste. Not aware how better they are though.


And isn't Nandini sourcing subsidized? I mean the farmers get some subsidy per liter.",True,"Discusses product sizing, pricing, and quality comparisons.",0.96
2367,reddit,1.0,2025-01-28T18:05:28+00:00,Milky Mist stays more in fridge as use by date are more as compared to nandini. I think they use different techniques or add preservatives.,True,"Discusses product shelf life, preservatives, and product information/trust.",0.96
2368,reddit,1.0,2025-01-29T09:56:55+00:00,From where to get Heritage products? I don't get it easily in Bangalore apart from grocery apps,True,Discusses product availability and discovery across grocery apps.,0.97
2369,reddit,1.0,2025-01-29T10:39:02+00:00,BTW Milky mist curd packet which sell for 41 rps is a 400gm packet not 500 gms.,True,Discusses product packaging quantities and pricing information.,0.96
2370,reddit,1.0,2025-02-01T04:26:15+00:00,"Milsky mist and and hatsun doesn't not even look and feel like curd. A proper curd made in home, u can take a spoon and easily get it out like jellly. MM n Hatsun feel too thich doesn't feel like curd at all, it feel like Idly or dosa batter, pasty kind.",True,"Discusses product texture, quality, and user expectations of curd.",0.97
2371,reddit,1.0,2025-04-20T03:46:12+00:00,"I've also noticed that the expiry date of Nandini curd is usually 2-3 days from packaging, whereas Milky Mist lasts 20 days. How so?",True,Discusses product expiry dates and differences in formulation.,0.96
2372,reddit,0.0,2025-01-28T06:02:24+00:00,"Try Hatsun,best curd",True,Recommends a specific product brand.,0.95
2373,reddit,0.0,2025-01-28T09:06:21+00:00,It's 500g for 26rs. Not 400g.,True,Discusses product weight and pricing accuracy.,0.96
2378,reddit,51.0,2025-01-24T17:48:49+00:00,"1. Super Urgent items - Zepto 
2. when guest comes - provision stores 
3. Weekends  - D Mart
4. First week of salary - Lulu Hyper Market 
5. Last week of month - We should spend less debate",True,Details shopping behaviour and user motivations across different platforms based on urgency and timing.,0.98
2379,reddit,4.0,2025-01-24T18:05:37+00:00,Is Lulu hypermarket costly?,True,Discusses purchase decisions and cost considerations for a specific retailer.,0.92
2380,reddit,6.0,2025-01-24T18:27:39+00:00,You get those items which they show you on reels! You get from lulu and leave in freezer!,True,Discusses product discovery and purchase decisions influenced by social media reels.,0.95
2381,reddit,2.0,2025-01-24T20:09:36+00:00,do you really this timeline or this is just theoretical? For me I just buy everything on Blinkit. I go to Supermarket only for a change or to explore or to buy something I am not getting on Blinkit.,True,"Discusses shopping behaviour, online preference, and reasons for category exploration in physical supermarkets.",0.98
2382,reddit,16.0,2025-01-24T17:41:08+00:00,"Till last year it was Online, Now after the kid when i need to take him out its Kirana stores(Ratnadeep et al). So i think it also depends on the age group, I became a uncle and here i am shopping at those stores.",True,Discusses how life stage and user motivations change shopping behaviour from online to physical stores.,0.97
2385,reddit,14.0,2025-01-24T17:54:28+00:00,"- daily      
- at walkable distance      
- advantages of independent house(I'd reach the stores before you'd reach apartment parking)      
- 150 mtrs away",True,Discusses user motivations and shopping behaviour regarding proximity to local stores.,0.94
2386,reddit,7.0,2025-01-24T17:50:12+00:00,Kpn fresh is good for veggies n fruits.,True,Discusses product trust and quality preferences for specific categories.,0.93
2387,reddit,2.0,2025-01-24T17:53:41+00:00,True that and cheap too,True,Discusses purchase decisions based on pricing.,0.91
2388,reddit,4.0,2025-01-24T17:45:01+00:00,"Swiggy for greens(they have been sending really good quality recently), namdhari store for milk products, big basket for packed stuff, licious for non veg. Fruits from vendors nearby vidhan soudha metro station.",True,Discusses shopping behaviour and channel preference split by specific product categories.,0.97
2389,reddit,3.0,2025-01-24T19:55:06+00:00,"Licious is pretty nasty for me, almost always the meat smells pretty bad, fresh2home has been far superior in quality, though most of the times you need to book a bit in advance. I tried licious via both Instamart and direct purchase.",True,"Discusses product trust, quality issues, and purchase barriers for specific grocery platforms.",0.98
2390,reddit,5.0,2025-01-24T17:38:51+00:00,"Bbnow, Instamart and amazon fresh",True,Lists preferred platforms for shopping behaviour.,0.92
2391,reddit,4.0,2025-01-24T17:48:07+00:00,"I always get onion, tomatoes, green chillies, ginger, garlic, bananas from local shop so yeah today morning.",True,Discusses shopping behaviour and channel preference for specific fresh produce categories.,0.95
2392,reddit,4.0,2025-01-24T18:09:08+00:00,"I also live near halasuru Indiranagar and the big basket delivery person comes before i can even watch few reels lying in my bed after placing the order 🤣🤣🤣🥲

But yeah i hate that our area has no decent supermarkets like spar , more or dmart.. the big box ones not the so called lite versions we have here 🫢🤣🤣",True,"Discusses shopping behaviour, delivery expectations, and purchase barriers regarding local store availability.",0.96
2393,reddit,4.0,2025-01-24T18:11:13+00:00,Check out “K Anantaramaiah Setty Sons” near Commercial Street. Been going there for ages. They have pretty much everything you could need!,True,Provides recommendations for physical grocery shopping.,0.94
2394,reddit,3.0,2025-01-24T18:09:53+00:00,"I have numbers of nearby super markets.  Send them lists on WhatsApp, and they deliver home free. Monthly grocery on Amazon, because I get good cashbacks
 No quick commerce at all, I follow that as a rule.",True,"Discusses shopping behaviour, channel preferences, and purchase decisions avoiding quick commerce.",0.97
2395,reddit,3.0,2025-01-24T18:11:54+00:00,"Milkman gives milk in the morning. Rice from a close by Annapoorna store.   
  
Rest all shopping now only on Blinkit. Card discounts. More variety. Costs more or less the same, get it home quicker than what it would take me to drive to the store and back home. 

Recently went to a supermarket near my house cos my mom wanted to go and see how it is after almost 1 year, and we promised never to go again. Bad quality products. Favouritism for customers from their community. Slow billing and chatting. Smell from the meat section. Bad hygiene. All in all, I'll be sticking to quick commerce for now.",True,"Discusses user motivations, repeat purchases, discounts, and purchase barriers against physical supermarkets.",0.98
2396,reddit,3.0,2025-01-24T18:47:22+00:00,"Preferred sequence.

1. Bigbasket. (Bbnow if needed urgently, bbsaver for regular orders). 
2. More/reliance stores.
3. Other local supermarkets. 

(No kiranas coz I simply don't like the concept of asking a person on counter to give items one by one , but instead prefer taking my own time to compare and load my cart).",True,Discusses shopping behaviour and user motivations comparing online comparison vs kirana counter service.,0.98
2397,reddit,3.0,2025-01-25T13:11:39+00:00,"I have 4 SIM cards in both android and IOS.  Compare rates and order. When you don’t order for 10-15 days from a device, they start giving you retention offers which is 20-25% cheaper than offline price by burning their VC money. So every time I order, I get around 200-250 off on 1000-1500 bucks purchase.",True,Discusses purchase decisions and user motivations driven by retention offers and discounts.,0.96
2398,reddit,2.0,2025-01-24T18:44:55+00:00,"I live in Ulsoor and I just get everything from Zepto, Swiggy and Blinkit",True,Discusses shopping behaviour and platform usage.,0.93
2400,reddit,2.0,2025-01-26T13:35:07+00:00,"Whichever is cheaper. Packaged items like biscuits, masalas, oils, etc are almost always cheaper online, as in offline stores, they are sold at M.R.P. Eggs, fish, etc., are much costlier online, so they are sold in local stores. Vegetables are a toss-up.",True,Discusses purchase decisions based on price comparisons between online and offline channels across categories.,0.97
2401,reddit,1.0,2025-01-24T17:50:00+00:00,"Kirana and supermarket is outdated syllabus. Sorry to say this, tech some time works in a very mysterious way.",True,Discusses shifting shopping behaviour towards tech platforms.,0.94
2402,reddit,1.0,2025-01-24T17:55:51+00:00,"Go to the kirana shop on weekend , buy veggies and fruits. Monthly groceries from dmart. Meats from f2h shop. Any urgent things-&gt; zepto or other online delivery app.",True,Discusses shopping behaviour and channel splitting based on urgency and category.,0.96
2403,reddit,1.0,2025-01-24T18:11:03+00:00,"Depends on the items and urgency. I generally go to nearby kirana stores for daily items like vegetables, fruits, milk etc. But for other things, I use instamart like once a week. For non-urgent and monthly ration, Flipkart Grocery or Amazon Fresh. 

DMart sometimes if wife wants to shop.",True,"Discusses shopping behaviour, urgency factors, and channel choices across multiple apps and stores.",0.97
2404,reddit,1.0,2025-01-24T18:13:43+00:00,Star bazar and Dmart,True,Mentions preferred shopping destinations.,0.9
2405,reddit,1.0,2025-01-24T18:21:02+00:00,Huge super market 1 km from my place. I go there once a week and get everything. A mini supermarket in my complex as well for urgent items,True,Discusses shopping behaviour based on store proximity and frequency.,0.95
2406,reddit,1.0,2025-01-24T18:22:21+00:00,"- Dmart ready most packaged groceries
- vegetables from local carts
- biseri cans from a nearby supermarket (free delivery if order also contains groceries, vegetables, fruits etc)
- meat from nandus store
- bakery items from Iyengar bakery (becoming expensive lately)


All shops under 1km radius :)",True,Discusses category-wise shopping behaviour and sourcing channels.,0.96
2407,reddit,1.0,2025-01-24T18:38:08+00:00,"DMart has online!! Its the same prices, do people not use it?",True,Discusses shopping behaviour and awareness of online platforms.,0.92
2408,reddit,1.0,2025-01-24T18:44:27+00:00,"If you want to buy fresh veggies, try Hopcoms. I know the ones in Indiranagar are really good.


I prefer getting last minute groceries through Zepto / Instamart.
Once a month we go to MK Retail for all other groceries and to browse new items.
We buy fresh veggies daily from local stores only - I avoid buying veggies from delivery service. Probably root-cut green leafy veg maybe. It also works out to be cheaper buying at local stores - you can pick up exactly how much you need, and over time store owners give you discounts and small items like chilli / ginger for free.",True,"Discusses shopping behaviour, category exploration, trust in fresh produce, and relationship-based discounts.",0.98
2409,reddit,1.0,2025-01-24T19:04:43+00:00,"Bigbasket 

Or home delivery by local grocery. 

Haven’t been to an actual grocery shop since Covid",True,Discusses long-term shift in shopping behaviour away from physical stores.,0.96
2410,reddit,1.0,2025-01-24T19:06:46+00:00,"- Monthly grocery from Buy n Save, Malleswaram 
- Wheat flour - I buy 30kg of wheat and get it grinded as per our liking 
- Weekly veggies from local shop 
- Breads from Iyengar Bakery",True,Discusses category-specific shopping and processing behaviour.,0.94
2411,reddit,1.0,2025-01-24T19:30:00+00:00,"If urgent, Zepto/instamart,
Else: StarBazar or Dmart.",True,Discusses shopping behaviour based on urgency.,0.95
2412,reddit,1.0,2025-01-24T20:28:18+00:00,Zepto super for monthly ration cheaper then dmart in most cases . Then veggies and fruits from local vendors . Non veg from local butchers . Bakery items form the local bakery.,True,Discusses shopping behaviour and channel selection for monthly rations vs fresh items.,0.96
2413,reddit,1.0,2025-01-25T00:25:18+00:00,"Flipkart grocery. Easy delivery to high floors, no need to go down collect bags, no unnecessary calling",True,Discusses user motivations and purchase decisions favoring online grocery delivery for convenience.,0.97
2414,reddit,1.0,2025-01-25T01:05:09+00:00,"I never order online, I go out and buy stuff be it vegetables, fruits or groceries. The market and stores are walk able distance.",True,Discusses shopping behaviour and user motivations completely avoiding online orders.,0.96
2415,reddit,1.0,2025-01-25T02:45:15+00:00,"for super urgent stuff, bbnow. Month start - MRP items on big basket (use credit card offers), General provisions - local shop nearby (he delivers home + cheaper than online + great quality).  I also live in Indira nagar area.",True,"Discusses shopping behaviour, urgency factors, credit card offers, and local store preference.",0.97
2416,reddit,1.0,2025-01-25T03:39:57+00:00,Star bazar and dmart,True,Mentions preferred shopping destinations.,0.9
2418,reddit,1.0,2025-01-25T04:41:17+00:00,"Just today morning I went out to local vegetable shop to bring kottambari soppu and chicken fry masale, I tried to pitch zepto and Blinkit to my parents and I was sent out with a slap one fine day, so practically healthwise and what's good for society wise please visit your nearest Kirana or supermarket and make them rich don't encourage these puny quick commerce leeches.",True,Discusses purchase barriers and social/family motivations against quick commerce usage.,0.95
2419,reddit,1.0,2025-01-25T04:51:58+00:00,"A mix with more towards online. We live in Brookefield with lots of supermarkets and delivery apps abound. 


Bigbasket for planned purchases like veggies, milk, fruit and staples. Get orders delivered 2-3 times a week.

Fresh to home for raw fish and chicken.


Use instamart for urgent essentials, uninstalled Zepto after needless notifications and spam.

Local provision stores are basically swanky supermarkets where we buy discretionary stuff like occasional ramen, cakes , humus, personal care items....visits to these are once or twice a week.",True,"Discusses shopping behaviour, app uninstall reasons, category-specific platform usage, and store visit frequency.",0.98
2420,reddit,1.0,2025-01-25T05:44:14+00:00,I also shop from the supermarkets for monthly shopping but I also visit toys or a thrice to the grocery small shops I feel it is a good habit and that teach you the patience,True,Discusses user motivations and shopping habits for physical store visits.,0.94
2442,reddit,269.0,2024-12-26T06:33:51+00:00,Blinkit makes Rs. 178 more on every unit sold for customers who don't notice the fraud and Rs. 78 on every customer who they get to agree.,True,"Discusses pricing strategies, hidden charges, and customer purchasing trust.",0.96
2444,reddit,8.0,2024-12-26T17:55:14+00:00,"Love your website. Found an interesting use-case for your website. Not just price but product availability as well. 

Eg. I want to find coke zero or lets say a specific product which is not quite common, it saves a lot of time searching on your website. UX can be optimized but it is really helpful. Keep up the good work.",True,"Discusses product discovery, product availability, and search experience.",0.99
2445,reddit,4.0,2024-12-26T12:28:21+00:00,"interesting website, any chance of seeing Mailasandra, blr there?",True,Discusses service location availability and expansion for shopping.,0.95
2446,reddit,5.0,2024-12-26T18:31:36+00:00,"It’s also possibly because of tobacco products not being available on Android, and only ios, so maybe they use this to differentiate",True,Discusses product availability differences across operating systems.,0.94
2447,reddit,3.0,2024-12-27T04:13:29+00:00,please add 560037 pincode as well,True,Discusses service availability and delivery pincodes for ordering.,0.95
2448,reddit,99.0,2024-12-26T06:45:22+00:00,"I just don’t buy anything from any quick scammers app, go to near by store and buy it yourself. It’s cheaper that way",True,"Discusses purchase barriers, cost comparisons, and user motivations away from quick commerce.",0.98
2449,reddit,24.0,2024-12-26T06:46:38+00:00,"Absolutely, this was never an issue at a local store.",True,Discusses purchasing from local stores versus quick commerce.,0.92
2452,reddit,41.0,2024-12-26T06:43:03+00:00,"If they truly believe that the value of 1L of oil is free in today's world, they should list it with MRP as Rs 0. Need to haul these asses to consumer court.",True,Discusses pricing transparency and consumer complaints regarding product listings.,0.95
2459,reddit,22.0,2024-12-26T07:04:19+00:00,"My wife and I always have arguments on these delivery apps. I argue that if you need anything you till me and I will get it, the shops are hardly 200 meters from home. You always have to order more than what is needed for the ""free delivery"" 

Same goes for food delivery. I have stopped ordering food and just go to nearby restaurants to order takeaway. Works out way cheaper. 

The only time I order something from these apps is when I need some otc medicines and I can't go out due to work or when I'm at work.",True,"Discusses user motivations, purchase barriers (minimum order value for free delivery), and shopping behaviour.",0.98
2461,reddit,11.0,2024-12-26T06:56:34+00:00,"Take the 100,hassle more,next time for such offers put Cash on Delivery,check the items ,if it’s not up to date tell them to fuck off and fuck themselves,I make them wait outside with the bag and casually tell the people to give me what was promised or fuck themselves,after some frustrated calls later the missing item appears magically,I go by my merry day.I do this since the day I saw Blinkit send a half gram gold coin instead of one gram and closed the help chat abruptly when asked,on this same sub on Akshaya tritiya.",True,"Discusses trust in products, verification during delivery, and repeat purchase barriers due to missing items.",0.94
2463,reddit,7.0,2024-12-26T07:07:44+00:00,The obvious reason why local stores need to get their visibility online so that they can offer the same convenience you get from q-commerce apps.,True,Discusses local store online visibility and convenience compared to q-commerce apps.,0.95
2466,reddit,3.0,2024-12-26T08:00:58+00:00,I used to purchase a brand of brown eggs on blinkit and never for anything else. On one occasion almost five eggs were broken. CC asked me to share image and they refunded appropriately. The next time more than half of the thirty eggs were broken to some extent. This time they refunded only for six eggs despite showing evidence. CC person was very rude and dismissive. For me this was enough to uninstall the app and never used it since.,True,"Discusses product quality issues (broken eggs), poor refund handling, and why the user stopped repeat purchases and uninstalled the app.",0.99
2471,reddit,2.0,2024-12-26T07:54:12+00:00,"I got the free one 2 days ago when I ordered 1L said not for sale, but I didn't wanna go through the hassle of returning and getting the new one.",True,Discusses promotional items and purchase decisions/barriers regarding returns.,0.9
2474,reddit,2.0,2024-12-26T09:00:40+00:00,"Post it on twitter if not already. Call me old fashioned, I still visit shops if something is needed or monthly my wife goes to D-Mart or Star Bazaar.",True,"Discusses shopping behaviour, preference for physical retail, and alternatives to quick commerce apps.",0.96
2475,reddit,2.0,2024-12-26T11:44:06+00:00,"OP, never prepay your online orders, when the delivery agent is at your house, you can pay through UPI, if the order is wrong, don't pay.",True,Discusses payment methods affecting purchase decisions and risk mitigation.,0.85
2476,reddit,2.0,2024-12-26T12:36:55+00:00,Had the exact issue on a similar oil product with instamart. When raised a complaint they said they will refund 50 rupees since it's free product. Then I raised it in NCH post which they gave me the refund of a 1 lt cost,True,Discusses product quality issues and trust in products.,0.8
2478,reddit,2.0,2024-12-26T17:58:04+00:00,"Blinkit had been advertising me free coke, free coke on 1st order. I made an order, they did not give any coke. When asked they told, you have to manually find the eligible product and then apply a code. I told, can I get it in next order? They are saying, sorry, only on 1st order.

Uninstalled it immediately. Never installed again.",True,"Discusses promotional offers, user expectations, and factors leading to app abandonment (purchase barrier).",0.95
2480,reddit,2.0,2024-12-27T03:45:13+00:00,"I ordered 4 shimla apple. but 1 out of them is low quality apple. its completely different from other 3 apples in taste (sweetness), texture and water content. in telugu we call that apple ‘pindi kaaya’. their cost is 120 per kg. they mixed that low quality apple in high quality apples.",True,"Discusses product quality, product information mismatch, and trust in products.",0.98
2481,reddit,2.0,2024-12-27T05:38:53+00:00,I have seen this happen with fruits and veggies. Also never order 2 packs of the same.....they will give one good and one bad,True,Discusses shopping behavior and trust regarding buying multiple packs of fresh items.,0.95
2483,reddit,2.0,2024-12-27T07:41:32+00:00,"Always pay COD, check items and then pay else refuse the order.",True,Discusses purchase decisions and payment methods based on product verification.,0.9
2484,reddit,2.0,2024-12-27T08:36:27+00:00,Payment on delivery,True,Refers to payment methods at purchase.,0.75
2487,reddit,2.0,2025-08-31T06:44:09+00:00,Blinkit does not have any proper customer support and delivery agents are worst I am feeling treated and planning to stop buying online yesterday I am sharing an incident where delivery boy abused me I was helpless as I was not at home and other person received my order the delivery agent called and told he is at my location I told him to deliver he told I am in front of mutton shop no mutton shop in front of my house I told him to deliver little bit front delivery partner was abusive and started treating me no panic button in blinkit app and second no immediate customer support feeling like not to order via online with such incidents I am questioning ecommerce companies about safety of customers and background information and trust issues please beware before buying online no one to support us if someone happened to us tomorrow due to revenge,True,Discusses safety concerns and trust issues that directly affect purchase decisions and behavior towards online shopping.,0.9
2494,reddit,50.0,2024-11-14T11:11:16+00:00,"Now you'll tell that the prices in the menu in restaurants are lower compared to the one in Swiggy/Zomato. 

That's the basics of quick commerce. You are paying a premium for the convenience of sitting at home and having stuff delivered at your doorstep. In some cases, it's 20% and others 100%.",True,"Discusses pricing strategy, convenience premium, and user motivations for using quick commerce.",0.95
2495,reddit,7.0,2024-11-14T12:12:52+00:00,"I thought that OP mentioned that convenience charges like delivery, packaging are charged or added separately on top of the unit price.

So it does seem there's a premium not justifying enough. Of course there would be a denial hidden behind the factor of ""convenience"".

I mean, yes - do your business and make money from the platform fee, delivery charges, packaging charges etc. But why shoot up the commodity prices itself? Unless they know that they're selling to folks who might not really question if things are hidden in the name of convenience by PR &amp; Marketing.",True,"Discusses pricing transparency, hidden costs, and purchase decisions.",0.95
2496,reddit,4.0,2024-11-14T13:00:01+00:00,Yes true and because we are always inside this ecosystem we actually don’t know the market prices and hence no way to benchmark and make a conscious purchase. That is what they are taking advantage of.,True,"Discusses shopping behavior, benchmarking, and how lack of market price awareness impacts conscious purchases.",0.97
2497,reddit,4.0,2024-11-14T16:11:35+00:00,"Because same people don't like 3/- platform fee will pay 20/- above menu price. Hidden cost makes sense for this reason.

Remember good old days when Uber showed your price is 1.5x due to surge and people made fuss? Now Uber still charges surge but doesn't show 1.5x factor and fuss is gone.

Root of all evil are we the people.",True,Discusses consumer pricing psychology and purchasing barriers related to hidden fees.,0.95
2498,reddit,2.0,2024-11-15T02:44:30+00:00,"Used to order from a place on swiggy Zomato.. 

Total charge used to be 256rs.. 
Went to hotel myself and ordered same item.. bill: 140rs",True,Discusses price comparison between online and offline channels affecting purchase decisions.,0.9
2499,reddit,1.0,2024-11-15T01:17:57+00:00,That is not how they are positioned and most people are not aware of these huge difference in prices.,True,Discusses user awareness of price differences on platforms.,0.85
2500,reddit,14.0,2024-11-14T10:45:10+00:00,I tried ordering an ice cream cake from ibaco for which zomato showed around ₹1400/- for a 0.600KG cake. I went to the store and got it for ₹960/-. That was like quoting 50% more😱 by zomato.,True,Provides a direct price comparison example influencing purchase decisions.,0.9
2501,reddit,8.0,2024-11-14T10:49:20+00:00,"Also I needed a mobile phone urgently and went to a local store to get it, as online would take time.. I got it for ₹15500(with backcover, tempered glass) and the store guy even threw me a noise earbuds(works pretty good) as a compliment… same phone is being listed for ₹15000 in amazon without any compliments like back cover, tempered glass.. that’s when I realised we can get it cheaper offline as well and also quickly in this case",True,Discusses channel selection for purchases based on price and bundling.,0.85
2502,reddit,10.0,2024-11-14T12:35:31+00:00,"Quick Commerce is really good for every item other than fruits and vegetable. Madivala/bommahalli was anyway always cheaper. Local shops near Sarjapur, bellandur and HSR charge almost same price as quick commerce.

I will suggest you to start using Zepto super saver. You will stopped doing any grocery/fruits shopping from outside. Only cons is min 1000 order.",True,"Discusses category-specific shopping behavior, platform recommendations, and purchase barriers (minimum order value).",0.98
2503,reddit,2.0,2024-11-14T16:12:47+00:00,MRP is life saver for things like that in India.,True,Discusses role of MRP in shopping decisions.,0.8
2504,reddit,5.0,2024-11-14T14:35:03+00:00,My price analysis across all top Qcomm platforms. https://imgur.com/a/NiHRIGN,True,Shares price analysis across platforms which directly informs purchase decisions.,0.9
2505,reddit,1.0,2024-11-15T01:26:10+00:00,I’ll start buying from local market.,True,Indicates a shift in shopping behavior away from online platforms.,0.9
2507,reddit,3.0,2024-11-14T14:05:18+00:00,Had exact same experience last week. I was able to fill my whole fridge with just 500 bucks from channasandra market. Same used to cost like 1-1.5k usually on big basket/instamart.,True,"Discusses shopping behavior, cost comparison, and channel choice for groceries.",0.95
2508,reddit,5.0,2024-11-15T02:41:29+00:00,Ppl really need to understand that these apps are selling convenience and that is costly in a city like bangalore. There is no big market near my place and the price difference is very minor compare to local vs online.,True,Discusses user motivations (convenience) and factors influencing purchase decisions.,0.95
2509,reddit,2.0,2024-11-15T02:49:52+00:00,A weekly visit on Saturday or Sunday is a solution.,True,Discusses alternative shopping behavior (weekly market visits).,0.9
2510,reddit,2.0,2024-11-15T03:09:28+00:00,Madiwala market is open only on weekends? Or everyday?,True,Discusses alternative shopping behavior and local market availability.,0.8
2511,reddit,3.0,2024-11-14T18:07:48+00:00,If your local Kirana store goes online tomorrow and provides delivery within 4-8 hours would you buy from them over q-commerce?,True,Discusses user preference and potential shifts in shopping behavior if local stores offered delivery.,0.95
2512,reddit,2.0,2024-11-15T01:33:15+00:00,I definitely would. Hope there is a ONDC type delivery for groceries.,True,Discusses user shopping preferences and alternatives to quick commerce.,0.9
2520,reddit,3.0,2024-11-15T04:13:14+00:00,Madiwala has always been cheaper than other localities like HSR or Koramangala. Compare with other areas to get a proper idea.,True,Discusses local pricing variations impacting shopping behavior and price perception.,0.85
2521,reddit,3.0,2024-11-15T05:42:44+00:00,"Bad example. Vegetables are worst thing to buy in quick commerce. Whereas FMCG products are the best.

That too, if you opt for a slower mode like offered by Bigbasket, you get the market prices.",True,"Discusses category-specific shopping behavior (avoiding vegetables, buying FMCG) and slower delivery options.",0.97
2522,reddit,2.0,2024-11-14T13:13:25+00:00,"What's the price of onions, green chillies and lemon in the market these days? Also, most of the time one or two items are not available in the market or not of good quality. For that, you have to buy from apps which defeats the purpose.",True,"Discusses purchase barriers, product availability, and motivations for using quick commerce despite price differences.",0.95
2523,reddit,3.0,2024-11-14T13:17:58+00:00,"Madiwala market Onion 40 per kg, Green chilli 60 per kg, lemon 16 for 5 nos 

On Zepto onion 92 per kg, green chilli 230 per kg and lemon 43 for 5 nos. 

Green chilli is 283% more than market price",True,Provides concrete price comparisons across specific categories affecting purchase decisions.,0.95
2524,reddit,2.0,2024-11-14T18:01:30+00:00,"The problem is the unethical way of injecting prices on the items directly instead of showing exactly how much they’re charging for convenience. People get the impression that the items are costly itself and convenience charges are something we can afford (handling/platform/delivery,etc). If they start showing the actual convenience cost, they’ll see a dip in their revenue almost immediately.",True,"Discusses pricing transparency, psychological purchase barriers, and how hidden fees impact consumer trust and demand.",0.98
2529,reddit,1.0,2024-11-15T05:15:31+00:00,"Qcomm makes sense only for certain items that may not be available in your local market. 

Like a certain brand of sphagetti or parmesan cheese etc.

For day to day stuff your local market is much better than Qcomm",True,User explains purchase motivations and when quick commerce is preferred versus local markets.,0.98
2539,reddit,3.0,2024-11-01T19:48:46+00:00,I find them shady too - lots of expired products and return/ refund process isn't quick.,True,Discusses trust in products due to expired items and refund processes affecting purchase decisions.,0.95
2543,reddit,1.0,2024-11-02T14:47:37+00:00,I had the same experience on Swiggy Instamart for a missing item. Moreover they placed restrictions on the item I could order like no Diary product etc,True,Discusses missing item experience and category-specific ordering restrictions affecting purchase decisions.,0.92
2552,reddit,1.0,2025-10-03T14:39:42+00:00,I am also searching them in bangalore,True,Discusses product availability search across platforms.,0.85
2553,reddit,1.0,2025-10-03T14:40:18+00:00,"Found them on Zepto, Blinkit and Swiggy Instamart. 
Also at HAL :)",True,Discusses product availability across quick commerce apps like Zepto and Blinkit.,0.95
2561,reddit,41.0,2024-07-16T17:31:25+00:00,"They didn't use Hindi to handle the customer/complaint. 
The complaint was about the notification that the app sent them, which was some wannabe clever joke in Hindi (typed out in English). And the customer got angry as to why the ""alien language"" is being thrust upon them.

Edit: Attaching the tweet from the customer: https://x.com/Metikurke/status/1812866649243939293?t=p-a16OU1-e8t05ap2H8upw&amp;s=19",True,Discusses app notification copy and marketing messaging content.,0.88
2571,reddit,130.0,2024-07-16T13:30:05+00:00,"Zomato/Blinkit are notorious for this. A lot of their copies and ads are Hinglish. Even to a Hindi speaker, it may take a couple seconds to understand if they are not used to it",True,"Discusses marketing copies, ads, and app personalization/content language.",0.92
2572,reddit,20.0,2024-07-16T16:55:01+00:00,Depends on the customer base I would say. Ordering food online is mostly done by immigrants who do not have family in the city.,True,Discusses user motivations and customer base characteristics for online ordering.,0.9
2574,reddit,56.0,2024-07-16T13:36:11+00:00,"That dumbass message did not need to be sent in Hindi.

If they really want to send it in Hindi, send it in bloody Devnagri. 

It's not rocket science to send messages based on the locale selected by the app.

  
The complainer is obviously being hilarious, saying ""gaya"" is scary. But if nobody kicks up a fuss then we will be stuck learning a useless language that has no practical benefit for us.",True,Discusses app notification messaging and marketing communication strategy.,0.88
2596,reddit,2.0,2024-07-17T11:00:49+00:00,Uninstall blinkit and goto a supermarket or grocery store near your home,True,Discusses user churn and shifting purchase decisions to local supermarkets.,0.92
2599,reddit,70.0,2024-05-18T12:58:33+00:00,"Edited comment from earlier:

The services provided by delivery companies has more marginal cost than what we are pay. Because VCs had provided the burn money to get more customers it remained hidden. Quick refunds, more delivery fleet for fast and midnight etc was part of this whole setup.

Many VCs now know that the market size for these services in India is small. So, VC funding is drying up. To remain alive these companies now need to become profitable. For that they need to try and extract that marginal cost. This can be through:

1. Smaller fleets to reduce cost. This causes delivery times to go up.
2. Bunching many orders to save costs on fleet size. This again causes delivery times to go up.
3. Asking extra money if bunching isn't opted by customers.
4. Saving costs spent on replacing food or issuing discount coupons. This causes customer support quality to go down. Extra checks on claims, asking for pics, emails etc.
5. Increasing cart value requirements to generate more revenue.
6. Hiking prices on subscriptions. Because buying subscription is an indicator that you can afford to pay more for the same service. It is counter intuitive but true.

The unfortunate thing is that we have become very dependent on these companies. I use Swiggy and Bbinstant a lot. It has been a fun ride but the future does look bleak.",True,"Discusses business economics affecting delivery costs, pricing, cart values, and subscription models impacting purchase decisions.",0.96
2602,reddit,2.0,2024-05-18T13:21:42+00:00,Or maybe keep storage centres in hotspots,True,Discusses dark store placement affecting product availability and service.,0.8
2604,reddit,19.0,2024-05-18T14:07:57+00:00,"At least Blinkit seems to have some serious logistics problem. Their warehouse is very close to my apartment (less than 500 meters) and folks are sitting idle on their bikes usually. But when I try to order on app, it says over 2 hours due to high transactions!",True,Discusses product availability and delivery time barriers despite proximity to dark store.,0.91
2605,reddit,3.0,2024-05-18T18:06:41+00:00,I guess that's a business strategy... And it's rarely that guys see though it. They might be using it to make you feel that they are highly demanded which can be related to quality and hence make you order more,True,Discusses business strategies affecting user purchase decisions and perception of demand.,0.89
2606,reddit,2.0,2024-05-19T07:31:49+00:00,I think it's more likely that the dark store in this person's situation has not been properly set up or perhaps is a specialty one that doesn't have the items that OP is ordering.,True,Discusses dark store setup and inventory availability impacting order fulfillment.,0.9
2614,reddit,2.0,2024-05-19T05:41:21+00:00,"Yup. I completely stopped ordering from BBNow as they almost never delivered on time in spite of having a warehouse right in my area. 
At least Instamart seems to be more punctual where I live.",True,User explains why they stopped ordering from a platform due to delivery issues impacting purchase decisions.,0.92
2622,reddit,6.0,2024-05-18T18:37:52+00:00,"Please stop trying to bring the tipping culture in India.

Also, the 20 rupees adds up really fast once you after ordering in multiple times a day. 

If it costs more to pay the workers, maybe the app should factor that in when showing prices instead of asking for tips.",True,Discusses hidden fees and pricing transparency directly influencing purchase decisions.,0.88
2625,reddit,196.0,2024-05-06T08:24:33+00:00,Everything. Been ages since I went to a store and bought groceries or veggies.,True,Discusses shift in shopping behaviour from physical stores to quick commerce for groceries and vegetables.,0.98
2626,reddit,93.0,2024-05-06T08:36:25+00:00,"Don't you miss the evening walk to the road end for some vegetables/milk for tomorrow? 

It's a household routine of ours. Finish work, come home, go for a walk have some coffee/tea chit chat under the tree for a while, say hi to some neighbors, buy vegetables for tomorrow.",True,Discusses traditional shopping routines and motivations against quick commerce.,0.95
2630,reddit,12.0,2024-05-06T10:30:00+00:00,"Lucky you. Office calls end at 10 PM for me. By that time all the stores close, instamart or Blinkit is the only option left to order groceries on weekdays.",True,Explains user motivation and purchase decisions driven by late working hours.,0.97
2635,reddit,10.0,2024-05-06T08:42:01+00:00,"Where you stay you dont have a shop at the end for such last minute items? Where I am and everywhere ive lived in bangalore at the road end (\~50m away) i will get all fruits, vegetables, milk, eggs, grains, dal, medical products etc",True,Discusses purchase barriers and local store availability versus ordering.,0.96
2636,reddit,44.0,2024-05-06T08:52:41+00:00,"I have a shop 2 floors down and 20 metres walk away. But I am just lazy, so lazy to tell you how lazy I am.",True,Explains user motivation and behavior (laziness) for ordering despite having nearby shops.,0.98
2637,reddit,7.0,2024-05-06T08:49:48+00:00,Gotta reach that 200rs limit,True,Discusses minimum order limits affecting purchase decisions.,0.97
2638,reddit,9.0,2024-05-06T09:14:50+00:00,"Mine is today want to make ‘paneer’, mostly paneer dish or panner biryani that triggers Blinkit/Zepto (ghar pe veg he banta hai and wife loves my biryani). Then pudina, dahi and what not gets added just to fulfill the minimum order to avoid a delivery charge.",True,Explains basket building behavior to fulfill minimum order value to avoid delivery charges.,0.99
2639,reddit,66.0,2024-05-06T08:33:46+00:00,"I buy variety of items from these platforms like cigs, lighter (rarely), rolling papers (when I'm out of stock), Mountain Dew, Peppy Chesse Balls and whatnot. Thank you to these platforms I'm becoming quite good at being lazy!",True,"Discusses shopping behaviour, product categories purchased, and motivations for convenience/laziness.",0.98
2640,reddit,13.0,2024-05-06T09:39:23+00:00,Peppy Cheese balls 🤌🏼,True,Discusses specific product preferences.,0.88
2641,reddit,4.0,2024-05-06T11:46:30+00:00,"lol every morning I order something to drink and cigarettes from Blinkit. Also they have a better collection of rolling paper whenever you are in a bind. Zepto used to be good, now they don’t have that many options.",True,"Discusses repeat purchases, product catalog options, and category comparison with competitors.",0.97
2643,reddit,46.0,2024-05-06T08:59:58+00:00,To buy condoms and large-size Harpic at the same time.,True,Discusses specific categories and basket composition for instant delivery.,0.95
2648,reddit,40.0,2024-05-06T08:22:57+00:00,Every grocery item. The local market folks have heavy markups on veggies and fruits. So I buy them here.,True,Discusses purchase decisions based on pricing and local market markups.,0.98
2653,reddit,29.0,2024-05-06T08:29:08+00:00,mostly everything. they have a print shop too so that's major W,True,Discusses shopping behavior regarding new category exploration (print shop service).,0.97
2659,reddit,18.0,2024-05-06T09:02:45+00:00,Cigarettes !!! No better convenience than getting cigarettes delivered in between of all my WFH meetings and calls,True,Discusses user motivations and shopping behavior during work hours.,0.97
2660,reddit,17.0,2024-05-06T08:18:04+00:00,"I use for any packaged items, like rice or munchies
For fruits and vegetables and I will physically buy them",True,"Discusses shopping behavior, category preference for online vs physical stores.",0.98
2662,reddit,13.0,2024-05-06T09:22:16+00:00,"I use BBNow, minimum is only Rs 100 and they do free delivery for now. With around 10% returned as NeuCoins, I guess it adjusts any markup they’d be doing. 

Pretty much use it for everything. I find the service really good.",True,"Discusses shopping behaviour, pricing incentives (NeuCoins, delivery fees), and platform comparison.",0.97
2663,reddit,9.0,2024-05-06T09:12:09+00:00,"For emergency items

What a joke you can get there an i-pill but not on pharmacies or hospital 🤧",True,Discusses product availability and emergency purchase motivations.,0.96
2664,reddit,4.0,2024-05-06T09:41:32+00:00,Specially curated items list,True,References curated item lists which impacts product discovery.,0.91
2665,reddit,7.0,2024-05-06T08:51:08+00:00,"Surprisingly few cheaper than mrp, easy buy then, especially when delivery is free",True,Discusses purchase decisions influenced by pricing below MRP and free delivery.,0.97
2666,reddit,6.0,2024-05-06T09:13:12+00:00,"Nothing at all.. I normally buy staples through Amazon. Prefer to pick fresh produce myself from stores.. don't like the aggregator's quality .. usually pretty bad. Inhave shops within a km of my place, go to those on my scooter if there is a real emergency",True,Discusses why user does not explore categories or buy fresh produce online due to quality trust issues.,0.98
2667,reddit,6.0,2024-05-06T09:19:12+00:00,2 packet dudh nd  uske liye baki 1000 ka smaan 🥲,True,Discusses basket building behavior to meet minimum order values for small essential purchases.,0.96
2668,reddit,4.0,2024-05-06T09:14:52+00:00,"Stash pro, rolled papers, Gold flakes honey dew, Indie Mint and Condom.",True,Discusses repeat purchases and specific product categories ordered.,0.95
2669,reddit,3.0,2024-05-06T09:25:06+00:00,"These platforms have discounts on pricier items, that you can never get at supermarkets. For eg 2L detergent packs are like 120/- cheaper on Blinkit.",True,Discusses purchase decisions influenced by discounts on pricier items compared to supermarkets.,0.98
2670,reddit,6.0,2024-04-15T10:16:14+00:00,"When I buy veggies and fruits, I out a lot of care and attention to pick the good ones. I don't think it makes sense for these delivery services to do that. After all, existing inventory has to be sold...",True,Discusses trust in products and purchase barriers for fresh produce categories.,0.97
2671,reddit,2.0,2024-04-15T10:20:25+00:00,"Am i the only person who still just goes for a pleasant evening walk and buys everything i need? Seriously. We live in dense ass cities. What are you all doing in the evening that you are so damn busy you can't walk around your locality and buy stuff?

Within a 10 minute walk I have: pharmacy, fruits/vegetables, nandini, provision store, hardware, tailor, coffee roaster, tea, protein powder, phone shop, shoes, wine, barber, supermarkets, pet shop, the list is endless.

Do we live in different realities? Most bangalore neighborhoods have these shops. Most of bangalore is pleasant to walk in, especially in the evenings and within your own neighbourhood. And i know im not some crazy person because when i go to these shops they are full of other normal people doing their normal weekly shopping.

So is this just some weird reddit bubble of acting as if online is the only way to purchase goods now ??",True,"Discusses shopping behaviour, purchase barriers, and reasons for not using online delivery platforms.",0.96
2672,reddit,3.0,2024-04-15T11:13:46+00:00,"&gt; Most of bangalore is pleasant to walk in

Not where I live. My apartment is directly in front of a main road, and there is heavy traffic and idiot motorcycle guys driving on the footpath at almost any time. There are also cows and street dogs roaming around and the street is disgusting with discarded vegetable scraps from street vendors and cow dung.",True,"Discusses purchase barriers for physical shopping, explaining motivation to use delivery services.",0.95
2674,reddit,1.0,2024-04-15T10:30:32+00:00,We don't have a fruits/vegetable shop or supermarket within 10 min walk. So there are area outside the main neighbourhoods and depend on these services.,True,Discusses product availability and geographic purchase barriers driving dependency on delivery services.,0.97
2680,reddit,41.0,2024-03-24T11:59:41+00:00,"I actually open all the grocery apps and order wherever it's cheap. Blink,zepto, bigbasket,instamart, Flipkart,amazon fresh,.",True,Discusses shopping behavior of opening multiple grocery apps to order wherever it is cheapest.,0.98
2682,reddit,36.0,2024-03-24T12:21:58+00:00,"https://github.com/niranjanjgowda/Shoppers-Search I made something similar for Amazon, Flipkart and ebay",True,Relates to search experience and cross-platform shopping comparison tools.,0.9
2683,reddit,5.0,2024-03-24T12:28:19+00:00,Possible for app to search all these apps with your code?,True,Discusses search functionality across multiple shopping apps.,0.9
2684,reddit,29.0,2024-03-24T12:54:24+00:00,"hosted it on a cheap aws machine: [https://9minutes.in](https://9minutes.in)

(excuse the UI, it has some rough edges)

Edit: added Whitefield, Indiranagar, Hsr, Marathalli, Hebbal, Malleswaram (choose closest to your location)",True,Discusses a hyperlocal price comparison search tool for quick commerce apps.,0.92
2685,reddit,10.0,2024-03-24T12:28:14+00:00,go out and shop in a real store! if you want mango's,True,Refers to purchase decisions and shopping behavior regarding buying mangoes in real stores vs online.,0.91
2690,reddit,4.0,2024-03-24T14:16:35+00:00,"Yes definitely worth continuing
I am sure people would like to compare prices with ease.
Adding to the idea
Though it will take a hell of work
Try making a cart system which adds the same items if available in the carts of all the websites
And show prices of the cart with gst,  delivery charges included
Because delivery apps often mislead customers with low prices on products and high delivery charges",True,"Discusses purchase barriers like misleading low prices on products combined with high delivery charges, and cart systems.",0.96
2691,reddit,2.0,2024-03-24T15:57:59+00:00,Delivery charge part should be constant for these as they deliver from nearby dark store. Cart system could be difficult - as the name they use do not match word to word. A LLM could solve this problem but yes definitely increases the complexity.,True,Discusses dark store delivery charges and cart matching complexities across apps.,0.93
2694,reddit,3.0,2024-03-24T13:33:55+00:00,"The ONDC initiative, powered by a protocol based approach (Beckn Protocol) is an attempt to solve this exact problem.

None of these platforms are on the ONDC network yet, but if they get there, then you should have this info automatically. Along with catalog info from each seller/provider, you can carry out the entire order lifecycle through a consumer interface of your choice.",True,"Discusses ONDC initiative, catalog info, and consumer purchase interfaces.",0.88
2695,reddit,2.0,2024-03-24T13:55:06+00:00,ONDC delivery time will have to match the quick delivery time they aim for.,True,Discusses delivery times in relation to quick commerce platforms.,0.85
2696,reddit,2.0,2024-03-24T13:32:08+00:00,"Would love, also if it has Amazon fresh, Flipkart Grocery, Big Basket.",True,"Discusses product discovery and availability across multiple grocery platforms like Amazon Fresh, Flipkart Grocery, Big Basket.",0.94
2697,reddit,2.0,2024-03-24T14:49:44+00:00,"as a hosteler who buys a bunch of stuff frequently, this helps alot! thank you",True,Discusses shopping behavior as a frequent-buying hosteler.,0.92
2699,reddit,1.0,2024-03-24T16:27:57+00:00,I would use this,True,Indicates user intent to use a multi-app grocery comparison/search tool.,0.89
2700,reddit,1.0,2024-03-24T17:35:46+00:00,"Was doing this manual. If there is an app, I’ll totally use this.",True,Discusses shopping behavior of manually comparing prices across apps.,0.95
2706,reddit,1.0,2024-03-26T00:05:06+00:00,Love the idea. Add more areas please? Let's say Electronic City phase 1 for starters?,True,Discusses product availability and service areas for quick commerce comparison.,0.88
2707,reddit,1.0,2024-03-26T02:13:17+00:00,"This looks awesome. 

Instead of an area dropdown, can this be made based on lat-long?",True,Discusses location-based search and availability features.,0.87
2711,reddit,1.0,2024-11-10T17:50:59+00:00,This is wow. Can this be extended to other metro locations?,True,Discusses geographic expansion of grocery comparison tools.,0.88
2712,reddit,1.0,2024-11-24T06:19:42+00:00,u/badhiyahai do you plan to build it further? Expanding to different cities? Adding more grocers like Amazon etc?,True,Discusses adding more grocers like Amazon and expanding city coverage.,0.91
2714,reddit,1.0,2025-01-05T17:34:48+00:00,I saw the app ShopSwiftly which compares between Qcom apps but I found the UI not so intuitive.,True,Discusses experience with existing quick commerce comparison apps and UI intuitiveness.,0.92
2716,reddit,1.0,2025-07-10T13:20:56+00:00,"zepto and blinkit products dont work for me  
just instamart products load   
anyone else facing this issue?",True,"Discusses product loading and search availability issues on specific quick commerce platforms (Zepto, Blinkit, Instamart).",0.94
2722,reddit,14.0,2024-01-14T16:32:51+00:00,"They might not taste as good as the other brand chips, but the taste [brings me back to my childhood](https://i.gifer.com/1bGq.gif)",True,"Discusses product taste, trust in products, and emotional user motivations for repeat purchases linked to childhood nostalgia.",0.97
2723,reddit,9.0,2024-01-14T17:14:42+00:00,Cheetos was and always will be the best snacc.,True,Discusses product preferences and user trust/affinity for specific snack brands.,0.92
2724,reddit,9.0,2024-01-14T17:47:10+00:00,"&gt;Nah man, the GOAT is always the green colored Lays. It's the only flavor where their marketing line is actually true for me

Generation gap",True,Discusses product preferences and marketing claims regarding snack brands.,0.91
2725,reddit,2.0,2024-01-14T14:12:39+00:00,"Uncle chips were always mid, never got the fuss back then during pokemon tazo time as well",True,Discusses product taste and personal preferences.,0.85
2727,reddit,20.0,2024-01-14T14:53:30+00:00,"Check Blinkit, seems like it is available on there in some areas (mine does)",True,Discusses product availability on Blinkit.,0.9
2729,reddit,3.0,2024-01-15T05:24:39+00:00,"My friend, who's a huge fan of UncleChipps, wants you to know that you're doing the god's work spreading knowledge. They just ordered 5 packs on BlinkIt haha",True,Discusses repeat purchases and ordering behavior on Blinkit.,0.92
2730,reddit,3.0,2024-01-15T05:30:15+00:00,"Haha, I’m glad I could help, I’m a huge fan myself (I used to gorge on them when I’d visit Goa). We should all have an UncleChibbs party sometime :D",True,Discusses product preference and user motivations.,0.88
2731,reddit,8.0,2024-01-14T15:00:22+00:00,"Bruh, is there a shortage of Uncle chips in Bangalore?",True,Discusses product availability issues.,0.95
2732,reddit,9.0,2024-01-14T15:47:37+00:00,"More supermarket, BTM Stage 1",True,Discusses product discovery and availability location.,0.9
2733,reddit,4.0,2024-01-14T17:45:25+00:00,I got mine from blinkit! 🥹,True,Discusses product discovery and availability on Blinkit.,0.95
2735,reddit,25.0,2024-01-14T13:41:10+00:00,"My childhood favorite!, i find it once in a way at random supermarkets... where did you find this one at?",True,Discusses product discovery and user preference.,0.85
2736,reddit,15.0,2024-01-14T13:30:10+00:00,I tried them recently and they're delicious! Nice find OP! Like you said they're out of stock almost everywhere.,True,Discusses product discovery and availability.,0.9
2737,reddit,13.0,2024-01-14T13:38:50+00:00,Does that taste better than Lays ?,True,Discusses product comparison and preferences.,0.88
2739,reddit,11.0,2024-01-14T14:08:46+00:00,"Legendary chips, these have been my fav for the longest time but are SOOOO hard to find and I only find the tiny packets. I remember when we used to get the large pack for only  30 or 40.  Also yeah, Balaji rumbles are nearly identical and are substantially cheaper.",True,Discusses product availability barriers and product comparison.,0.92
2740,reddit,3.0,2024-01-14T15:48:51+00:00,"Exactly, I don't remember the size (large or small pack) but definitely remember, back then it had more quantity than lays and better taste.",True,Discusses product attributes and past preferences.,0.85
2741,reddit,7.0,2024-01-14T13:54:05+00:00,Now tell me this.. is it the uncle chips that you were missing or ..... is it the childhood times where you used to eat uncle chips.... ??,True,Discusses user motivations and emotional connection to products.,0.8
2743,reddit,6.0,2024-01-14T13:43:47+00:00,"Uncle chips, picnik , peppy wheel ❤️❤️ childhood memories",True,Discusses product nostalgia and preferences.,0.85
2744,reddit,4.0,2024-01-14T13:50:23+00:00,"Please tell me where you got these, been trying in Bangalore for 10 YEARS",True,Discusses product availability and search barriers.,0.9
2745,reddit,4.0,2024-01-14T14:54:14+00:00,"Try Blinkit, seems available for my area at least",True,Discusses product availability on Blinkit.,0.95
2747,reddit,6.0,2024-01-14T14:59:05+00:00,Balaji&gt;Uncle&gt;Lays,True,Discusses product preferences and comparisons.,0.9
2748,reddit,3.0,2024-01-14T13:17:59+00:00,Where can i find one??,True,Discusses product discovery and availability.,0.9
2749,reddit,3.0,2024-01-14T14:01:33+00:00,Bole mere lips I love uncle chips😋,True,Discusses product preference.,0.85
2751,reddit,3.0,2024-01-14T14:33:01+00:00,"Went to Kashmir during school summer break, would only eat uncle chips and ended up puking on the road. Love it like crazy",True,Discusses product preference and user experience.,0.8
2753,reddit,2.0,2024-01-14T14:52:48+00:00,WHY CAN'T YOU LEAVE SOME FOR US THATS SO MEAN,True,Discusses product availability and scarcity.,0.85
2754,reddit,2.0,2024-01-14T15:05:19+00:00,"I used to buy them a lot for Tazos. They captured my attention a lot and I collected 300+ Tazos of Looney Tunes, Pokémon, Digimon etc. We used to trade also amongst my friend group. Such good times.",True,Discusses historical user motivations for purchasing.,0.88
2760,reddit,37.0,2023-12-14T14:46:13+00:00,Who even uses Blinkit nowadays,True,Discusses platform usage habits and user perception.,0.85
2761,reddit,29.0,2023-12-14T15:01:38+00:00,My payment failed on swiggy instamart twice. Came to blinkit and they didn't deliver a Rs 500 item. Oh boy!,True,Discusses payment failures and how they affect shopping behavior across apps.,0.9
2762,reddit,16.0,2023-12-14T15:08:29+00:00,"This evening had some issue with instamart as well. Payment failed, but items got delivered anyway. 😂",True,Discusses payment issues affecting shopping experience.,0.85
2763,reddit,4.0,2023-12-15T05:44:41+00:00,"I always pay them cod , check my items upon delivery and then pay them via upi only after duly checking all the items ordered. Can't trust no one these days !",True,Discusses trust in products and purchase decisions/payment preferences.,0.92
2764,reddit,3.0,2023-12-14T14:48:16+00:00,What’s hot in this segment then?,True,Discusses product trends and segment popularity.,0.85
2765,reddit,12.0,2023-12-14T14:53:41+00:00,Swiggy and zepto been good to me. BB is the worst of the lot.,True,Discusses platform usage and shopping behavior.,0.88
2766,reddit,19.0,2023-12-14T15:35:32+00:00,"Maybe it depends on the area, BB Now works pretty good for me. Usually better prices and NEU coins too.",True,"Discusses shopping behavior, pricing, and rewards influencing platform choice.",0.9
2767,reddit,6.0,2023-12-14T15:42:00+00:00,"Big Basket has been excellent at least to me at least till date. Never had a problem with a single order. Sometimes they don’t have an item I want in stock but it never been a major problem. 

I have ordered probably 200 plus orders in the last 4 plus years.

Amazon doesn’t have a great selection but pretty much delivers the next day because I usually only have time to order at night. Great delivery system. 

BBNow delivers to my house in usually 12 minutes at night. 15 minutes at most if there is no rain or traffic jam. Excellent service.

Swiggy also has limited selection. Orders usually come in less than 20 minutes. Never had any major issues. Pretty good service.

Dunzo and Blinkit have extremely limited selection. Also very quick delivery. Also never had any problems. Decent service.",True,"Discusses product selection, inventory/stock availability, and delivery experience across multiple platforms.",0.94
2768,reddit,2.0,2023-12-14T15:55:52+00:00,"If you actually do have any problem with big basket, only God can help you.

As long as there's no problem, 100% of the apps are good.

Though I was only talking about fast delivery apps. For monthly grocery, I use FK/Amazon/Jio - whichever has best rates/offers. Their problem resolution is pretty good.",True,Discusses shopping behavior for monthly grocery versus fast delivery.,0.92
2770,reddit,2.0,2023-12-14T16:26:01+00:00,I use it a lot and for me they never failed to deliver in 12 mins,True,Discusses app usage frequency and reliability.,0.85
2771,reddit,2.0,2023-12-14T18:42:29+00:00,"I use blinkit almost every second day, never had any issue",True,Discusses repeat purchases and platform reliability.,0.9
2772,reddit,2.0,2023-12-15T04:42:53+00:00,I do lol why? Have ppl stopped using it? 😭,True,Discusses platform usage behavior.,0.85
2773,reddit,1.0,2023-12-15T12:09:28+00:00,I use it almost all the time. I used to like Swiggy Instamart but since ever since I tried Blinkit my experience has been pretty better to say the least.,True,Discusses platform switching behavior and user experience comparison.,0.92
2774,reddit,17.0,2023-12-14T15:48:04+00:00,"Why act like these delivery apps have always been flawless? It's not realistic to expect no hiccups. Don't let it ruin everything. Follow up for a refund, then just reorder. I've learned the hard way with food and grocery apps, so I always go for cash on delivery, except for daily subscriptions like dairy and flowers.",True,"Discusses purchase decisions, payment barriers (COD preference), and shopping behavior.",0.91
2777,reddit,6.0,2023-12-14T16:05:38+00:00,I like blinkit because they bring ice-creams in a proper cool box.,True,Discusses trust in product condition and packaging quality for specific items like ice cream.,0.95
2778,reddit,6.0,2023-12-14T15:46:01+00:00,"""Maybe jus deliver when it restocks"". Product designers have an idea.",True,"Discusses product availability, restocking, and UI/feature ideas.",0.92
2779,reddit,2.0,2023-12-14T15:48:45+00:00,Backend were clueless while placing the transaction when clearly stock wasn't there.,True,Discusses product availability and stock inventory issues during transactions.,0.94
2782,reddit,2.0,2023-12-14T16:24:34+00:00,"I shifted to zepto after a while
Initially blinkit had free delivery for orders above 200 and after a few months they removed it entirely. Then i started using zepto, still has free delivery above 200, good customer support as well. Got bread which was expiring in a day and they refunded the amount for it.",True,"Discusses purchase barriers (delivery fees), switching platforms, and product quality issues affecting purchase decisions.",0.96
2786,reddit,2.0,2024-07-17T10:46:43+00:00,I just ordered eggs and they were so disappointing they are smaller than a marble and then the help centre doesn't respond neither there is any option for return or refund fuck this app,True,Discusses product quality (size of eggs) and lack of return/refund options impacting trust.,0.95
2789,reddit,1.0,2023-12-14T20:04:28+00:00,I have always had no issues with using Blinkit. Atleast till now,True,Reflects general satisfaction and repeat purchase behavior.,0.88
2790,reddit,1.0,2023-12-14T23:55:15+00:00,"It's unfortunate that happened on your initial experience. I do agree with terrible reach to support as someone who has been using Blinkit for 2 years now, it wasn't like this before and only recently they made it like this. Getting refunds has always been hard on Blinkit, often I found that they missed something small like Vanilla Essence which is just 10ml bottle but they would rather waste fuel and time to deliver it than send the money. I believe it's because now they have tied up with existing stores to give you the groceries and if something like this does happen Blinkit takes a loss as the seller's inventory still may have it. But that's not my problem and these guys should definitely figure out a strategy to reduce and recover from these failed/incorrect deliveries.",True,"Discusses trust in products, incorrect deliveries, and inventory issues affecting repeat purchases.",0.94
2792,reddit,1.0,2023-12-15T01:03:32+00:00,just go out and get items from dmart or big bazaar man. these instant delivery apps are so shit,True,Discusses user motivations and purchase barriers regarding instant delivery apps versus traditional retail.,0.92
2793,reddit,2.0,2023-12-15T03:32:56+00:00,yeah will do that.. just that I don't have a vehicle and getting 10 to 15 kg of staple alone is difficult,True,Discusses user motivations and shopping behavior regarding heavy staple purchases.,0.94
2794,reddit,1.0,2023-12-15T02:48:30+00:00,I once ordered salad mix vegetables from Blinkit and I got rotten vegetables. It was rotten to an extreme that it was fixing foul smell.,True,Discusses product quality (rotten vegetables) impacting trust in products.,0.96
2795,reddit,1.0,2023-12-15T03:34:15+00:00,I got rotten chicken from fresh to home. The irony in the name. They didn't even refund the amount. That day I deleted the app.,True,"Discusses product quality and trust, leading to app churn.",0.95
2797,reddit,1.0,2023-12-15T03:49:16+00:00,"Zepto works best for us. I know service is better and prices are cheaper in some areas of the city compared to others, but Zepto has an easy claim process as well.",True,Discusses pricing perceptions and claim processes affecting platform choice.,0.89
2798,reddit,1.0,2023-12-15T09:39:17+00:00,Zepto is much better,True,Reflects platform preference and comparative shopping behavior.,0.85
2799,reddit,1.0,2023-12-15T11:14:12+00:00,"I agree, but it's good to have options.",True,Discusses platform options and shopping behavior.,0.82
2800,reddit,13.0,2023-11-18T16:18:54+00:00,You can try insanely good. They have next day delivery. The vegetables are pretty good,True,"Discusses product discovery, delivery models, and product quality for vegetables.",0.94
2801,reddit,4.0,2023-11-19T03:40:58+00:00,"Insanely good is also a product of Swiggy, so how is it any better than swiggy instamart ??",True,Discusses platform comparison and brand discovery.,0.88
2802,reddit,1.0,2023-11-19T05:10:38+00:00,Same way you wouldn't compare a Lamborghini with an Audi even though both are owned by Porsche.,True,Discusses brand positioning and product recommendations.,0.85
2803,reddit,3.0,2023-11-19T03:14:03+00:00,"Do you have a referral code? I wanted to try this app out as well. Since I heard it from you, thought about asking you about referral code.",True,Discusses recommendations and user acquisition behavior.,0.9
2804,reddit,2.0,2023-11-18T17:58:54+00:00,"I'll check it out, thanks!",True,Shows intent to explore a recommended platform/category.,0.91
2805,reddit,4.0,2023-11-18T18:39:04+00:00,insanely good is insanely good. using it for couple of months now,True,Reflects repeat purchase behavior and product satisfaction.,0.93
2806,reddit,10.0,2023-11-18T15:19:38+00:00,"If you live in Tippasandra, please go to HAL market in the mornings, good fresh veggies. And also section for exotic veggies. Blinkit Dunzo do not have fresh one, they are refrigerated for good amount of time.",True,"Discusses product freshness, trust in products, and why users choose local markets over quick commerce for vegetables.",0.97
2807,reddit,7.0,2023-11-19T02:49:56+00:00,"Metal ion poisoning and antibiotic cross contamination are rife in all parts of India. So called Organic certifications made by various states and farm produce organizations have more holes than Swiss cheese. 

If you really weren’t eating that shit before back in your home town, I’d be surprised. 

Our gut and liver are good at dealing with this stuff. After cleaning / rinsing/ skinning, focus on eating more veggies rather than worrying how they were grown and you’ll be healthier for it.",True,Discusses food safety and trust in agricultural produce.,0.89
2808,reddit,1.0,2023-11-18T18:00:00+00:00,Because they're generally fresh? Any idea where they source it from?,True,Discusses product information and sourcing transparency.,0.92
2809,reddit,1.0,2023-11-18T21:55:32+00:00,"Yes, Direct farmers.",True,Discusses product sourcing and trust.,0.9
2810,reddit,1.0,2023-11-19T02:08:09+00:00,BB is definitely very good. They have direct link with farmers and there are no middle men.,True,"Discusses product sourcing, supply chain, and trust in products.",0.93
2811,reddit,1.0,2023-11-19T04:13:26+00:00,Yes but OP's concerns is that those farmers are growing the produce using sewage water..,True,Discusses food safety concerns affecting purchase decisions.,0.91
2812,reddit,4.0,2023-11-18T21:01:05+00:00,"1. Namdhari for fruits and vegetables
2. Jiomart for Packaged Foods and Snacks",True,Provides platform and category recommendations for specific grocery types.,0.95
2813,reddit,3.0,2023-11-19T04:55:13+00:00,Yeah I have personally found namdharis vegetables to be way better than the small stores near my house,True,Compares product quality across different retailers influencing purchase decisions.,0.94
2814,reddit,2.0,2023-11-19T07:38:06+00:00,"Grown in sewage water , the one we order from instamart really?",True,Discusses food safety concerns affecting purchase decisions on quick commerce apps.,0.95
2815,reddit,2.0,2023-11-20T02:44:45+00:00,"Spudnik farms delivers seasonal veggies once a week from farms around Bangalore. They actually tested their produce for heavy metals after the latest contamination news, and it was in the clear. You can check them out.",True,"Discusses product discovery, sourcing, safety testing, and category exploration.",0.96
2816,reddit,2.0,2024-08-22T18:24:18+00:00,"Hi, have you used it? What has been your review so far and how much % expensive do you find it than buying vegetables off the local markets?",True,Discusses pricing comparison and product evaluation before purchase decisions.,0.93
2817,reddit,1.0,2023-11-20T10:31:12+00:00,"I was researching this. Heavy metal contaminated food is way worse than pesticides in the surface of produce or being a smoker. Many seem to think it's fine and continue consuming these products. It will cause cancer or some other colon or intestinal disease. 

No escape from this other than growing your own produce. Another option is to get your nutrition from pulses and lentils.",True,"Discusses food safety, health risks, and product trust affecting dietary choices.",0.92
2871,reddit,1.0,2023-10-10T11:03:53+00:00,"Long story but you will need the math to understand.

Let's take zepto for example. 

Zepto pays rs.25 for a delivery that's 3km up and 3km down. Average activa/Dio mileage comes to 2-2.5rs per litre. That's including idling in traffic. 

Now for each delivery it costs on average 15rs fuel. 

Now add one way routes. And the cost reaches 20rs+ if they go for that long u turn.

Each order takes 15 minutes on average. Round trip time. So earnings is 10rs per order.

Blinkit had 15rs base pay one point. Do the math for that on your own. 

Now who among you is willing to work for 40rs per hour? 400rs per day? If you work for 10hours. 

Let's say bike tyres get punctured and once a week repair and maintenance cost. 

I know a bunch of people who used to work for zepto, blinkit, Swiggy, Zomato. 

I work in logistics and I see lots of riders joining us and they all have similar stories. 

In the beginning these companies used to pay 50-60 and even 80rs for 3km order but now it got lower. Blinkit had strikes last month because of base pay reduction. 

Our company pays 18rs per order but they get 80+ packages  and they have to cover on average 20km/day. Hardly costs them  50rs fuel per day. We also pay fuel allowances. Imagine Ekart, Amazon, shadowfax, Delhivery etc. 

Now the problem is these grocery and food startups are using e-commerce delivery pricing as base and justifying their nonsense. They still don't make profits. 


Solution????

They need a minimum order value of 500rs+ to be able to pay 50rs for the delivery partner. And still they won't make a profit. It'll just balance to net zero. So the only way to help the delivery agent is to order for more. 

if you want to help try ordering for 700-800rs+ all the time. And maybe these companies will be able to afford to pay drivers. And you will see normal driving on roads by delivery agents. 

Big basket has been a bit ethical on the 30 min delivery business. They push you to order for 400rs+ to get free delivery and they have backends to support the drivers properly. 

TLDR: spend more so the people who deliver your products don't suffer.",True,"Discusses delivery economics, pricing, minimum order values, and platform models that affect purchase decisions.",0.95
2872,reddit,30.0,2023-05-31T07:57:37+00:00,"If I need something urgently, I use blinkit cos they almost always deliver within 8-9 minutes. 

If I'm okay waiting for 30 minutes I use Swiggy Instamart or Zepto since they offer free delivery (above 150 iirc). 

If I'm okay recieving the products the next day, I use Amazon fresh since 5% cashback on ICICI credit card. 

So basically all are a compromise between cost and speed, you can choose which is more important to you. 

Always get decent products on all, but Swiggy seems to be better than the rest when it comes to fresh veggies. Refunds are good with all, except one bad experience with Amazon once over a wrong item. But they sorted it out after 2 days so no major issues.",True,"Directly discusses shopping behaviour, trade-offs between speed, cost, and platform choice (Blinkit, Swiggy, Zepto, Amazon Fresh).",0.99
2873,reddit,3.0,2023-05-31T11:50:09+00:00,my question is : if we put cost and speed aside then which option is more reliable and consistent in terms of quality of product?,True,"Asks about product quality, reliability, and consistency across quick commerce platforms, affecting purchase decisions.",0.95
2874,reddit,4.0,2023-06-01T02:35:00+00:00,"I've used pretty much all of them, but big basket had the worst quality products, especially fruits and vegetables, recently their fresh produce quality has increased but others are just meh and prices are comparatively high. Big basket is inconsistent with their quality, availability of items delivery time, overall i avoid it. 
 Swiggy insta Mart has the best quality products especially fruits and vegetables, never disappointed, their fresh produce prices are a bit higher than local stores but it will make up for the high quality of the products, they also have easy refund process too, their quality has been consistent and reliable and if items are missing there's an option to replace it, so that's a win in my books.",True,"Evaluates product quality, availability, pricing, and refund processes across multiple quick commerce apps, directly impacting purchase decisions.",0.98
2876,reddit,2.0,2023-05-31T08:58:13+00:00,"Thanks for letting me know this.
I have experience with Amazon because I used to place order on that app.
Can you let me know how is the refund policy these days? Do you have to reject them while the time of delivery if it is found out that the items are bad? I used to return or get the full money refunded if let's say tomatoes are bad. How is it working now?",True,Discusses refund policy and expectations for fresh produce quality which affects purchase decisions.,0.95
2877,reddit,2.0,2023-06-01T04:14:00+00:00,Swiggy Insta veggies are great - fresh and good quality. I use Blinkit for imported stuff - they have a lot of brands not found on other platform like Reese.,True,Discusses product availability and trust in specific platforms for imported goods.,0.98
2880,reddit,15.0,2023-05-31T09:47:19+00:00,I don't use them anymore. There are a couple of grocery stores and small shops that are about 10 minutes by walk from my house. I find the quality and cost to be simply better.,True,Explains user motivations and purchase barriers for using quick commerce vs local stores.,0.97
2881,reddit,2.0,2023-05-31T10:06:58+00:00,But why am I not finding a good one with reasonable costs nearby?,True,Discusses product discovery and local availability issues.,0.92
2882,reddit,8.0,2023-05-31T08:55:57+00:00,"I'm an outlier here; used these grocery delivery apps just a couple of times during the pandemic. There are 4 supermarkets within a 300m radius of my home, including those of Tata and Reliance. Going there and getting the things feels more convenient.",True,Highlights shopping behaviour and convenience-based purchase decisions regarding physical supermarkets vs delivery apps.,0.96
2883,reddit,2.0,2023-05-31T15:42:41+00:00,How do you feel about pickup/takeaway? Like placing orders on an app and then going to the store and just getting it?,True,Discusses shopping behaviour related to pickup and takeaway models.,0.94
2884,reddit,3.0,2023-05-31T16:03:37+00:00,"Have done it a couple of times on the DMart app, but I'm so used to shopping at the store going through the shelves. Moreover I feel it's better to pick fruits and veggies myself.",True,Explains user motivations and shopping preferences for inspecting physical goods over app shopping.,0.98
2885,reddit,7.0,2023-05-31T13:23:27+00:00,"Ordered consistently from big basket for 3 years. The quality of the groceries is tier-1, fresh produce quality is not up to the mark. 

Shifted to D-Mart home delivery a couple of months back, the quality is top notch and there's a significant price difference in items such as rice, oil, atta etc. 
Cons: Dmart doesn't offer merchant discounts on cards like bigbasket &amp; blinkit  do.",True,"Discusses trust in products, quality differences, and price factors influencing platform switching.",0.97
2886,reddit,6.0,2023-05-31T07:41:05+00:00,"May I ask why Zepto is not on your list?

Also, Zomato just takes you to Blinkit, if I am not wrong.

Personally, I alternate between Swiggy Instamart and Zepto. Delivery times for both of them these days are about 30-40 minutes in my area as opposed to 15-20 minutes, which their marketing is based on. But that's due to high demand. Quality, I'd say, is decent in both. In cases where I receive subpar products, I initiate a complaint and receive a complete refund almost immediately. I haven't tried the other services because I haven't felt the need to. Haven't tried ordering meat yet but I have heard that Licious is good.",True,"Discusses delivery times, platform trust, and reasons for not exploring new services.",0.93
2888,reddit,6.0,2023-05-31T10:59:29+00:00,Healthy Buddha - for good quality organic products. Been enjoying their mangoes oflate.,True,Discusses product discovery and trust in organic product quality.,0.95
2889,reddit,4.0,2023-05-31T09:20:14+00:00,"Walking to the grocery shop 
Have observed that fresh fruits and veggies are always almost cheaper than online apps, atleast where I stay
And I get in a short walk that way and also interact with the vendor",True,Explains user motivations and shopping behaviour favouring local vendors for fresh produce.,0.96
2890,reddit,4.0,2023-05-31T14:01:59+00:00,"no one app is good at all things, you will probably need to use multiple apps. Almost all of them have stopped giving discounts by now so it is no longer cost effective to buy from them btw. And issues like wrong items, stale items, less weight than expected occur sometimes with all the ones I have tried. Swiggy Instamart, Bigbasket, Grofers etc i have used these a lot in past but now only for packaged items because they fuck up the fresh produce and fruits way too often",True,"Discusses shopping behaviour, trust in products, and why users avoid certain categories on apps.",0.98
2891,reddit,3.0,2023-05-31T10:38:35+00:00,"Bigbasket
Jiomart
FTH (for many items they give great prices and good quality)

For urgent stuff bbnow, zepto or dunzo. Blinkit's delivery charges is a turn off.",True,Highlights purchase barriers (delivery charges) and app selection based on urgency.,0.96
2892,reddit,3.0,2023-05-31T12:01:39+00:00,Dmart and Reliance store for main bulk. Remaining instamart for random stuff as needed.,True,Illustrates shopping behaviour of splitting purchases between bulk and random needs.,0.95
2894,reddit,3.0,2023-05-31T13:33:02+00:00,"Local shop early morning, when they have the fresh ones arrived. The touch and the feel is needed to determine if they are of good quality. 

Cost wise I don't see much of a difference, since I buy only in small quantities.",True,Explains shopping behaviour and trust requirements for physical touch and feel.,0.97
2895,reddit,3.0,2023-05-31T14:50:15+00:00,Never used any grocery app. I just got to nearby store and pick it my self. After a long day of work short walk and small talk with the owner gives me some relief.,True,Discusses user motivations and shopping behaviour regarding physical store visits.,0.96
2896,reddit,3.0,2023-05-31T14:52:44+00:00,"I use Big Basket via Tata Neu app.

BB delivers within 20mins (fastest was 10mins) as their darkstore is close to my apartment. 

I also get 5% cashback on Tata Neu app.

I won't recommend any app for vegetables and fruits though. It is better to buy from a shop nearby.",True,"Discusses delivery speed, rewards, and specific category trust (avoiding app veggies).",0.96
2897,reddit,3.0,2023-05-31T19:00:34+00:00,"Protip: bigbasket has 30min app called bbnow, it usually has greater option than others. But if speed is priority, blinkit.",True,Provides platform recommendations based on options and delivery speed priorities.,0.97
2898,reddit,2.0,2023-05-31T09:21:34+00:00,Local kaka shop,True,Indicates shopping preference for local mom-and-pop stores.,0.94
2899,reddit,2.0,2023-05-31T14:13:50+00:00,"Luckily, Zepto and Blinkit delivers within 10 minutes at my location. Depending on items availability I choose either.",True,Discusses shopping behaviour based on item availability and delivery speed.,0.95
2900,reddit,2.0,2023-05-31T15:20:33+00:00,"Try Dmart app, that’s cheapest of all. You will get quality products at max discount. 49₹ fixed delivery fee is there but you will save more than 500₹ on order of 2K",True,Discusses purchase decisions influenced by pricing and delivery fees.,0.93
2901,reddit,2.0,2023-05-31T19:39:13+00:00,"Got my Big basket order delivered today and the products delivered are so very bad.
Here is the list:
1. Got 2 rotting onions
2. Lifeless drumsticks
3. 2 of the products they didn't deliver
4. Very small sized potatoes 
5. Cauliflower has got spots everywhere",True,Discusses product quality issues and missing items affecting trust in products.,0.97
2902,reddit,4.0,2023-05-31T20:02:28+00:00,"Forgot this literally.

6. Received gentleman's fingers, but i ordered lady's",True,Highlights item mismatch issues affecting trust and product accuracy.,0.95
2903,reddit,2.0,2023-05-31T21:24:30+00:00,"For everything except vegetables/fruits, I go with Flipkart for monthly orders (price is lesser than anywhere else for dals, oil etc but takes 2-3 days for delivery) and Bigbasket for smaller orders in the middle of the month (great selection, quick deliveries with BBnow).     
Bigbasket is pretty good with refunds and the executives double-check the order before delivery so you won't have missing items. They used to be excellent for fresh veggies as well but not anymore. Their physical stores (called Fresho) have a good produce selection though.     
You can also get veggies delivered from simplinamdharis if you have a store near you.",True,"Explains shopping behaviour, platform selection for different order sizes, and trust in fresh produce.",0.98
2904,reddit,2.0,2023-06-01T00:11:43+00:00,Blinkit.. delivery in 7-8 mins .. but no meat from them . For that yse dunzo or instamaet,True,Discusses category-specific shopping behavior and product availability constraints (no meat).,0.98
2905,reddit,2.0,2023-06-01T18:04:25+00:00,"Milk Basket. No question asked - return. Good price, good products, they come and leave at your door, you can add your products will 11:59 pm and will get delivered by 7 am next day.
But I guess they only deliver in gated societies",True,"Discusses subscription shopping behaviour, return policies, and convenience features.",0.96
2906,reddit,2.0,2023-06-04T15:48:37+00:00,"Instamart, free deliveries above 99 and comes in around 10 mins at my location",True,Mentions delivery thresholds and speed influencing platform choice.,0.92
2908,reddit,1.0,2025-01-31T08:44:48+00:00,"Any app which can deliver groceries from the preferred shop?
I was using Dunzo but now they don't seem operable. The app isn't displaying any options.",True,Discusses app availability and shopping behavior for preferred local shops.,0.93
2909,reddit,1.0,2025-09-12T13:02:40+00:00,"I usually mix it up depending on what I need. Sometimes I just grab stuff from the local vendor near my lane, but the quality swings a lot. Bigbasket is easy for regular stuff, though it’s hit or miss with freshness. For certain fruits I’ve tried Nature’s Basket, a bit pricey but quality. More recently I’ve been ordering from Pluckk, and honestly they have been the most consistent.",True,"Discusses shopping habits, consistency, and category-specific platform choices.",0.97
2910,reddit,150.0,2023-05-02T08:54:39+00:00,"Namma BMTC for bus tracking and route info

Zomato 
Swiggy for orders


Lucious for meat 

Blinkit for groceries


BESCOM Mitra or Paytm for electricity


Rapido for cheap and no nonsense autos ( most of the time)",True,Lists platform choices and preferences for groceries and services.,0.91
2917,reddit,2.0,2023-05-02T08:55:32+00:00,Thanks a lot...btw which is better for purchasing subscription Zomato gold or swiggy one?,True,Asks for recommendations on subscription services (Zomato Gold vs Swiggy One) which tie into grocery/food delivery.,0.9
2918,reddit,20.0,2023-05-02T08:58:12+00:00,"Depends

If you're ordering only food - Zomato

If you're ordering both food and groceries - Swiggy",True,Provides platform recommendations based on shopping behavior (food vs groceries).,0.96
2919,reddit,3.0,2023-05-02T12:31:50+00:00,You can also try eatsure. I like them,True,Provides platform recommendations for food ordering.,0.91
2923,reddit,54.0,2023-05-02T10:36:46+00:00,"If you're a frequent metro user, keep their BMTC WhatsApp number handy in case you don't want to use a metro card. 

Swiggy One for groceries + dining offers

Namma Yatri for autos 

Dunzo for medicines + meat",True,"Provides recommendations for grocery, dining, and category-specific apps.",0.94
2925,reddit,32.0,2023-05-02T11:58:44+00:00,"Bus/metro - Namma BMTC, Tummoc( for bus passes), Namma Metro 
 
Groceries - Big Basket /Swiggy Instamart (Big basket is cheaper, but takes 3-4 hrs for delivery. Swiggy is about 15-20 mins)   

Food - Zomato, Swiggy  

Travel/cabs - Uber/OLA (use both, cancel one after you get a ride on one)   

Quick/cheaper Travel - Rapido/Yulu  

Bill payments - Amazon pay/ Googlepay /CRED (cred is better if you have a credit card)  

Medicines - 1mg",True,"Discusses shopping behaviour, preferences, and comparison between quick commerce apps like Swiggy Instamart and Big Basket for groceries.",0.95
2929,reddit,17.0,2023-05-02T11:40:23+00:00,"Big basket for groceries, Big basket has an option for quick delivery as well as one day delivery, but I'd suggest having both blinkit and Big basket because sometimes one of them might not have what you're looking for",True,"Discusses shopping behaviour, product availability, and why users switch between Big Basket and Blinkit.",0.96
2940,reddit,4.0,2023-05-02T18:15:40+00:00,"Travel: Uber / Ola / Rapido / Quickride / Yulu  
Food: Zomato / Swiggy / EatSure / EatClub  
Groceries: Zepto / Blinkit  
Furniture: Furlenco / Rentmojo   
Social: Playo / Fitso / Meetup",True,"Mentions using Zepto and Blinkit for groceries, highlighting category app usage.",0.85
2948,reddit,2.0,2023-05-02T15:12:06+00:00,"Use Big Basket for groceries (mainly for fresh fruits and vegetables), Zepto and Blinkit are better for quick deliveries and may be costlier. Use Amazon Fresh for packaged food items or household supplies (their veggies tend to be hit and miss as they sometimes send items that are near their expiration date). Licious or Freshtohome for meat purchase. Swiggy or ZOMATO for deliveries from restaurants. Ola or Uber for on demand transportation. Meetup if you want to meet like-minded people.",True,"Provides detailed insights into shopping behaviour, purchase decisions, and why users choose Big Basket, Zepto, and Blinkit for different needs.",0.98
2958,reddit,5.0,2022-10-01T16:00:07+00:00,"No . Their prices are not more than mrp when it comes to groceries only. Fruits and vegetables are a different game as there is no mrp for them. I am not using them much as I am getting more discounts on other apps. For daily delivery of vegetables at cheap cost use suprdaily, BBDaily and fthdaily. 

For groceries I compare prices in  blinkit, bigbasket, swiggy instamart, Amazon, flipkart , star quik, Spencer’s, JioMart, dunzo , zepto and pickily and then order that items.",True,"Directly discusses purchase decisions, price comparisons, and usage habits across Blinkit and competing grocery apps.",0.98
2960,reddit,3.0,2022-10-01T16:54:17+00:00,"It takes a lot of patience and time to compare but worth my savings especially when I have 25 cards with a mix of debit, prepaid, credit cards  which have  lots of offers on them in these apps.",True,"Discusses shopping behaviour, purchase decisions, and payment/offer considerations when using multiple quick commerce and grocery apps.",0.92
2962,reddit,1.0,2022-10-02T02:06:51+00:00,"Man! I do check the prices across apps, but not this many, probably 2 or 3. 
Big basket seems to have the widest range of provisions and saves me a visit to a noisy &amp; overcrowded D-Mart every month. 
BB Daily for dairy subscriptions. 
Instamart/Zepto/Dunzo for all the veggies &amp; fruits depending on price, and they are very reasonable, fresh &amp; packed individually (saves a lot of hassle to store in fridge) compared to any local vendor at my locality. 
Blinkit seems like a lost cause after the rebranding, earlier Grofers used to be my goto for provisions.
Flipkart Grocery is pricey but range is good, Supr is kinda okay but dying nevertheless
Never tried any other app.",True,"Provides rich insights into shopping behaviour, purchase decisions, category preferences, and specific feedback on Blinkit post-rebranding.",0.99
2963,reddit,2.0,2022-10-02T19:35:54+00:00,They are still in the stage of customer acquisition.. so I doubt they hike their prices . While also they are targeting ppl who don’t mind spending few extra rupees for the convenience. In my opinion Vegetables are there just to get more consumers . They will slowly start peddling their own white label items and thts when they will make money and of course through ads.,True,"Discusses user motivations, pricing strategies, and platform evolution regarding grocery app usage.",0.9
2965,reddit,29.0,2022-08-21T06:08:28+00:00,"Instant delivery - Zepto, Blinkit, Dunzo, Swiggy instamart

Daily delivery - FTH daily, Swiggy Supr

Grocery - Bigbasket",True,"Categorizes apps by delivery speed and type, reflecting user mental models and shopping behavior.",0.95
2966,reddit,20.0,2022-08-21T09:08:20+00:00,Don't people go to the local kirana shop anymore..,True,Discusses shopping behaviour regarding online vs. local kirana store purchases.,0.94
2967,reddit,5.0,2022-08-21T11:24:56+00:00,"More likely to go to dmart for grocery than local shop, but bigbasket is kinda too much though",True,Discusses grocery shopping preferences between physical stores and apps like Big Basket.,0.95
2969,reddit,2.0,2022-08-21T13:03:10+00:00,"Hardly. Haven’t been to a physical shop this month for example. Amazon, Big basket &amp; Licious takes care of 90%. For the unplanned sudden needs, there’s Dunzo &amp; BB Now.",True,Highlights shifting shopping behavior away from physical shops to apps for planned and unplanned needs.,0.96
2970,reddit,5.0,2022-08-21T13:03:57+00:00,"Add Licious &amp; Fresh to Home for non veg. 

Local liquor shop number for home delivery of alcohol.",True,Discusses app usage and preferences for specific grocery/meat categories.,0.92
2972,reddit,5.0,2022-08-21T07:42:31+00:00,They deliver early in the morning before 8 am.,True,Discusses delivery models and timing for grocery services.,0.85
2996,reddit,7.0,2022-07-12T18:46:09+00:00,I got veggies from gourmet garden. It was fresh for decent amount of them. They claim that they don’t use harmful chemicals but not sure.,True,Discusses product quality and trust in fresh produce.,0.97
2997,reddit,5.0,2022-07-13T17:27:59+00:00,Been using their service for almost two years now.... Pretty consistent w quality.... Had a few issues some times but they refund immediately on raising a complaint. Overall would recommend,True,"Discusses repeat purchases, product quality, and trust.",0.96
2998,reddit,6.0,2022-07-12T18:30:13+00:00,"Try Milkbasket, they send good quality vegetables and fruits.",True,Provides product and platform recommendations.,0.97
2999,reddit,2.0,2022-07-13T12:08:36+00:00,Will try this one,True,Discusses purchase decisions and trying new services.,0.95
3000,reddit,4.0,2022-07-12T21:14:15+00:00,"You are right, I've seen the exact same when buying from bigbasket. Something's off, but it didn't occur to me that they may be using chemicals.",True,Discusses trust in products purchased online.,0.96
3001,reddit,2.0,2022-07-13T12:08:04+00:00,"I wouldn't suspect either if they looked the way they smelt. 
No holes, no spots, no colour variations. Looked absolutely perfect. But they were rotting from inside and smelled absolutely horrible when cut.",True,Discusses product quality issues affecting trust.,0.97
3002,reddit,1.0,2022-07-13T13:49:10+00:00,You have good observation. I will avoid buying vegetables online going forward. Thanks for your post!,True,Discusses purchase barriers and loss of trust in online grocery.,0.98
3003,reddit,3.0,2022-07-13T07:03:02+00:00,"I found Farmizen really good quality-wise. They have monthly subscriptions, too, for organic fruits and vegetables. You could download their app and check.",True,Provides product discovery and platform recommendations.,0.97
3004,reddit,1.0,2022-07-13T12:04:58+00:00,Haven't heard about this one will try once,True,Discusses purchase decisions regarding new platforms.,0.95
3005,reddit,1.0,2022-07-13T12:20:21+00:00,"Just remembered - also try Deep Rooted. It's not 10-min delivery and more expensive than usual Zepto/Blinkit stuff, but the quality is good.",True,Discusses product quality and trade-offs in purchase decisions.,0.96
3006,reddit,2.0,2022-07-12T20:23:15+00:00,"Vegetables aren't supposed to last too long after harvesting 

I have a small kitchen garden, and  nothing stays more than 2-3  days after harvesting, even in the fridge, they are visibly stale.

At the same time, I probably have store bought bell peppers in my fridge rn which are at least 2 weeks old, but are taaza taaza",True,Discusses shopping behaviour and expectations of product freshness.,0.96
3008,reddit,2.0,2022-07-12T21:36:20+00:00,"Yeah I’ve seen a similar issue with Zepto. So, I either go to the shop myself or dunzo it or use Gourmet Garden.",True,Discusses shopping behaviour and switching platforms due to quality issues.,0.97
3009,reddit,1.0,2022-07-13T11:58:56+00:00,Will try gourmet garden. But I think I'll probably purchase from stores most of the time,True,Discusses purchase decisions and channel preference.,0.97
3010,reddit,1.0,2022-07-13T13:27:47+00:00,Yeah that’s probably better. GG’s price is only okay when there are discounts on the weekends.,True,Discusses purchase barriers like pricing.,0.96
3011,reddit,1.0,2022-07-12T19:05:38+00:00,They use some chemicals to make them look fresh,True,Discusses trust in products.,0.96
3012,reddit,0.0,2022-07-13T12:04:23+00:00,"I have ordered from big basket before. Vegetables were not that great. But not so horrible either. 
Felt grofers was better than BB as they came in sealed packages and were well sorted. Now that they have changed to blinkit, the quality has reduced consistently",True,"Discusses product quality, packaging, and changing shopping behaviour across platforms.",0.97
3013,reddit,1.0,2022-07-13T02:30:35+00:00,"MOST of the chain stores have low quality vegetables. Either because the employees at the purchasing side are making deals for lowest prices without regard to quality and freshness or those checking incoming vegetables are not savvy - just understand that even private enterprise employees can be corrupt - vegetable suppliers send certain employees good vegetables and other inducements so that they certify so so vegetables as OK.


In big vegetable markets, you will find wholesalers sorting vegetables. Obviously, low quality ones are palmed off to the lowest bidders. And farmers are not above cheating either.",True,Discusses product quality and supply chain trust issues.,0.96
3014,reddit,1.0,2022-07-13T04:16:35+00:00,"Most delivered veggies and fruits are bad because the person picking up has no idea what they're doing.

Look around the store when these folks are bagging stuff .... They go to the rack, dump it in a packet to weight and be gone.

Blinkit or anyone else doesn't care because their GMV numbers are taken care of. Refunds don't show up till smeone asks for Revenue, Margins etc. 

Stores get rid of bad stuff, delivery companies make their GMV numbers, delivery boys and girls get  their payout (possibly the only honest piece of effort in the chain) and folks get crap.",True,Discusses shopping behaviour and why delivered product quality is poor.,0.97
3015,reddit,1.0,2022-07-13T04:30:28+00:00,I regularly order veggies from Swiggy Instamart and haven't faced this issue.,True,Discusses repeat purchases and platform comparison.,0.96
3016,reddit,9.0,2022-07-09T05:34:17+00:00,"This is the reason why people don't trust new(technology based) age companies, there is no one you can call and ask, they always want you to jump through extra obstacles for no reason. All new companies have the same principle and makes you afraid if something is going to happen.",True,Discusses trust in tech-based companies and user motivations/barriers.,0.98
3024,reddit,10.0,2022-07-04T12:26:24+00:00,"jiomart, swiggy, zomato",True,Lists alternative commerce platforms for consideration.,0.9
3029,reddit,7.0,2022-07-04T12:58:01+00:00,"I have been using it on swiggy, zomato and jiomart. Only food items are eligible for purchase. Anything other than food items, your card will get declined. Have around 9k in my card, if anyone has a 'jugaad' on how to transfer the balance let me know here.",True,Discusses restrictions on product categories for purchase using meal cards.,0.92
3033,reddit,3.0,2022-07-04T11:24:25+00:00,now on Reliance Mart mostly. BlinkIt was working for me till a few days ago. Rest mostly swiggy/ zomato. I still can't use half the money that is added every month.,True,Discusses platform switching behavior based on payment usability.,0.94
3035,reddit,1.0,2022-07-04T12:17:26+00:00,"I feel it is a scam and not worth. I tried few grocery shops listed in the Zeta app for scan and pay, always ended with error. And bjgbasket quality is not good like earlier times.",True,Discusses trust in product quality and payment errors.,0.9
3038,reddit,1.0,2022-07-05T15:11:55+00:00,Thanks peeps. Bigbasket is working!,True,Discusses platform preference and successful purchases.,0.88
3041,reddit,1.0,2022-07-05T04:57:28+00:00,I said bigbasket,True,Discusses preferred grocery platform.,0.85
3050,reddit,221.0,2022-04-22T10:43:30+00:00,Go to a shop owned by a malayali. You'll get the best banana chips there,True,Discusses product discovery and preferences for regional items.,0.95
3051,reddit,100.0,2022-04-22T11:02:12+00:00,or ask some malayali to bring it when they are coming to Bangalore.,True,Discusses sourcing and acquiring specific regional products.,0.94
3052,reddit,29.0,2022-04-22T12:09:32+00:00,This is the way!,True,Agreement on product discovery/sourcing methods.,0.9
3053,reddit,14.0,2022-04-22T13:22:23+00:00,I used to bring banana chips to office every time I come back to bangalore from Kerala and its really appreciated by colleagues.,True,"Discusses bringing regional products as gifts, reflecting user habits.",0.91
3054,reddit,4.0,2022-04-22T13:43:53+00:00,Everyone loves banana chips bro!!,True,Discusses product popularity and user motivations.,0.9
3057,reddit,109.0,2022-04-22T10:49:37+00:00,"Someone wise once told me “good things don’t come easy”. 

Swiggy bidu hot chips hudku",True,Discusses product discovery and search behavior for specific regional snacks.,0.93
3058,reddit,23.0,2022-04-22T10:52:31+00:00,"This op, banana chips are best brought from Hot chips.",True,Discusses product availability and preferred sources.,0.95
3059,reddit,2.0,2022-04-22T18:34:34+00:00,"I doubt it, these guys don't even have kharadpudi ones, only salt ones. and banana chips are so good when boiled in coconut oil",True,"Discusses product quality, variations, and user preferences.",0.96
3060,reddit,1.0,2022-04-22T19:35:41+00:00,"I know. 

I know that hot chips are not uniform in terms of what they offer or even the quality or taste across stores around Bangalore and I know you have to ‘try out’ a few outlets before you come across the one you like.. but they are undoubtedly the economic alternative. 

I also said it in order to push OP to walk out and explore the city instead of having the single frame of reference (online platforms) before judging the availability or trying to find the right fit solely on that.",True,"Discusses product availability, quality variations across stores, and user purchase barriers regarding online platforms.",0.97
3061,reddit,48.0,2022-04-22T12:24:28+00:00,My hometown is in Kerala. I came back to Bangalore literally yesterday. My grandmom makes THE TASTIEST banana chips at home. I would’ve brought them for you for free if you had ranted a little earlier.,True,Discusses trust in homemade products versus commercial alternatives.,0.92
3066,reddit,2.0,2022-04-22T17:40:46+00:00,"Next time you're coming back from Kerala, post here in advance. We all need some stuff from Kerala!!!",True,Discusses sourcing regional items not easily available locally.,0.9
3068,reddit,27.0,2022-04-22T11:01:31+00:00,"Local shops (hot chips variants), especially those run by malayalis, are the best place to get decent banana chips",True,Discusses product discovery and local availability for specific items.,0.95
3069,reddit,2.0,2022-04-23T02:18:28+00:00,"Could you name a couple spots, please?",True,Asking for specific local store recommendations for a product.,0.94
3070,reddit,27.0,2022-04-22T11:11:43+00:00,A1 Chips. I think they have a store in Jayanagar and in Indiranagar.,True,Provides specific recommendations for purchasing a product.,0.96
3073,reddit,2.0,2022-05-01T17:34:08+00:00,Not really. I find it easier to say jain because it's a cross between Vegetarianism and Vegan.  I'm not religiously inclined.  Surprised you took it that way - but I can understand how you'd get there.,True,Discusses dietary preferences affecting food choices.,0.91
3076,reddit,2.0,2022-04-23T12:30:00+00:00,"They're on Amazon Food, if you want to order in. The Indiranagar one.",True,Discusses platform availability and where to order specific food items.,0.92
3078,reddit,2.0,2022-05-02T14:57:18+00:00,Found one not too far from my place. Added image in post.,True,Discusses product discovery and finding a specific item.,0.9
3079,reddit,11.0,2022-04-22T11:10:52+00:00,Near by to Christ University,True,Relates to local store availability and product location.,0.88
3080,reddit,4.0,2022-04-22T11:12:33+00:00,hot chips have the best banana chips,True,Discusses product quality and consumer preferences for specific snack brands.,0.95
3081,reddit,4.0,2022-04-22T13:30:43+00:00,Swiggy is not where you get this. Haldirams i dont know but in most supermarket Dev brand chips are available which is keralla style (a bit commercialized kerala style),True,Discusses product availability across different platforms and brands.,0.94
3082,reddit,4.0,2022-04-22T16:19:03+00:00,Mangalore stores,True,Provides recommendations on where to buy specific food products.,0.91
3083,reddit,4.0,2022-04-22T10:58:58+00:00,I had bad experience even with the one which came to shark tank. Half part was not even fried properly.,True,Discusses product quality and trust in specific food brands.,0.96
3084,reddit,4.0,2022-04-22T13:18:50+00:00,Buy from any Mangalore Stores nearby.,True,Provides purchase recommendations for local stores.,0.9
3085,reddit,1.0,2022-04-22T11:04:40+00:00,"Beyond Snáck Kerala Banana Chips | 3 Pack Combo, 300g| Original Style, Peri Peri, Sour Cream Onion &amp; Parsley (3X100g) https://www.amazon.in/dp/B084Q8D86V/ref=cm_sw_r_cp_api_i_FEHT1TJKYF60Y6F4PQWX",True,Shares a product link and details regarding specific snack packs and variants.,0.93
3086,reddit,43.0,2022-04-22T11:27:16+00:00,"&gt;Peri Peri, Sour Cream Onion &amp; Parsley

What in the name of Lalettan is this abomination",True,Discusses consumer reaction to product variants and flavor choices.,0.89
3088,reddit,1.0,2022-04-22T13:04:40+00:00,These ones suck tbh. I'm from kerala and i can say it's nothing closer to the real ones. I'm sure others from kerala will agree too.,True,Reflects trust in products and user evaluation of snack authenticity.,0.97
3089,reddit,2.0,2022-04-22T17:38:55+00:00,Swiggy uh. Try hot chips bro.,True,Discusses platform comparison and brand recommendations.,0.91
3090,reddit,2.0,2022-04-22T18:54:50+00:00,you buy banana chips in every place but a hot chips shop with a gods name in it and complain smh,True,Discusses consumer shopping choices and expectations for specific product categories.,0.92
3091,reddit,2.0,2022-04-23T09:36:06+00:00,"Hello good people !! I work in Instamart and pains to see you go through this experience.

Basis the comments on the thread i can see below brands which are popular :-

A1 Banana Chips

Hot Chips ??

Shark Tank Brand - Beyond Snacks, we have it already

Do let me know anything else, will get this bit sorted and the product on platform",True,"Directly addresses product availability, catalog expansion, and customer feedback on quick commerce platforms.",0.99
3092,reddit,2.0,2022-04-23T13:02:56+00:00,"Have started process for A1 Banana chips

Do let me know another popular brands which are needed",True,Discusses sourcing new products and expanding platform inventory based on demand.,0.98
3093,reddit,1.0,2022-04-22T10:52:03+00:00,Hot chips have the best snacks. Even better when you go exactly when they are frying it. Fresh as fuck,True,"Discusses product quality, freshness, and consumer motivations around food purchases.",0.95
3094,reddit,1.0,2022-04-22T11:00:27+00:00,"Try banana chips from by 2 coffee, it's fresh and crispy, you can order it from swiggy or Zomato",True,Provides product recommendations and platform ordering options.,0.93
3095,reddit,5.0,2026-07-26T20:19:04+00:00,"I recently started using zepto, it's slow but cheaper than blinkit",True,"Discusses shopping behaviour, platform comparison, and pricing preferences between quick commerce apps.",0.98
3096,reddit,2.0,2026-07-26T20:26:47+00:00,Amazon now offering 100 rs cashback above 399 for first 5 orders,True,Discusses promotional offers and cashback that influence purchase decisions.,0.96
3097,reddit,1.0,2026-07-27T03:32:50+00:00,"Instamart, with Swiggy HDFC card its always cheaper. Never faced any issue with service. Without card also, offers are pretty good nowadays but timebased. Better to add in watchlist I would say",True,"Discusses shopping behaviour, pricing advantages with cards, offers, and watchlist usage.",0.98
3116,reddit,8.0,2026-07-26T09:40:47+00:00,My Swiggy shares😭😭if any strict policy applies then I'm fucked,True,Discusses stock/shares of a delivery platform and potential policy impacts on the business.,0.85
3140,reddit,1.0,2026-07-26T06:49:43+00:00,"https://preview.redd.it/3he54dvttifh1.png?width=654&amp;format=png&amp;auto=webp&amp;s=4cfd6e274482b0140fb2ff0d39d43c2454e80414

BRO! Use all in one, face, body and hair. It changed my life, no more hastle",True,User discusses product recommendations and grooming products.,0.95
3141,reddit,1.0,2026-07-26T06:56:20+00:00,"Soulflower is the best brand I've come across, but it can be a bit pricey, Nat Habit is another great option. Both of these sell for much cheaper on Cred.",True,"User discusses product brands, pricing, and purchase decisions across platforms.",0.96
3142,reddit,1.0,2026-07-26T07:10:00+00:00,"Good smelling = bad soap.
Buy soap with no fragrance",True,User discusses product attributes and purchase preferences for soap.,0.95
3143,reddit,1.0,2026-07-26T19:44:11+00:00,Lux smells best,True,User discusses product preferences and trust in brands.,0.95
3168,reddit,4.0,2026-07-22T22:58:07+00:00,Gloves and N95 masks,True,"Lists safety products required, relevant to product demand and utility.",0.85
3172,reddit,1.0,2026-07-23T02:15:10+00:00,"Share links to products which are deliverable, if possible",True,"User asks for product links that are deliverable, tying into product availability and purchase decisions.",0.9
3173,reddit,1.0,2026-07-23T07:20:57+00:00,"blinkit is asking for address, receivers name, receivers phone number.",True,"Discusses quick commerce platform (Blinkit) checkout requirements (address, receiver details), affecting purchase decisions and user experience.",0.92
3174,reddit,1.0,2026-07-23T09:36:43+00:00,"Helmet , goggles , Knee pad, ORS Drinks.
Send it to jantar mantar , ask the delivery person  to give it to the protestors,  they know what to do.

The situation is getting tense again. Stay In a group and if something feels sus , then just maintain some distance.
Don't run , give way to women, Don't do anything stupid. Stay Hydrared it really warm today.",True,"Discusses specific product types (Helmet, goggles, ORS) needed for quick commerce delivery to a specific location.",0.9
3237,reddit,1.0,2026-07-22T07:12:33+00:00,"I saw some reels where they requested for things like clothes, shoes, to change into since many have been there for days. 

Also things like goggles, masks. Delivery apps may not be working but some NGO's are available. Like sachkhandfoundation.",True,"Mentions that delivery apps may not be working at the protest site, directly affecting purchase and delivery feasibility.",0.9
3238,reddit,1.0,2026-07-22T09:33:27+00:00,"📢 *Protest Support: Mutual Aide Donation Links* 

Many people who could not attend the protests have reached out to ask if there are any links where they can make monetary contributions to provide support and aid for those at the protest site. Here are a few that I have found.
https://docs.google.com/spreadsheets/u/0/d/1kx6e6_6ffUy1aAXsCTUjdH8vRR8h_NzdqGM88Fk3fHg/htmlview

‼️ Please note: Swiggy/Zomato and other delivery apps may not be allowed at the site, and attempting deliveries could put riders at risk. Please avoid using them ‼️

What's needed beyond food &amp; water:
🩹 First aid supplies
⚖️ Legal aid/support
🧤 Safety kits, garbage bags",True,"Explicitly mentions that delivery apps like Swiggy/Zomato may not be allowed at the protest site, affecting purchase decisions and service availability.",0.95
3242,reddit,1.0,2026-07-21T18:29:09+00:00,But the delivery boys are unable to go inside they are distributing food outside on the road,True,"Discusses delivery personnel being unable to go inside and distributing food outside, relating to delivery availability and barriers.",0.92
3257,reddit,1.0,2026-07-20T11:36:47+00:00,Thank you. But do you know of any person on site that people can contact to contribute through Zepto/Blinkit?,True,Directly inquires about using quick commerce platforms like Zepto or Blinkit to contribute supplies to people on site.,0.96
3259,reddit,1.0,2026-07-20T19:01:03+00:00,I think contributing to NGO’s working on ground would be a good way to contribute. Not sure if Zepto/Blinkit delivery guys would be willing to yk come near the site,True,"Discusses whether Zepto/Blinkit delivery personnel would be willing to deliver near a protest site, directly touching upon service and purchase barriers.",0.95
3313,reddit,1.0,2026-07-21T06:29:36+00:00,I want to send supplies as well. Can send money - tried to order on blinkit/zomato/swiggy - area unserviceable,True,Discusses product availability/serviceability barriers ('area unserviceable') when trying to order supplies on quick commerce apps.,0.95
3319,reddit,3.0,2026-07-16T12:00:56+00:00,hey i also have a blinkit business in mumbai ive faced similiar issues while sending my inventory to faridabad feeder which deleivery parnter did you use if you did it by yourself i suggest safeexpress they did a good job and seamless drop for us but i still am facing a few issues,True,Discusses seller inventory supply chain and logistics issues related to Blinkit.,0.9
3320,reddit,1.0,2026-07-16T18:39:58+00:00,"what about their commision and ease for seller ,like it's worth it or not ??",True,Discusses platform commission and seller experience on Blinkit.,0.9
3321,reddit,2.0,2026-07-22T06:51:38+00:00,yeah tbh the only issue that i am facing as a seller is inventory distribution which is of no fault of my own this month blinkit has been unavailble to provide slots for the drop at regular intervals idk what issue they are facing with their feeders but they are saying it will be resolved next month ive good sales however the only struggle im facing is low inventory which again is blinkits fault not mine and also to add i wish they had a better support team,True,"Discusses seller inventory distribution, slot availability, and platform support issues on Blinkit.",0.95
3324,reddit,20.0,2026-07-05T05:40:30+00:00,"Aziot 4 node smart switch from amazon

Costs just under 1000rs and it can make your lights and fan smart and hides inside the switch board.

I have some automation scripts for wakeup/bedtime routines. Like my lights turn on and my fan turns off 10 minutes before my alarm goes off which gives me a natural and less harsh wakeup cycle.

Similarly i have a night automation which turns off my lights after 11 pm and won't let me turn it on for more than 10 minutes.",True,"Discusses smart home product features, pricing, and automation use cases affecting purchase decisions.",0.95
3328,reddit,1.0,2026-07-05T14:53:17+00:00,"I have automated my lamp and just doing that itself improved my life so much. I wake up better because of gradual wakeup script. And one lazy reason ,I don't have to manually turn on/off anything lol.",True,Discusses user motivations and trust in product utility for home automation.,0.88
3330,reddit,16.0,2026-07-05T04:56:55+00:00,A book stand. I used to slouch a lot to stare into the books .,True,Discusses product usage and personal motivations for purchasing an ergonomic item.,0.89
3333,reddit,13.0,2026-07-05T04:49:51+00:00,"Link for the overnight backpack pls...

For me, it has been a laptop stand. I used to strain my neck constantly looking down at the screen while working. Now with the stand, the screen is almost eye level, works like a treat. It's the next best thing if you don't have an adjustable table lol",True,"Discusses product utility, user motivation, and problem-solving through a purchase.",0.92
3334,reddit,3.0,2026-07-05T05:28:49+00:00,"https://dl.flipkart.com/dlhttp://m.flipkart.com/wesley-luxur-overnighter-expandable-anti-theft-feature-business-travel-luggage-backpack-45-l-laptop/p/itmfaaca48d81e3f?pid=BKPGWU5RKZ9ZX7TJ&amp;lid=LSTBKPGWU5RKZ9ZX7TJOEWG2Y&amp;marketplace=FLIPKART&amp;_refId=&amp;_appId=CL

it's out of stock for now but should come back in a few days and if the link doesn't work then try searching for 

WESLEY

Large 45 L Laptop Backpack Luxur Overnighter Expandable Anti Theft feature business/Travel/luggage backpack (Black) 

I hope you're using a separate keyboard and mouse with that stand and you also might want to look in RSI if your work involves sitting and a lot of typing.",True,Discusses product availability (out of stock) and search alternatives.,0.93
3336,reddit,2.0,2026-07-05T15:09:05+00:00,I have the same bag in blue. I got it for under 600 rupees about a year and a half ago. Totally worth every rupee. I can literally pack my mini world in it.,True,"Discusses product value, pricing, and purchase decisions.",0.91
3338,reddit,5.0,2026-07-05T13:46:54+00:00,"1 - healthy Nut mix dry fruit mix

 
2 - electrolytes powder 


3 - vit d sachets and mankind od 


4 - quechua bag 


5 - resistance band


6 - good soft big napkin 


7 - silk pillow cover 


8 - carefoam cervical memory pillow 


9 - cetaphil 


10 - good salon 


11 - sunscreen 


12 - fruits / month 


13 - camphor diffuser 


14 - soft sole slippers


15 - magnetic screw driver kit 


16 - foldable laptop stand 


17 - snake plant 


18 - cool door mats


19 - scented candle 


20 - bed mist 


21 - books 


22 - wind chime for positive energy 


23 - cloth bag 


24 - WD40 spray for cleaning 


25 - microfiber cloth for cleaning 


26 - led light Keychain 


27 - white board 


28 - paraben free shampoo


29 - good soap suggested by dermatologist 


30 - many things come under this price tag",True,"Provides a comprehensive list of lifestyle product purchases, reflecting shopping behavior and category exploration.",0.95
3339,reddit,3.0,2026-07-05T13:05:03+00:00,"Office laptop started heating up a lot, IT being IT asked me to wait for more time to get it replaced. Looking at one similar thread as this one bought a laptop cooling pad, evofox typhoon 2. Good value for money so far.",True,Explains user motivation and purchase decision for a cooling pad due to a specific problem.,0.92
3340,reddit,3.0,2026-07-05T16:26:19+00:00,"A sleeping mask , I have a kind of irregular sleeping pattern , so seldom I wake up earlier than I should cuz the sunlight is too strong , now with a sleeping mask I get enough sleep",True,Highlights user motivations and purchase decision based on a personal need (sleep pattern).,0.91
3341,reddit,2.0,2026-07-05T04:57:02+00:00,"https://dl.flipkart.com/dlhttp://m.flipkart.com/wesley-luxur-overnighter-expandable-anti-theft-feature-business-travel-luggage-backpack-45-l-laptop/p/itmfaaca48d81e3f?pid=BKPGWU5RKZ9ZX7TJ&amp;lid=LSTBKPGWU5RKZ9ZX7TJOEWG2Y&amp;marketplace=FLIPKART&amp;_refId=&amp;_appId=CL

it's out of stock for now but should come back in a few days",True,Discusses product availability (out of stock).,0.9
3343,reddit,2.0,2026-07-05T05:27:13+00:00,"try searching for 

WESLEY

Large 45 L Laptop Backpack Luxur Overnighter Expandable Anti Theft feature business/Travel/luggage backpack (Black)",True,Relates to product search behavior and naming/keywords.,0.85
3344,reddit,1.0,2026-07-05T22:15:57+00:00,"Soaps and lotions (from the company I freelance with) - keeps body oils balanced, improved skin. My work is related to field yet the products have somehow changed my views on ayurvedic products.",True,"Discusses trust in products, specifically changing views on ayurvedic items.",0.93
3346,reddit,1.0,2026-07-05T23:11:20+00:00,"It could take away some of my incentive, hope you understand. 
The soaps costs for 200 rs, lotions starting form 500 rs (250 ml), bath salts starting from 150 rs. There's a lot of products for wellness but still cannot mention the name (reason already told). Bound by my incentives 🤫, I can get you discounts on the purchases and you have to take my word on that. Sorry man.",True,"Discusses pricing, discounts, and purchase barriers/incentives.",0.89
3364,reddit,35.0,2026-06-27T20:48:41+00:00,I just checked and it’s available in my area. This is a great initiative. Thanks OP.,True,Discusses product/service availability in a specific area.,0.88
3365,reddit,39.0,2026-06-27T23:07:11+00:00,"in any medical emergency good luck calling an ambulance, if anyone even picks up they wont respond and if they do it'll take 1hr given the traffic and the ambulances dont have basic trained staff or equipment",True,Discusses trust in service reliability and user evaluation of emergency offerings.,0.87
3373,reddit,1.0,2026-06-28T12:04:36+00:00,It's free till you get used to it then they start monopolizing it.,True,"Discusses purchase barriers, pricing strategies, and user trust over time.",0.9
3374,reddit,2.0,2026-06-29T01:14:38+00:00,"I don't think it's an ad, I have unfortunately used the service atleast 3 times, and it has helped everytime. Everyone is so professional and capable.",True,"Provides feedback on service reliability, trust, and repeat usage.",0.92
3389,reddit,1.0,2026-06-25T03:45:08+00:00,"There are too many fake Amuls sliding in market... and even big wholesalers/retailers like blinkit/D mart are getting fake supplies mixed from intermediate distributors.

take pic of batch number and start sending to amul customer care.",True,"Discusses product trust, counterfeit goods, and supply chain issues in quick commerce.",0.95
3404,reddit,52.0,2026-06-19T08:38:01+00:00,It is free for now. And the Button for ambulance only shows up when there is an actual ambulance available within 10mins from your location. Else you wont see it.,True,Discusses app UI feature availability (ambulance button visibility based on location/availability).,0.85
3428,reddit,3.0,2026-06-18T20:02:30+00:00,This is not normal in blinkit store. The team at the store aren't doing their job properly and you can't do anything about it.,True,"Discusses store operations, inventory management, and product availability at a dark store level.",0.85
3447,reddit,1.0,2026-06-08T17:15:33+00:00,"It was way too fast, it’s not even that necessary to deliver this quickly.",True,Discusses ultra-fast delivery times and whether such speed is necessary for quick commerce.,0.9
3448,reddit,1.0,2026-06-08T17:17:36+00:00,Here I m talking about the delivery time. Not ordering is not the solution.,True,Discusses quick commerce delivery times and user expectations regarding ordering.,0.92
3450,reddit,1.0,2026-06-08T15:42:35+00:00,You placed order -&gt; event triggered -&gt; task list generated for dark store employees -&gt; employee completes task by collecting items -&gt; hands over to already waiting delivery guy -&gt; you received order -&gt; proceeds to reddit,True,Discusses the internal workflow of dark stores and order fulfillment process in quick commerce.,0.88
3451,reddit,1.0,2026-06-08T17:14:39+00:00,But still can they do all this in like 5 mins ?,True,Discusses order fulfillment speed in quick commerce.,0.9
3452,reddit,1.0,2026-06-08T17:43:10+00:00,yes if variety of items in order is less they can be picked in a minute or so. also delivery guys are paid by per order basis which gives them extra motivation to deliver faster but 5 minutes is crazy fast generally it’s around 10-15 minutes. you probably have dark store super nearby.,True,"Discusses quick commerce order picking, dark store proximity, and delivery motivation.",0.94
3453,reddit,1.0,2026-06-08T17:44:55+00:00,"i guess so, it was like v creepy.",True,User expressing creepy astonishment at quick commerce delivery speed.,0.8
3454,reddit,56.0,2026-05-25T16:28:54+00:00,"Research confirms your fears. A Faridabad study found Mn, Ni, and Pb in wastewater-irrigated vegetables posed significant health hazards (HRI&gt;1) especially for children. Delhi studies repeatedly show Cd and Pb in spinach, coriander, and okra exceeding safe limits. Leafy greens are hyperaccumulators, and no washing removes these systemic toxins once absorbed.",True,"Discusses heavy metals and toxicity in vegetables, directly impacting trust in products and purchase decisions for groceries.",0.95
3457,reddit,31.0,2026-05-25T17:11:45+00:00,"Good job raising this issue. Goddamn I'll be very honest I never thought about this, and now this is just another thing I won't be able to get out of my head because tf can you do about it.

It's insane to me how sometimes we think damn we're somewhat developing well, but at the end of the day, these things make me realise that we're still living in a third world country which is doing just marginally better (doubtful) than some countries in Africa.",True,Discusses food safety concerns which directly impact trust in products and purchase decisions.,0.85
3461,reddit,5.0,2026-05-25T18:28:56+00:00,we grow our own vegetables but i know the struggle. it's not a bad idea to figure out where the main distribution point is in the area you're based. that may help you ... gotta talk to people to get a feel for it.,True,"Discusses vegetable sourcing and quality struggles, affecting trust in products.",0.8
3470,reddit,5.0,2026-05-25T22:15:46+00:00,"If you visit any big mandi you will see this happening. Even in non industrial area. 

It's because every fukn citizen of this country thinks it's not his responsibility to do something good. It's always supposed to be a govt agency that should fix everything for them.",True,"Discusses vegetable handling in mandis, influencing trust in fresh produce products.",0.8
3471,reddit,1.0,2026-05-27T15:12:08+00:00,Why it is not the election issue Fake paneer is selling openly and Vegetables and everything is poisoned this must be a big issue,True,"Discusses adulterated food (fake paneer, poisoned vegetables), directly impacting trust in products and purchase decisions.",0.92
3474,reddit,3.0,2026-05-26T18:26:45+00:00,"Anyone who is taken a houseboat trip in Kerala will have seen all the plastic, diesel, and waste in the water that then goes to feed the rice paddies…",True,"Discusses water contamination affecting food crops (rice paddies), impacting trust in food products.",0.82
3532,reddit,2.0,2026-05-16T06:25:52+00:00,"Yes but the print quality is not that great - like the printer is nearly out of ink. When you are in a hurry, it's good for the price of course.",True,Discusses print quality and value for money affecting purchase decisions.,0.94
3533,reddit,1.0,2026-05-16T06:38:55+00:00,The quality was good for the documents I got printed. It came in a sealed envelope too so that was impressive.,True,Discusses product quality and packaging affecting trust.,0.95
3536,reddit,2.0,2026-05-06T12:17:13+00:00,Why is this more expensive than the Can? That too for lower quantity.,True,Discusses pricing and quantity comparison affecting purchase decisions.,0.96
3538,reddit,2.0,2026-05-06T12:22:17+00:00,"Fair, it’s only cheap at shops where you return the glass bottles. 

Though, it’s kind of a stupid expensive buy, you can’t do anything with glass bottles (without a cap), besides just giving them in Raddi.",True,Discusses product value and utility affecting purchase decisions.,0.92
3540,reddit,2.0,2026-05-06T12:20:14+00:00,Out of stock already,True,Discusses product availability.,0.98
3542,reddit,1.0,2026-05-06T11:51:20+00:00,"Check out this product on blinkit-Coca-Cola Diet Coke Soft Drink
https://blinkit.com/prn/x/prid/758021",True,Product discovery and sharing via link.,0.95
3543,reddit,1.0,2026-05-06T11:54:06+00:00,Ordered. Link helped.!!! Thanks mate,True,Demonstrates successful product discovery and purchase decision via shared link.,0.96
3545,reddit,6.0,2026-05-03T06:59:29+00:00,"strange bhai i usually order licious directly and haven’t faced such problem. tbh for stuff like chicken even small lapses in storage can affect smell and freshness a lot but since i order directly,, the packaging is properly sealed and the quality has also been nice.",True,"Discusses trust in products, quality, and comparison between direct ordering vs quick commerce storage/handling.",0.98
3546,reddit,2.0,2026-05-04T06:15:59+00:00,this honestly sounds more like storage/handling on zepto’s side cause delivery handling makes a huge difference. post actually belongs to r/fuckzepto,True,Discusses dark store storage and handling issues affecting product quality and trust.,0.95
3547,reddit,1.0,2026-05-03T07:14:37+00:00,Yes i think that their storage facilities are at fault. Or they are just getting those products which are on the verge of expiration,True,Discusses trust in products regarding storage facilities and near-expiry goods.,0.97
3548,reddit,2.0,2026-05-02T10:29:32+00:00,I have issues with frozen stuff like cheeze and icecream they are always bad,True,Discusses product quality issues with frozen items affecting trust and repeat purchases.,0.98
3549,reddit,1.0,2026-05-02T14:16:55+00:00,i have experienced this with ice cream,True,Discusses product quality issues affecting trust.,0.96
3550,reddit,1.0,2026-05-02T15:26:17+00:00,Yep icecream always have crystals idk 🤷‍♀️,True,Discusses recurring quality issues (ice crystals) affecting product trust.,0.96
3551,reddit,1.0,2026-05-03T06:42:56+00:00,yes sure i never got anything rotten from licious too,True,Discusses brand trust and product quality.,0.95
3555,reddit,384.0,2026-04-13T14:57:49+00:00,"I don’t think blinkit are discrete about it, it’ll most probably be just in a paper bag.",True,Discusses discrete packaging which directly impacts purchase barriers and decisions for sensitive products.,0.98
3556,reddit,45.0,2026-04-13T20:35:06+00:00,Or a clear plastic bag.,True,Discusses packaging privacy affecting purchase barriers for sensitive items.,0.97
3557,reddit,43.0,2026-04-14T00:28:00+00:00,Paper bag it is. Get the order before anyone can see it.,True,Discusses packaging and privacy concerns affecting purchase decisions.,0.97
3558,reddit,26.0,2026-04-14T08:30:53+00:00,A paper bag that the delivery guy opens to take a photo and upload on the app 🫠,True,Discusses privacy and packaging flaws affecting trust and purchase decisions for sensitive items.,0.98
3559,reddit,9.0,2026-04-14T10:22:54+00:00,Then then ask loudly enough for the neighbours to hear: “Kis naam se order hai?”,True,Discusses delivery experience and privacy concerns that serve as purchase barriers for sensitive categories.,0.97
3560,reddit,265.0,2026-04-13T14:50:28+00:00,"Brand can promise that but the delivery guy will know and sometimes they still send it with open packaging. If you really want it, collect it around 10-20m away from your home.",True,Discusses packaging privacy and workaround behaviours for sensitive purchases.,0.98
3561,reddit,183.0,2026-04-13T15:09:55+00:00,"In Gurugram, the guy just handed me the 'massager' box along with the smokes, no zepto bag either. 

Otherwise, even if I order a pack of cigarettes, they'll delivery in small bag or that lifafa. This was pretty extraordinary but yes you can get it, you may get it deliver somewhere else and not necessarily your home. It's working well though xD",True,Discusses packaging privacy and delivery handling affecting purchase barriers for sensitive categories.,0.98
3562,reddit,16.0,2026-04-13T23:14:06+00:00,I live alone so that was not much of a problem.,True,Discusses personal shopping behaviour and reduced purchase barriers due to living arrangements.,0.95
3563,reddit,6.0,2026-04-13T23:19:55+00:00,"I knoww right but then the girl's in the mood, time becomes crucial.",True,Discusses user motivations and urgency driving quick commerce usage.,0.94
3571,reddit,61.0,2026-04-13T19:47:51+00:00,"Okay,My kind of post!!

So I purchased suction massager from Mymuse (breeze) on Instamart. So,it came in a brown paper bag which was taped and that brown bag was in a big brown bag. Makes sense? Bag ke andar bag kind of situation.

I chose incognito mode of Swiggy, so other members of my family who share my premium Swiggy didn't get this notification that something was ordered and after 30 minutes of delivery that order disappeared from order history.


However! Don't buy my muses products lol. Spent 3K on the massager and it stopped working within 4-5 months . They only had 100 days of warranty.",True,"Discusses packaging, app features (incognito mode/order history deletion), and product quality/trust impacting purchase decisions.",0.99
3572,reddit,11.0,2026-04-14T06:07:13+00:00,"This is such a great idea. I will also order my sassy thing massager from incognito mode, thanks girlie",True,Discusses app features (incognito mode) directly influencing shopping decisions and overcoming purchase barriers.,0.98
3573,reddit,57.0,2026-04-13T14:52:03+00:00,Blinkit is definitely open and conspicuous about condoms. They come in the same normal packaging. Don’t know if the same would apply to sex toys. Best bet for you would be to buy when your parents are not at home,True,Discusses packaging norms and purchase barriers for sensitive categories.,0.97
3574,reddit,51.0,2026-04-13T15:15:40+00:00,Shouldn't condoms be non-embarrassing especially in a country like india?,True,Discusses cultural purchase barriers and social stigma for sensitive categories.,0.95
3575,reddit,34.0,2026-04-13T18:05:31+00:00,Wait till everyone in the building and your neighbours find out who ordered the condoms 😂 it’s chill but then it’s not lol,True,Discusses social anxiety and purchase barriers related to delivery of sensitive products.,0.96
3579,reddit,7.0,2026-04-13T15:04:12+00:00,"Discreet delivery is a myth when you order from e-commerce, they might bring the box only so be careful.",True,Discusses trust in packaging and privacy regarding sensitive e-commerce orders.,0.92
3580,reddit,7.0,2026-04-13T15:15:54+00:00,"I don't think discrete hota hai itna cause ek baar ek bande ki post thi blinkit se order Kiya tha like fruits , and other stuff and a condom blinkit walo ne condom ek dum upar saja k rakh rakha and delivery wala packet k andar dekh k uss bande ko looks de rha. 

So idk blinkit wala tumhe kaisi looks dega 😅😅😅😅

Idk mens k liye aisa kuch nhi milta for self relief , milta bhi hai to accha khasa expensive cheap price mai to quality bhi cheap aati hai",True,"Discusses purchase barriers, product trust, and lack of discreet packaging for sensitive items on Blinkit.",0.96
3581,reddit,7.0,2026-04-13T14:51:22+00:00,Office me mangva lo,True,Discusses workaround purchase decisions for sensitive deliveries.,0.85
3583,reddit,7.0,2026-04-13T18:49:27+00:00,"Never order this from zepto 
Never means never
Use blinkit they deliver in packet",True,"Compares platform reliability and packaging practices between Zepto and Blinkit, directly affecting purchase decisions.",0.95
3584,reddit,4.0,2026-04-13T15:04:32+00:00,Subah zepto wala Preganews de rha tha mujhe khule mein 2 pieces ; mene kha bhai mere nhi h check krlo order ;-),True,Discusses lack of discreet packaging affecting trust and purchase decisions for sensitive products.,0.94
3586,reddit,7.0,2026-04-13T16:20:19+00:00,"Sachmein mera nahi tha bhai; 
Mein kehna chahta yha k bina discrete packaging k sath sath laparwahi bhi hoti h",True,Discusses packaging privacy and careless handling affecting user trust.,0.9
3587,reddit,5.0,2026-04-13T15:21:13+00:00,just get it from blinkit and meet the delivery guy outside your gate.,True,Discusses delivery coordination behavior to overcome privacy concerns on quick commerce apps.,0.88
3588,reddit,5.0,2026-04-13T16:13:32+00:00,mine didn't come in discreet packaging. the sassy thing has an offline store inside a cafe in saket called ATE(altogether experimental). but you'll have to pay the full price instead of the discounted prices available on these instant apps. also received a dead vibrator once from zepto.,True,"Discusses product quality issues (dead item), lack of discreet packaging, and platform comparison.",0.93
3589,reddit,4.0,2026-04-13T16:14:53+00:00,Delivery agent knows everything what's inside it. 😅😂,True,Discusses privacy concerns regarding delivery agents and sensitive purchases.,0.89
3590,reddit,4.0,2026-04-13T16:23:46+00:00,Just ask him to leave the packet somewhere close to your place like behind the gamla or on the stairs maybe and pick it up later when he is gone and no ones around.,True,Discusses workaround shopping behaviour to maintain privacy from delivery agents.,0.9
3591,reddit,4.0,2026-04-14T01:54:08+00:00,"Don't order it at your place. Order it at a random place like a park or something and also order some big items as well like nariyal pani or watermelon, they'll be forced to bring a bag or something, the real thing will be buried deep in the bag.",True,Discusses shopping strategy and cart building (adding extra items for better packaging) to overcome purchase barriers.,0.95
3592,reddit,4.0,2026-04-14T02:01:07+00:00,"For safer side, order other items along with it so that you get a bag. Also collect it from a few meters away from your home. 
Edit- if sharing blinkit account, delete the order from order history :)",True,Discusses shopping strategies (bundling items for bags) and privacy habits like clearing order history.,0.94
3594,reddit,3.0,2026-04-13T16:52:09+00:00,They are discreet with condoms so ig they should be with these as well,True,Discusses user expectations regarding discreet packaging for sensitive categories.,0.91
3595,reddit,3.0,2026-04-13T19:00:12+00:00,"When I buy condoms , they wrap them neatly in paper bags so maybe a similar level of discreteness is expected",True,Discusses user expectations of discreteness based on past ordering experiences.,0.92
3596,reddit,3.0,2026-04-13T19:46:16+00:00,"ordered the same rabbit massager many times for my different friends on different locations and every time it came in brown paper bag, I also made sure to order some more items along though 😀",True,Discusses repeat purchases and shopping behaviour (bundling items) to ensure discreet packaging.,0.94
3597,reddit,3.0,2026-04-13T20:17:45+00:00,"Nope. They don’t deliver sex toys discreetly. I ordered strokers multiple times from blinkit, instamart and zepto. None of them covered the box with anything. Pretty sure it would be the same case for any toy. I suggest imbesharam. Prices are a bit high but more variety and good quality products. Stay away from low quality tpe silicone. Look for medical grade or platinum cured ones. They are much better for your skin.",True,"Provides detailed product information, quality feedback on materials, and compares platforms (Blinkit, Instamart, Zepto vs. specialized stores) influencing purchase decisions.",0.98
3598,reddit,3.0,2026-04-13T20:25:08+00:00,"I have ordered before and yea they basically don't care, they will give u in paper bag and that will be the end of it

So rest assured you are completely safe.",True,Discusses packaging trust and user reassurance for sensitive orders.,0.9
3619,reddit,0.0,,Thats why I almost always order on COD,True,Discusses payment method preference (COD) as a purchase behavior/barrier reducer.,0.92
3620,reddit,0.0,,Yhi karunga bc ab mai,True,Discusses shift in payment preferences (COD) for orders.,0.88
3622,reddit,0.0,,Cigarettes on blinkit? Bhai merko toh ni show hoti wahan,True,Discusses product discovery and availability issues for specific categories (cigarettes) on the app.,0.96
3623,reddit,0.0,,"selling tobaccor related products from app is prohibited by play store.

Search cigs in blinkit app, then it will redirect you to download another version of blinkit from the browser. You can order cigs from that app",True,"Explains search experience, product discovery, and app workarounds for restricted categories like tobacco.",0.98
3624,reddit,0.0,,"Looks like an attempt to make you cancel or get wrong delivery on record and pocket the items.


It happened to me where when I raised not delivered complaint the cc connected me to delivery partner who was rude and said he delivered correctly to address given.


When questioned which door number he just said next door then we argued and when I asked again he said another number 2 doors away.


The cc understood o think and immediately asked me to cut call and gave refund. My expectation was to make the same delivery person to collect from wrong address and deliver correctly.


It’s too much to ask for proper resolution and professional resolution from these apps.


I stopped using for few weeks then understood it’s just my loss and started ordering again",True,"Describes customer support friction, delivery errors, and how negative experiences temporarily stop repeat purchases before users return out of convenience.",0.94
3643,reddit,0.0,,"We pay the company for a reason.  Home delivery means door step delivery.  I don't understand why sone people always say go get it by yourself,  buy offline.  Always dodging the real problem.",True,Discusses purchase motivation between online home delivery versus buying offline.,0.94
3650,reddit,0.0,,All these posts make me happy I don't use delivery apps and go to shop to buy stuff,True,User explains purchase barrier and motivation to stop using delivery apps in favor of offline shopping.,0.96
3669,reddit,0.0,,"This is just a thought


I know this isn't your fault in any way. I think this is blinkit's fault (or other time based delivery companies)


The blinkit company promises to deliver in 10-20 mins so these drivers are rushed otherwise they would have to pay from there pocket. And customers too start abusing or threatening to raise a complaint if the rider is late. Let's be serious nobody needs such commodities for an emergency. No doubt blinkit ambulance is a very good thing but these delivery items can wait 5-10 mins. These riders can die or even kill someone accidentally because a person wanted his dhokla mix in 5 mins. All in all I think these companies should be shut down. Although I know it's not in my abilities to do so but as an individual I have stopped ordering from such companies.",True,User explains why they stopped ordering from quick commerce apps due to safety and ethical concerns regarding ultra-fast delivery.,0.95
3683,reddit,0.0,,"You can try 
1.Chiwda snack namkeen 
2.light mixture",True,Recommends specific snack products available for purchase.,0.96
3684,reddit,0.0,,jackpot fireball chips are gooood,True,Discusses product quality and personal preference for snacks.,0.97
3685,reddit,0.0,,"My personal fav Tapioca Chips ( sweet karam coffee 🤌🤌🤌) or banana chips ( beyond snack) 


Baki if you wanna try some expensive then browse the Gourmet one",True,Discusses snack product preferences and category exploration into gourmet items.,0.98
3686,reddit,0.0,,"try the tasty millets... tasty & requires minimal effort... on the plus side, is healthy. can try pasta, noodles etc.",True,Recommends healthy snack and food options for category exploration.,0.97
3687,reddit,0.0,,Tong garden party mix,True,Recommends a specific snack product.,0.96
3688,reddit,0.0,,Yo brothaa awesome snack fire fireee,True,Positive feedback on a snack product.,0.95
3689,reddit,0.0,,"Check out this product on blinkit-Portronics Sound Drum 1 Portable Bluetooth Speaker (POR 1288)

https://blinkit.com/prn/x/prid/663975


If you have budget of 2k you can get these portronics speakers you can buy two of them actually and pair it together with the tws feature and it actually sounds good",True,Provides product recommendations and pricing discussion for electronics on Blinkit.,0.98
3690,reddit,0.0,,What if i buy only 1 will it not be enough?,True,Asks a product information question regarding purchasing decisions for electronics.,0.97
3691,reddit,0.0,,"It will be enough it’s a decent speaker if you can get it under 1k 
But if you can extend your budget little more you can get the xiaomi sound outdoor and they are worth every penny. I have this and also sony srs xb13 as well as portronics and boat speakers aswell and one thing i can say is these boat and portronics speakers deteriorate with time pretty fast and also the sound quality is average on these speakers.
But the xiaomi speaker I’m talking about is actually very good with good sound quality and good battery life also the build quality is great considering the price range.",True,"Discusses product information, trust in brands, build quality, and sound performance for electronic items.",0.98
3692,reddit,0.0,,They are really costly and my usage is not that much so i think it ll not be wise to invest so much money in a speakers. Though u are right about boAt and portronics as i hav one that i connect with my projector and i feel it is deteriorating with time and battery backup is so bad.,True,Discusses budget considerations and purchase decisions for electronics.,0.97
3693,reddit,0.0,,"If you can up your budget a bit then go for tribit xsound go from Amazon, it's the best speaker under 3k. If you cannot negotiate then you can go for portronics soundrum P from flipkart.


Quick commerce like blinkit, Instamart are not that reliable for electronics. Their refund policy is not good, so if you end up having some issues then forget about after sale support.",True,"Discusses product availability, trust in quick commerce for electronics, and purchase barriers regarding poor refund policies.",0.99
3695,reddit,0.0,,"The data is not latest. 2 stores near my Residence have closed 2 months ago but they’re still visible.


However, a veryyy cool representation.


Adding upcoming Quick commerce brands like Amazon Now, Flipkart Minutes and Pronto will take this stuff to a whole new level.",True,"Discusses product availability, store visibility issues, and store data accuracy on quick commerce apps.",0.98
3696,reddit,0.0,,"It feels very happy to finally have a store open here, a stretch of 10 km of emptiness highlighted by a single store.",True,Discusses store availability and geographical access to quick commerce.,0.97
3697,reddit,0.0,,"<image>


In stock here!",True,Discusses stock and product availability.,0.96
3698,reddit,0.0,,😭😭😭 here its not,True,Discusses lack of product availability in a specific location.,0.97
3700,reddit,0.0,,"<image>


YES🔥❤️",True,Expresses excitement about product or store availability.,0.95
3701,reddit,0.0,,"Idea sounds good, but execution will be hard.
The biggest challenge is logistics. Heavy materials, transport, storage, and Delhi traffic. Margins are also lower than quick commerce.
Demand isn’t as frequent as groceries, so you’d need strong vendor tie-ups and maybe focus on urgent/small orders first.
Tech is easy operation will decide if it works.",True,Discusses logistics and supply chain challenges for a new retail category.,0.96
3702,reddit,0.0,,"I heard there is one such already on the grounds and as of now only active in gurugram, by the name of buildzap you can check that out it has been in sort of stealth and have an incorporation even before that of one based in bengluru i.e homerun",True,Discusses existing niche startups in an emerging category.,0.95
3703,reddit,0.0,,"That’s interesting, didn’t know about them — will definitely check it out.


If something like this is already working even in a small area like Gurgaon, it actually validates the demand to some extent.


Would love to understand what they’re doing differently and where the gaps still exist.",True,Discusses market validation and demand for a category.,0.96
3704,reddit,0.0,,"On paper it sounds like a good idea, however there seems to be a few roadblocks:




Construction industry is still highly unorganized, atleast at the level you will want it to operate.


Most construction materials by people are close to never bought directly by the customer, but through their local plumber, carpenters or mistri. For eg., it you were to get my basin fixed chances are less that I would directly order valves, pipes, taping, etc etc or I will never go on to buy hinges/channels for carpentry, and bricks, sand etc for civil, mostly because I will not have the knowledge, secondly just asking the local guy to get it and pay through UPI or cash sounds much more convinient. Now on the flip side, of I had a chance to order it through a quick commerce app or atleast compare pricing, but that for now seems a stretch. 


In the USA, or many other countries people do much of their smaller home related repairs on their own, hence you see large departmental stores like home depot having tools, diy kits etc. and I guess the closest to that in India is Hippo. This is also the reason you will hardly see HomeCentre, Market 99 etc ever selling hardware, tools, construction related stuff. 


As far as I know, Indian construction market has a duplicate for everything, so for a normal customer the difference between MYK Laticrete or a local one (much like abidas vs adidas but much more nuanced), there is a rip off for literally every brand, be it faucets, kitchenware, hardware etc and that makes it much difficult to navigate. In cases like these the word and recommendation of your local hardware store guy will take precedence even if it sometimes backfire when they try to sell sponsored stuff.


I feel and maybe I am wrong but there is a reason much of it is not available through qc apps or even online marketplaces due to regulations and safety concerns on building materials, many of which can be used for illegal practices. 


Lastly I think if something for this were developed with proper R&D, chances are it will be acquired in the future, or developed by giants like Blinkit, Zepto, Amazon which already has the means and resources to execute something at the scale. 




Having said all of that, the idea still sounds interesting to say the least and unimaginable in a good way because it means if something were to be fully developed like this it could really change the way people think of it. With ever increasing demand of househelp/labour etc and their fees increasing manifolds, I do see people shifting to doing much of these works on their own in the future. 


Plus we have seen in the past if something like this takes off even in the pilot stage, and beyond it means you or whoever develops this will have a say at the bargaining table with govt to bend rules in favour, but that is still  far fetched idea, nonetheless very much possible as has been seen with many other industries.",True,"Discusses purchase barriers, consumer shopping behavior, intermediary reliance, and trust in construction/hardware categories.",0.99
3705,reddit,0.0,,"There is one Banglore based Startup who is doing the same so you can take inspiration from them. 


I don't remember the exact name right now, but I get to know about them from the Backstage Millionaire Youtube Challenge Weekly episodes.",True,References a startup exploring a new category.,0.95
3706,reddit,3.0,2026-03-16T07:47:06+00:00,"whyd you buy that without looking at the reviews

they have bad reputation everywhere",True,Discusses trust in products and the importance of checking reviews before a purchase decision.,0.98
3707,reddit,2.0,2026-03-16T07:47:26+00:00,Coz I am stupid,True,Reflects on a past purchase decision.,0.97
3709,reddit,2.0,2026-03-16T09:40:53+00:00,Learnt that the hard way too.,True,Reflects on lessons learned from past purchases.,0.96
3710,reddit,2.0,2026-04-12T07:21:06+00:00,Omg I tried doki too. The taste was absolutely disgusting. I was enticed by all the Instagram marketing and thought of purchasing. Sadly it smells like dog treats and is overpriced asf.,True,"Discusses trust in products, negative user experience due to marketing, and purchase barriers like perceived overpricing.",0.99
3713,reddit,1.0,2026-03-14T15:16:23+00:00,Dude just go out and pick up whatever you want fruits veggies and all don’t rely too much on these apps their dark stores are filthy,True,"Discusses shopping behavior, consumer motivation to buy offline, and trust issues regarding dark store hygiene.",0.99
3714,reddit,1.0,2026-03-14T18:21:53+00:00,There are many vendors with thier carts on polo road.....go n buy from there.....,True,Discusses alternative shopping behavior (buying from local street vendors instead of apps).,0.97
3718,reddit,48.0,2026-03-11T20:45:18+00:00,Mai to 3 saal se induction hi use kr rha. I find it safer than lpg although not versatile like gas but okay,True,Discusses product usage habits and household cooking appliance preferences.,0.97
3719,reddit,3.0,2026-03-11T21:48:36+00:00,I have two. 1 Prestige and other one is a local brand Baltra,True,Discusses appliance brand ownership and product reliability.,0.97
3720,reddit,2.0,2026-03-11T23:13:45+00:00,"My mother use gas only for roti, puri and kadhai wali sabji.",True,Discusses household cooking habits and appliance usage behavior.,0.97
3722,reddit,4.0,2026-03-11T20:51:10+00:00,Well anyone tried infrared cooktops??,True,Inquires about product alternatives in home appliances.,0.96
3723,reddit,6.0,2026-03-11T21:00:54+00:00,"Bhai mere family ne last year hi induction motor kharida tha kyunki papa ko chicken banana hota tha toh mummy ko objection thi same flame use karne se toh kalesh na ho induction leli phele samajh nahi aa raha tha befaltu mei hi 2k rupee uda diye apne iss chiz pe jo hafte mei 1 baar use hoti hai refund karne tak ki soch rahe the. Guess what today, looks like we bought the ultimate game changer a few months too early. No worries or panic in my household going on cos of that very thing which once created it.",True,"Discusses user motivations, purchase decisions, initial hesitation (purchase barriers), and changing utility of a kitchen appliance.",0.99
3724,reddit,10.0,2026-03-12T03:39:02+00:00,Lekin ab veg khana kaise banega non veg induction me? Ab kalesh nhi hoga kya?,True,Discusses household cooking habits regarding specific appliances.,0.96
3733,reddit,1.0,2026-03-11T21:06:52+00:00,"Let me know if you ever find one. I'm looking to get one but the only ones available are infrared, and their reviews are crap, plus they're expensive and use a lot of electricity.",True,"Discusses product availability, product information, and reviews of infrared cooktops.",0.95
3737,reddit,1.0,2026-03-12T03:18:23+00:00,"Get infra red cooktops if you cant a good induction cooktop..its cheaper, does not need you to change your cookware and people are buying these induction stoves for emergency use anyways.",True,Provides product recommendations and pricing/feature comparisons.,0.94
3738,reddit,1.0,2026-03-12T04:47:24+00:00,"OP if you want to buy - Philips website has available
I purchased mine from there",True,Discusses product availability and purchase channel.,0.95
3739,reddit,1.0,2026-03-12T05:21:30+00:00,I hope people understand that induction stoves also require induction cookware. You can’t just put any random utensil on it.,True,Discusses product information and compatibility requirements.,0.96
3740,reddit,1.0,2026-03-12T06:15:57+00:00,Ordered from Amazon.Will get delivered tom but situation will get worse,True,Discusses purchase decisions and ordering from a platform.,0.92
3742,reddit,1.0,2026-03-12T07:29:34+00:00,"Did you check Croma, Vijay sales, Amazon, Flipkart?",True,Discusses checking multiple platforms for product availability.,0.95
3745,reddit,1.0,2026-03-12T08:22:18+00:00,"I ordered philips 4298 2100W one for 3k
Is it an okay price or did I overpay?",True,Discusses pricing and purchase decision for a specific product.,0.97
3746,reddit,1.0,2026-03-12T08:48:19+00:00,Plus the variable price strategy has fucked all of their prices to the moon. Fuck this shit man,True,Discusses dynamic pricing strategies affecting purchase decisions.,0.96
3748,reddit,1.0,2026-03-12T09:54:06+00:00,"change address to nearby and try to find. Got one just now. Picked from dummy address 5 km away - different store.

https://preview.redd.it/i0ezdges6log1.png?width=1194&amp;format=png&amp;auto=webp&amp;s=879e99142992769f45f988231327a81eb5729170",True,Discusses changing location/address hacks for product availability.,0.98
3749,reddit,1.0,2026-03-12T10:17:24+00:00,Wife wanted to grab one induction. I ordered rice cooker we can use from tomorrow,True,Discusses purchase decisions driven by product unavailability.,0.95
3754,reddit,259.0,2026-03-04T15:16:12+00:00,"I'm planning to buy beyblades for myself, i used to love them as a kid but the original ones were expensive back then , but now I will get a few surely",True,Discusses user motivations and purchase decisions regarding childhood nostalgia items.,0.97
3759,reddit,16.0,2026-03-04T17:21:51+00:00,i want to get the bubble gun…the one which has around 50+ holes…. it makes so many bubbles at once….,True,Discusses product discovery and desire to purchase a specific toy.,0.96
3761,reddit,2.0,2026-03-04T18:41:08+00:00,Where to find one??????,True,Inquires about product discovery and availability.,0.95
3763,reddit,25.0,2026-03-04T15:38:51+00:00,"I ordered one male toy from imbesharam. Pretty good. 

It’s fun and different.",True,"Discusses purchase decision, user motivations, and trust in a specific category.",0.96
3768,reddit,27.0,2026-03-04T18:46:04+00:00,"I got me a remote control car in my 30s. Come home a couple of years later, I see the same car with my 3 year old nephew 😁

But who cares !!",True,Discusses shopping behaviour and purchase decisions based on nostalgia.,0.94
3770,reddit,16.0,2026-03-04T19:13:17+00:00,"Toys are good; I'm a 26 m. They really give you pleasure and happiness. Recently, I bought a Hot Wheels Batman edition. It's so smooth to play",True,"Discusses user motivations, trust, and purchase decisions for adult toy/collectible purchases.",0.95
3774,reddit,7.0,2026-03-05T00:53:36+00:00,I bought a vibrator a month ago and it's one of the best decisions,True,Discusses purchase decision and user satisfaction (trust/repeat motivation) for adult wellness products.,0.97
3803,reddit,2.0,2026-02-26T06:23:59+00:00,"I get the sarcasm, but I have genuine concern in the quality of grocery on these online platforms. I exclusively get my grocery from modern bazaar as their quality and selection is top notch especially bakery items and their in house pulses and legumes and paneer. Blinkit only when late in night or in a hurry to get something.",True,"Discusses trust in product quality, purchase decisions, and why they only use Blinkit late at night/emergencies.",0.98
3804,reddit,64.0,2026-02-25T03:04:50+00:00,"My parents only buy from stores . They belive in ""dekh kr lenge"" also the things are cheaper in store compared to online . I used to order a lot intially (mainly chips , chocolates etc) but now i only order niche items online which i know would not be easily available on offline stores",True,"Discusses shopping behavior, purchase barriers (trust in offline vs online), and category exploration (only ordering niche items online).",0.99
3805,reddit,30.0,2026-02-25T07:15:40+00:00,You’re heavily mistaken. Almost 95% branded grocery items are cheaper online. Add the card offers and you end up with atleast 20% less price than offline. Validated personally over the past year,True,Discusses purchase decisions and price comparison influencing online grocery shopping behavior.,0.97
3806,reddit,6.0,2026-02-25T05:36:36+00:00,"Depends on where you stay, most stores in Gurgaon, atleast, sell at MRP. Overall then Blinkit/Instamart becomes more cost effective, even if you add in the delivery rate.",True,Discusses cost-effectiveness and purchase decisions regarding quick commerce vs physical stores.,0.98
3807,reddit,2.0,2026-02-25T15:08:35+00:00,"\&gt;also the things are cheaper in store compared to online

False, unless you get special limited time deals on items the regular groceries are ALWAYS cheaper on apps. And some apps like Flipkart slash down prices on products near expiry dates which is rare/unseen in physical stores.",True,Discusses price comparison and purchase decisions between physical stores and apps.,0.97
3808,reddit,58.0,2026-02-25T02:28:10+00:00,"I’m going to INA some times to get the good quality groceries, it is beneficial to see what you are buying. There is also a local vegetables guy next to our local mother dairy which is nice. Most of his produce seems like good quality.",True,Discusses shopping behavior and motivation for buying offline to see product quality.,0.98
3809,reddit,21.0,2026-02-25T04:06:46+00:00,"All hail INA market, the groceries are really good over there",True,Discusses preference for physical markets over online options.,0.94
3813,reddit,28.0,2026-02-25T04:17:36+00:00,"I like going to markets that are right near my gym after my workouts. 

I also buy from Blinkit.

Recently my Korean friend came to Delhi and got addicted to Blinkit. He had to take some chocolates and souvenirs back and surprisingly they were cheaper on Blinkit.",True,"Discusses shopping behavior, hybrid use of physical markets and Blinkit, and an instance of price discovery.",0.97
3814,reddit,17.0,2026-02-25T02:53:43+00:00,I use both. Shopping at a supermarket can be a decent hangout plan.,True,Discusses user motivations and shopping behavior using both online and offline channels.,0.96
3815,reddit,4.0,2026-02-25T04:33:23+00:00,I love modern bazaar for this. They have plush stores with soo much variety. Atleast you get to browse a little,True,Discusses category exploration and browsing experience in physical supermarkets.,0.97
3816,reddit,7.0,2026-02-25T04:06:34+00:00,"Some things are still not available, or they're not as good a quality as the local vendor!

For example, Paneer and Khoya available in packaged online deliveries cannot compete with the quality of the local dairy!

Same goes for festival/religious items, although that's being 'dealt' with; last I checked!",True,"Discusses product information, trust in products, and why certain categories are not explored or bought online due to quality.",0.99
3817,reddit,4.0,2026-02-25T07:28:31+00:00,"Agreed. Quick commerce may be ""quick"" but my experience with their cold supply chain has been truly awful. Have received spoiled chicken, rotten eggs, expired milk, puffed packets of tofu and paneer. Dairy is at a 2 minutes walk for me, I prefer buying milk, dahi and paneer from them over taking a gamble that I am going to receive spoiled packets once again or not. Plus I can always go, buy and come back faster than any quick commerce delivery app so that's that. XD",True,"Discusses trust in products, purchase barriers (cold supply chain issues), and why they avoid buying certain categories online.",0.99
3818,reddit,2.0,2026-02-25T07:31:22+00:00,"In my case, I would rather deal with these 'apps' for spoilt/rotten/damaged products; rather than the shops!

Mostly because I'm not a confrontational person!😬

Also, lazy; so definitely quick commerce ahoy!🤭",True,Discusses user motivations and purchase decisions regarding app usage vs physical shops for damaged products.,0.98
3819,reddit,2.0,2026-02-25T07:36:44+00:00,Neither am I. I don't want to do the hassle of dealing with returns and all. It drains me mentally. Usse better main ek baari mein sahi saman le aun.,True,Discusses user motivations and friction in return processes affecting shopping behavior.,0.97
3820,reddit,4.0,2026-02-25T03:53:02+00:00,"I do both. All the monthly groceries i get from the super mart but if there is something that i need urgently, then and only then do i use Blinkit or Zepto.",True,"Discusses shopping behavior, frequency, and using quick commerce strictly for urgent purchase decisions.",0.99
3821,reddit,4.0,2026-02-25T04:41:38+00:00,I buy from my local sabzi wala who brings high quality vegetables which are fresh. Blinkit ones are sh*t,True,"Discusses trust in products, purchase barriers, and preference for local vendors over quick commerce vegetables.",0.98
3822,reddit,5.0,2026-02-25T04:32:52+00:00,"Yes, plan all meals once a week and religiously visit market for groceries and vegetables. Supermarket for shampoo, soap, detergent, etc. Avoid convenience apps as much as I can.",True,"Discusses shopping behavior, planning, and conscious avoidance of convenience apps.",0.98
3823,reddit,4.0,2026-02-25T04:36:39+00:00,We have a hybrid at our home cos somethings my mum likes to buy from the known bhaiya. Plus she wants “everyone to be employed” 😅,True,Discusses user motivations and shopping behavior regarding hybrid offline/online purchasing.,0.97
3824,reddit,4.0,2026-02-25T06:05:22+00:00,"No one from my family has visited a grocery store in the past 5 years 😭

All our groceries come exclusively from e-commerce stores.",True,Discusses shopping behavior and shift to exclusive e-commerce grocery shopping.,0.98
3825,reddit,3.0,2026-02-25T10:30:59+00:00,"I plan and order multiple things at once for the whole week, so ig it's the same thing just while sitting at home.",True,"Discusses shopping behavior, planning, and batch-ordering multiple things for the week.",0.98
3826,reddit,4.0,2026-02-25T10:36:41+00:00,"I live all by my lonesome in Mumbai. It's been tough letting go of the Blinkit convenience mania, but I've zero-ed down my issues to two things: 1. It gets damn expensive to keep re-ordering stuff, and my forgetful ass doesn't manage to get everything in one go anyway. I've had to uninstall Blinkit thrice because of the 700rs+ bill I kept racking up. 2. This may seem a bit performative, but it does come from a place of good intention: buying from the local grocery store (kirana shops) just feels right. When they know me by my face and can almost always guess what I'm there for, it feels damn good. Today, the dude had so much patience with me because I was buying some new ingredients for some new recipe... had no clue about quantity etc. So he helped me out, despite the long line! That's my bid for human connection, I guess. Grocery stores.

edit: repeated a phrase",True,"User discusses shopping behaviour, purchase barriers (high bills, basket size management), and motivations for choosing local offline stores over quick commerce.",0.98
3827,reddit,3.0,2026-02-25T03:27:45+00:00,"I use both. Most common is grocery store. While I come back from work to home, there are lot of g ocery shops, so i buy them on the way. Only when I need things that are not available in grocery stores, I order online.

Go for a walk every alternate day and buy groceries I'm sure there is grocery shop in walking distance from any place in delhi. Consider it as walking/exercise not a chore. Also if u need something that's only on app, then add to cart and wait, once u add enough items within a month (more than 500rs worth) then order from online apps.",True,"Discusses shopping behaviour, purchase decisions, and the threshold required before ordering online versus offline.",0.95
3828,reddit,3.0,2026-02-25T04:28:49+00:00,"Yes. Ghar ke neeche hi Amul ki dukaan hai, and a short walk away is small vendors for fruits and veggies. 
My job when I come home is to go do errands. 
When I live by myself, I order instamart if something I want is really urgent and I get a better discount on it than other places.
Parents still get groceries offline exclusively.",True,Highlights shopping behaviour and user motivations regarding when to use quick commerce versus offline stores.,0.94
3830,reddit,3.0,2026-02-25T05:06:28+00:00,I am lol. Its cheap + supports local business,True,Discusses user motivations and trust/support for local businesses over online platforms.,0.91
3831,reddit,2.0,2026-02-25T04:51:48+00:00,"Most of the home ration comes from offline departmental stores near the house..however at times, when online apps have good offers/discounts or we need something quicker..delivery apps are the way out..",True,"Discusses purchase decisions and shopping behaviour based on discounts, offers, and urgency.",0.96
3832,reddit,2.0,2026-02-25T06:43:11+00:00,"I am from Mumbai but whenever I am living in NCR, I too do my monthly shopping only from Dmart.

I don't think there's anything cheaper than Dmart in overall cost",True,Discusses shopping behaviour and cost considerations for grocery shopping.,0.92
3833,reddit,2.0,2026-02-25T09:43:59+00:00,"I am still going to my local dairy for milk and bread (on my way back home when i drop my kid to school), going to local Rajmandir and Max bazar as they have better deals than online stuff. 

Veggies and fruits from local reddi walas or farmers market (Tuesday or Sundary markets) because they are fresher, better quality and always cheaper than online. You can haggle as well - bulk buying gives you great discounts.

Not saying that I don't buy online - but its mostly for convenience like weekends or when I away from home and my family needs something.

I buy my clothes from shops as the fitment and quality cannot be judged from online stores and i dont want the hassle of buying, waiting and returning a subpar (sometimes fake) online product.",True,"Discusses shopping behaviour, product quality, trust, and purchase barriers for online shopping.",0.97
3834,reddit,1.0,2026-02-25T03:43:16+00:00,Yes. I don't wanna pay 3 times the amount,True,Discusses purchase barriers regarding pricing on quick commerce platforms.,0.95
3836,reddit,1.0,2026-02-25T04:33:53+00:00,"It depends tbh. If I need something urgently and can't step out Blinkit is a saviour, but if I'm out, then store it is. Also, sometimes Blinkit prices are lower compared to offline stores ( eg: sanitary pads ). And sometimes we get something only in offline stores ( eg: Harry Potter Kinder Joy ). I searched for the kinder Joy so much on Blinkit before rushing to spar and getting a whole pack from there!!!",True,"Discusses product availability, urgency-based purchase decisions, and comparison of pricing and product assortment between online and offline.",0.98
3838,reddit,1.0,2026-02-25T05:05:52+00:00,Local vendors for the win except for last minute urgency !!,True,Discusses user motivations and shopping behaviour regarding online versus offline channels.,0.93
3840,reddit,1.0,2026-02-25T05:10:16+00:00,Lol ghar ke paas ka trusted marwadi ration dukaan&gt;&gt;&gt;&gt;&gt;&gt;&gt;any online platform or supermarket,True,Reflects user trust and preference for local kirana stores over online platforms.,0.92
3841,reddit,1.0,2026-02-25T05:28:42+00:00,"Yes. Its peaceful. I can pick healthy veggies. No fear of rotten veggies delivered. And yes, the fun part, a little convos here an there with strangers at times.",True,Discusses product quality concerns (fear of rotten produce) and shopping experience motivations.,0.95
3842,reddit,1.0,2026-02-25T05:33:03+00:00,Local. Kirana stores are run by families.. You need to support the local economy and not just make these global star food chains richer by hundreds of crores!... Think about that,True,Discusses user motivations regarding supporting local businesses instead of online platforms.,0.91
3844,reddit,1.0,2026-02-25T06:53:17+00:00,"On some occasions when I'm not lazy, I do visit vendors nearby. Their stuff is fresh and fairly priced.",True,"Discusses shopping behaviour, freshness, and pricing of nearby vendors.",0.93
3873,reddit,1.0,2026-02-18T22:48:15+00:00,"New gst on cigarettes, panwalas are buying it exactly at 6:30am when it restocks and selling it for 390 irl. 

Will get fixed once gst included stock starts coming in",True,"Discusses product availability, restocks, and pricing/tax effects on purchase decisions.",0.92
3890,reddit,12.0,2026-02-09T12:02:59+00:00,"Bhai..when you already know that this app fucks up, then why do you go back &amp; order from it again &amp; again?!!",True,Discusses repeat purchases and platform loyalty despite app issues.,0.94
3891,reddit,1.0,2026-02-09T16:10:06+00:00,At least they don't fuss like blinkit and not refund/replace if they deliver bad products,True,Discusses product trust and refund/replacement policies affecting shopping decisions.,0.96
3892,reddit,1.0,2026-02-09T16:15:37+00:00,Wdym? Blinkit doesnt refund/replace if they deliver bad products???,True,Discusses product quality and refund policies.,0.95
3893,reddit,1.0,2026-02-09T18:08:50+00:00,"Bro..Blinkit doesn't replace, but I get an instant refund from them if anything goes wrong",True,Discusses trust in products and refund handling.,0.95
3894,reddit,0.0,2026-02-09T12:05:56+00:00,"I rarely order from zepto.. mostly i order from blinkit only.. 
blinkit pr uss time pr jo merko chahiye tha voh available nhi tha",True,"Discusses shopping behavior, platform switching, and product availability.",0.98
3895,reddit,1.0,2026-02-09T12:10:23+00:00,Flipkart kr leta..flipkart has higher stocks most of the time,True,Discusses product availability and stock across different apps.,0.96
3896,reddit,1.0,2026-02-09T12:10:57+00:00,Flipkart pr sutta milta hai?,True,Discusses category exploration and product availability.,0.95
3897,reddit,1.0,2026-02-09T12:18:50+00:00,"https://preview.redd.it/zmg3ut4eogig1.png?width=1080&amp;format=png&amp;auto=webp&amp;s=04689ed741bfc4043bf89260d130ab8a7e2b9b92

Hanji",True,Confirming product availability on an alternative platform.,0.93
3898,reddit,1.0,2026-02-09T12:41:26+00:00,"Ill tryyy.. i havent really tried all these apps.. except for blinkit, instamart or zepto",True,Discusses app usage and user shopping habits across multiple platforms.,0.97
3899,reddit,1.0,2026-02-09T17:48:02+00:00,THISSS both are goat for me atp,True,Discusses platform preference and shopping behavior.,0.92
3902,reddit,3.0,2026-02-09T12:23:07+00:00,"It was Swiggy Instamart for me. 

Constant headache with them made me drop my 10% off on every order via my card to switch to 0% via Amazon Now, Flipkart Min, Blink any other service with peace of mind but not them again. Neverever.",True,"Discusses shopping behaviour, app switching, and purchase decisions based on service experience.",0.97
3903,reddit,1.0,2026-02-09T12:25:15+00:00,Yeah.. i think blinkit is literally the best among these they have stores closely located and it gets delivered literally in 10 mins.. and i have rarely got any problems from them.. their chat support is also good.. they deserve appreciation,True,"Discusses store proximity, delivery speed, and overall trust in a quick commerce platform.",0.96
3907,reddit,2.0,2026-02-09T11:40:19+00:00,Tough luck bro. Avoid Zepto next time,True,Discusses platform avoidance affecting purchase decisions.,0.92
3908,reddit,2.0,2026-02-10T11:50:39+00:00,"For real man , fuck zepto idk how are they always so consistently shitty ,",True,Discusses consistent negative experience affecting platform choice.,0.93
3910,reddit,1.0,2026-02-09T12:21:58+00:00,"Whenever i order from zepto it is always within 10 minutes, depends on the area i think",True,Discusses delivery speed and service variation by area.,0.91
3911,reddit,1.0,2026-02-09T12:23:28+00:00,Cant be the case always.. meine raat ko bhi krke dekha tha 1-2 baje tab bhi yehi issue hota hai,True,Discusses persistent delivery/service issues at specific times.,0.9
3912,reddit,1.0,2026-02-09T12:55:10+00:00,This is my relationship with Swiggy,True,Relates personal shopping/app relationship experience.,0.88
3913,reddit,1.0,2026-02-09T15:55:10+00:00,"kyu bhai kya dikkt h? 

bahut log bolre the kya zrurat h 10-20min delivery

1hr rkhlo delivery time",True,Discusses user expectations regarding delivery time expectations.,0.9
3914,reddit,1.0,2026-02-09T16:08:29+00:00,Meine toh nahi bola mein toh 10 min mei hi chahta hu.. hai dikkat merko,True,Discusses user motivations and expectations for fast delivery.,0.91
3915,reddit,1.0,2026-02-09T16:36:06+00:00,"The entire quick commerce space in India has basically trained us to be impatient about being impatient. We went from ""I will go to the store tomorrow"" to ""WHY IS MY 10-MINUTE DELIVERY TAKING 12 MINUTES"" in like two years. That said, the substitution game is truly wild. You order paneer and they send you tofu. You order Amul butter and they send you some brand that looks like it was manufactured in someone's garage. The audacity is almost impressive at this point.",True,"Discusses user motivations, impatience, trust in products, and incorrect product substitutions.",0.98
3916,reddit,2.0,2026-02-09T16:58:43+00:00,"Impatience is human. Paneer to tofu is personal.
Btw, Hi Red! ( i think you will get the reference)",True,Discusses product substitution issues affecting trust.,0.92
3919,reddit,2.0,2026-02-08T17:03:51+00:00,"'learn to say No ' it really works for me! Now I order most of my ration items / groceries etc online and only what is needed. If I go to the store , I end up picking so many unnecessary items.",True,"Discusses shopping behaviour, purchase barriers, and online vs offline grocery shopping motivations.",0.97
3920,reddit,1.0,2026-02-08T17:20:49+00:00,"have a budget, there are many apps, dont exceed your budget, by physically making it difficult to spend more.",True,Discusses user budgeting behaviour and purchase control.,0.94
3921,reddit,1.0,2026-02-08T17:59:30+00:00,Bhai bada sad feel hota hai jab orders na on the way ho🤣🤣🤣,True,Discusses user shopping behaviour and tracking orders.,0.89
3922,reddit,3.0,2026-02-07T02:50:00+00:00,"interesting question, personally: the app exists and they have willingly signed up for it so they know what they are up for. but they evidently are in circumstances that forces them to work these hours and apps like these are exploiting them for it. the more you order the more you order the more they can exploit. id recommend reduce ordering and please tip directly and show them respect, atleast look them in the eye when receiving orders.",True,Discusses user motivations and ethical considerations around quick commerce ordering.,0.9
3925,reddit,2.0,2026-02-07T09:31:10+00:00,"Bro it's their work, you'll be helping them. If you don't order they won't earn and be homeless because of you.",True,Discusses user motivations and impact of ordering behaviour on delivery workers.,0.91
3939,reddit,1.0,2026-01-25T18:28:10+00:00,"Nothing just the usual stuff egg tray, protein bars, yogurts etc",True,"Discusses regular grocery items ordered repeatedly (egg tray, protein bars, yogurts), providing insights into repeat purchases and shopping behavior.",0.95
3940,reddit,2.0,2026-01-25T18:28:59+00:00,I also order eggs only🤣🤣,True,"Mentions regular ordering behavior for specific category items (eggs), useful for shopping behavior.",0.92
3941,reddit,1.0,2026-01-25T18:29:07+00:00,Do u like epigamia?,True,"Discusses brand preference for a specific dairy category item (Epigamia), relevant to product trust and preferences.",0.9
3942,reddit,1.0,2026-01-25T18:35:21+00:00,Yeah it's good.,True,"Confirms product/brand preference, useful for product trust.",0.9
3943,reddit,1.0,2026-01-25T22:27:39+00:00,Which brand eggs,True,"Discusses egg brand preferences, relevant to product trust and purchasing decisions.",0.91
3958,reddit,3.0,2026-01-17T18:01:52+00:00,Noodles eggs bread yeah.,True,"Lists staple grocery items frequently bought (noodles, eggs, bread), reflecting shopping behavior and repeat purchases.",0.93
3962,reddit,1.0,2026-01-17T18:11:32+00:00,Mujhe BSs ek tray egg ka dedo bhai Uske alwa kuch nhi,True,"Mentions staple purchase item (egg tray), providing insight into shopping behavior.",0.88
3974,reddit,1.0,2026-01-13T09:16:57+00:00,"It looks like OP posted an AMP link. These should load faster, but AMP is controversial because of [concerns over privacy and the Open Web](https://www.reddit.com/r/AmputatorBot/comments/ehrq3z/why_did_i_build_amputatorbot).

Maybe check out **the canonical page** instead: **[https://m.economictimes.com/industry/services/retail/blinkit-removes-10-minute-delivery-claim-from-all-platforms-on-govts-orders/articleshow/126501337.cms](https://m.economictimes.com/industry/services/retail/blinkit-removes-10-minute-delivery-claim-from-all-platforms-on-govts-orders/articleshow/126501337.cms)**

*****

 ^(I'm a bot | )[^(Why &amp; About)](https://www.reddit.com/r/AmputatorBot/comments/ehrq3z/why_did_i_build_amputatorbot)^( | )[^(Summon: u/AmputatorBot)](https://www.reddit.com/r/AmputatorBot/comments/cchly3/you_can_now_summon_amputatorbot/)",True,"Discusses Blinkit removing its 10-minute delivery claim on government orders, which directly impacts user expectations, trust, and purchase decisions regarding quick commerce.",0.98
3985,reddit,1.0,2026-01-11T20:54:21+00:00,"Break it &amp; throw it in the dustbin looks like - he too ( thermometer ) is from the good old times. 

Order new one from blinkit 😂😁",True,"Mentions ordering a new thermometer from Blinkit, relating to purchase decisions.",0.9
3992,reddit,2.0,2026-07-14T01:08:03+00:00,"It will be available from this week,they have changed packaging 300 ml to 330 ml",True,Discusses product availability and packaging changes.,0.92
3993,reddit,1.0,2026-07-14T01:47:25+00:00,They have those imported versions too cranberry mix too,True,Discusses product availability and variants.,0.91
3994,reddit,1.0,2026-07-14T02:51:53+00:00,I bought all of them,True,Relates to product purchase behavior.,0.85
3996,reddit,1.0,2026-07-14T04:05:45+00:00,Even Pepsi Black isnt available anywhere,True,Discusses product availability issues for Pepsi Black.,0.96
4000,reddit,1.0,2026-07-14T01:42:05+00:00,"Hell yeah, it's just sweetened carbonated water. Plus it helps folks reduce sugar cravings and consumption. It's a win win",True,Discusses motivations for purchasing zero-sugar beverages to reduce sugar cravings.,0.94
4002,reddit,1.0,2026-06-22T06:43:37+00:00,"From what I've seen, eggs from hens that are given good quality feed are usually better in terms of nutrition. I also prefer brands that clearly mention what they feed their hens.",True,Discusses product information and trust in product sourcing/brands.,0.95
4008,reddit,1.0,2026-06-09T19:35:50+00:00,"Same thing just again.. Ordered Havmor Cassata ice cream, came in worst packaging.   
Out of 4, three were not even worth it.   
They refunded back, but quality of products is pathetic..",True,"Discusses product quality, packaging issues, and refunds affecting purchase trust.",0.97
4034,reddit,59.0,2026-06-06T11:07:38+00:00,"With 10min delivery time and 

extra care for wild items",True,"Mentions delivery speed and unusual items, touching on product availability and catalog scope.",0.8
4074,reddit,1.0,2026-05-16T14:30:28+00:00,The cost of convenience is the money that goes out of our pockets into these ‘tech’ companies.,True,"Discusses the cost of convenience in quick commerce, directly impacting user purchase barriers and motivations.",0.85
4087,reddit,2.0,2026-05-10T15:16:01+00:00,Swiggy was selling some by Noice a while ago.,True,Discusses product discovery on a competing quick commerce platform.,0.92
4088,reddit,2.0,2026-05-10T18:19:27+00:00,"I've seen shokupan on this site: https://impossiblefoods.in/products/hokkaido-milk-bread


Harajuku Bakehouse has it too but it's presliced and the slices aren't thick. 


Suchali's Artisan Bakehouse has a milk bread and has been helpful in the past when I've asked for thin / thick slices through Zomato notes.",True,Discusses product availability and alternative platforms for specific food items.,0.95
4110,reddit,163.0,2026-03-19T15:12:07+00:00,It's accurate ig bcoz me jis area me rehta hu waha k stores ka location correct hai,True,Discusses dark store locations and store availability accuracy.,0.94
4112,reddit,178.0,2026-03-19T15:18:52+00:00,Op went and ordered from each and every area multiple times,True,Discusses ordering patterns across different areas.,0.88
4115,reddit,70.0,2026-03-19T15:23:56+00:00,"Wow mere ghar ke baju mai he Instamart ka darkstore hai

Wohi sochu itna saaman kyu mangwate hai baju wali building wale",True,Discusses proximity to dark stores and local ordering frequency.,0.95
4117,reddit,29.0,2026-03-19T15:24:54+00:00,"Damn, accurate... Mine has only one store near",True,Discusses local store proximity.,0.92
4121,reddit,21.0,2026-03-19T15:50:19+00:00,"Nice work, man. Can say for the western suburbs - It's definitely accurate. No wonder I get a blinkit order within 5 mins. There are so many near me",True,Discusses dark store density and its direct impact on delivery speed and product availability.,0.96
4123,reddit,4.0,2026-03-19T16:44:50+00:00,Dense population with better disposable income explains this.,True,Discusses consumer demographics and disposable income driving quick commerce adoption.,0.94
4125,reddit,4.0,2026-03-19T19:38:29+00:00,What’s a dark store,True,Inquires about dark store infrastructure which underpins quick commerce availability.,0.91
4127,reddit,3.0,2026-03-19T16:57:10+00:00,"Bro what about Amazon grocery, Flipkart minutes, Bigbasket, others, local ones.",True,"Mentions alternative grocery platforms, touching on competitive landscape and user alternatives.",0.8
4131,reddit,2.0,2026-03-19T17:02:57+00:00,"amazon, flipkart and big basket missing but never the less amazing job",True,Mentions missing competitor platforms for grocery delivery.,0.75
4132,reddit,2.0,2026-03-19T17:27:23+00:00,"Great website. Some doubts I have. I noticed it highlights the service zone or something only when clicked on Zepto.

1. Will it work for blinkit and instamart in future too ?
2. What is the source of the data of service zones or is it based on BMC wards map ?
3. Any plans to add more stores like BigBasket, Flipkart Minutes ?",True,Discusses service zones and app coverage across competitors.,0.8
4134,reddit,1.0,2026-03-19T15:37:43+00:00,impressive data collection! The overlap between Blinkit/Zepto in same zones is wild - must be brutal competition,True,"Discusses store density, competition, and overlap in zones.",0.75
4139,reddit,1.0,2026-03-19T19:42:14+00:00,"Guys, what do you all think, will Blinkit and Zepto Create their own brands and leverage these dark stores network to distribute these products to beat competitors",True,Discusses quick commerce private labels and leveraging dark stores.,0.85
4140,reddit,1.0,2026-03-20T00:20:10+00:00,Why does zepto have so many stores in the chandivali/powai area? Is the demand that high over there?,True,Discusses store density versus demand levels in an area.,0.8
4143,reddit,1.0,2026-03-20T05:32:17+00:00,"this is actually insane density when you see it mapped like this… no wonder delivery times are so fast in metros

would be interesting to see how this overlaps with population density / order volume tho, like are they overbuilding in some areas or is demand really that crazy",True,Discusses delivery times in relation to store density and demand volume.,0.85
4152,reddit,1.0,2026-03-21T09:11:23+00:00,"OP, great work! Can you add flipkart minutes and amazon now stores as well to make it complete with all quick commerce stores.",True,Requests inclusion of competitor quick commerce platforms.,0.8
4155,reddit,1.0,2026-03-18T19:29:31+00:00,"Just try Flipkart ,u will personally curse me",True,Compares shopping/delivery experiences across competitor platforms.,0.8
4156,reddit,9.0,2026-03-17T19:23:51+00:00,"I have never faced this issue before, but I am now experiencing a problem where the item I received does not meet my requirements. Even though I haven’t used the product, I’m not allowed to schedule a pickup for return and am being asked to ship it back myself to the given address.",True,Discusses return policies and product requirements.,0.85
4157,reddit,2.0,2026-03-18T00:40:41+00:00,"Okay. 

In your case I have solution from order pattern that I follow. 


1. Before placing any order, click on the option "" return or replace"" policy. 


2. If the table says, any reason return possible in 10 days then only place the order. 


3. There will be many items where return policy is not there but replacement policy is there. For example socks. Order only low priced item in this. Or electronic items then read all the reviews on non Amazon platform about the item. (If I go for Trial of electronic item to local store, I have policy to pirchase from them only), still suggesting You trials somewhere.


4. There were multiple instances where validated my needs and quality reviews of item still after receiving item was not matching my needs. It was money lost. Take proper photos, put negative genuine reviews not in Amazon, but on Non-Amazon platforms.",True,"Discusses return policies, purchase decisions, and evaluating items before buying.",0.9
4161,reddit,6.0,2026-03-17T20:16:41+00:00,"I lost around 600-700 rupees a few months back. Uninstalled Amazon after days of trying to get a refund. Could not even reach a human to chat to, only bot replies.
Reinstalled the app after a few months, started placing only COD orders, faced some issues again, wasting my time. Now I've completely given up",True,"Discusses app abandonment, payment method shift (COD only), and purchase barriers due to bad customer support.",0.9
4165,reddit,1.0,2026-03-18T00:53:13+00:00,"lol something happens with orders that are priced lower i think, whenever i ordered smth more than 500 rupees it came properly or else it just shows delivered but doesnt , fuckass amazon ig",True,Discusses order value thresholds affecting delivery reliability and purchase behavior.,0.85
4166,reddit,1.0,2026-03-18T01:11:54+00:00,"Meesho has been surprisingly consistent with it's service. I had low expectations going in but in comparison to Amazon, Meesho has had no issues with delivery and tracking in recent times. Initially, they were terrible.",True,Compares platform consistency and shifts trust/usage to a competitor.,0.85
4167,reddit,2.0,2026-03-18T02:02:17+00:00,"Sure, I will try.

Do you find pricing same??",True,Discusses pricing comparison across platforms.,0.8
4172,reddit,1.0,2026-03-18T02:23:31+00:00,Happened like 5 times to me last year so I stopped using amazon much. They did give full refund but it's still huge waste of time and inconvenient handling this,True,Explains why a user stopped using a platform due to recurring delivery issues.,0.85
4174,reddit,1.0,2026-03-18T02:59:28+00:00,"Has happened to me multiple times over the past year or so.
I have been loyal to Amazon for forever now.
I opt for Amazon over quick commerce coz Amazon is more reliable.
But, now Amazon’s service is going downhill.
I have had orders marked as “handed to resident” and never show up. Amazon customer support just asks you to wait or “ask neighbours and watchman”. I ask them how could the delivery agent handover the product to some other third party without consulting me?
Anyways, never received the product in the end. After 2-3 calls, they finally issue a refund.
This happens atleast once a month. (I tend to order a lot of stuff)
So I have to go through this a lot.",True,Compares quick commerce vs traditional e-commerce reliability affecting platform choice.,0.9
4182,reddit,1.0,2026-03-18T06:25:33+00:00,Stopped using Amazon a year ago,True,Indicates purchase barrier and stopping usage of the platform entirely.,0.85
4185,reddit,1.0,2026-03-18T06:54:31+00:00,Being a prime member but still faced this problem twice now. Plus the delivery guy once broke an item and thank God I felt it was wrong so video recorded it while opening (it was a wall clock with actual broken glass pieces). Also connecting to the customer service is also very difficult because that AI is just stupid and keeps making you go into circles. Before handing it to an actual person. I don't think it matters if you are a prime member or not we are all in some ways facing the same problem. I've also started to buy some items with their amazon pay  later balance if I'm not sure about the seller. Let them fight and die.,True,"Discusses payment balance usage based on seller trust (Trust in products, purchase decisions).",0.88
4188,reddit,1.0,2026-03-18T08:15:03+00:00,Yes faced this 4 times. Now I have stopped ordering.,True,User stopped ordering due to delivery issues (Purchase barriers).,0.85
4190,reddit,1.0,2026-03-18T09:53:22+00:00,"It's happened to me too, where it gets marked as delivered, but the item was never delivered. I do get my refund but its a waste of time. Now the problem I'm facing is any order I place gets auto canceled by the system. I don't know if I'm being flagged for refund abuse or what, but the process to get your name cleared off is an absolute pain. Reading online it seems that people just give up on using Amazon once they get to this stage. So yeah, this could also be you.",True,Discusses auto-cancellation and giving up on using the platform (Purchase barriers).,0.85
4197,reddit,1.0,2026-03-19T21:16:32+00:00,"I got scammed by amazon at another level
My order  got delivered on 10-03-2026 during initial inspection box seems right but after opening it the box was empty and by looking closely i found that the box was previously opened by sharp object an retapped it with look alike of genuine tape of amazon.


I asked for replacement or refund but they denied and now i sent them a legal notice ...i hope my money gets refund as amnt. was 30k .....guys please opt for offline shopping",True,"User shifts to offline shopping due to trust issues and product scam (Purchase decisions, Trust in products).",0.92
4199,reddit,1.0,2026-04-29T07:02:33+00:00,"Been facing multiple issues with amazon. 4 orders this month alone. All the Prime 1- day deliveries have arrived days later and after multiple complaints. One order got marked delivered but never came. I connected with am associate after talking to the bot multiple times and he told me that there is some major mess that the logistics team has created, because of which, all this is happening. Now whatever that issue is, its creating a lot of stress. 


I made the mistake of placing a paid order a few days back, thinking that issue must be resolved by now but I was wrong. It has been days, order isn't here. And they're not letting me cancel it either. I have spoken to multiple associates over the past few days, constantly being lied to that the order is out for delivery and will reach. Or that there was an ""attempted delivery"" (never happened). The solution is to avoid Amazon now. That's all.",True,User decides to avoid the platform completely due to poor service (Purchase barriers).,0.85
4207,reddit,13.0,2026-03-17T06:24:23+00:00,"I have faced the same issue!! With epigamia, which is so costly.. when I opened the puff packing, the curd was rancid! Obviously not stored properly..",True,"Discusses spoiled/rancid product received, impacting product trust (Trust in products).",0.94
4209,reddit,8.0,2026-03-17T06:59:04+00:00,"No. They mentioned that it may have been kept out too long , basically saying maybe it's your fault (it wasn't) .. I just vowed to never order cold items from them again.. it was just one puffed up luckily",True,"User vows never to order cold items again due to storage issues (Trust in products, Purchase decisions).",0.96
4210,reddit,1.0,2026-03-19T10:20:48+00:00,same they probably turn off their cold storage or something idk  because even frozen desserts are full of ice crystals and that only happens when the icecream is frozen back after it melts also most of their lids have cracks which aren't visible its usually on the rim,True,Discusses poor cold storage conditions affecting product quality (Trust in products).,0.95
4212,reddit,5.0,2026-03-17T08:44:42+00:00,Don’t ever buy any dairy items from such apps going forward. Their storage conditions are the worst,True,"User advises against buying dairy items from quick commerce due to worst storage conditions (Trust in products, Purchase decisions).",0.97
4213,reddit,3.0,2026-03-17T09:08:33+00:00,"Certain yoghurts aren't available in grocery stores. For example this zero sugar mango yoghurt 
Or 15g protein yoghurts without sugar",True,"Discusses availability of specific items and user motivations for buying specialized products on quick commerce (Product availability, User motivations).",0.95
4215,reddit,2.0,2026-03-17T09:16:53+00:00,"omg something similar happened to me too! I ordered two packs of yoghurt from Swiggy Instamart and both packs were puffed. I contacted their customer support, and their solution was to send me two new packs or issue a refund. since I genuinely wanted yoghurt, I asked for new packs and it turned out that these two new packs were also puffed 🥲🤡

they were going to send me two more packs after I contacted their support again but I eventually had to request a refund because I didn't want to end up with six puffed and foul smelling yoghurts packs 💀💀",True,"Discusses repeated receipt of spoiled/puffed dairy products and customer service handling (Trust in products, Repeat purchases).",0.92
4217,reddit,2.0,2026-03-17T11:36:12+00:00,"Recived rotten egga from Blinkit once 

One of the eggs was cracked and black inside , customer care had audacity to tell me they'll refund money for 1 egg

I told them do that and I'll publish screenshots everywhere that blinkit is forcing to consume unsafe food . They refunded for the entoyoaxk of eggs later",True,Discusses receiving rotten/spoiled items and trust issues with product quality (Trust in products).,0.93
4218,reddit,-8.0,2026-03-17T04:43:27+00:00,Imagine ordering food from Blinkit in 2026,True,Comments on the general viability and safety of ordering food from quick commerce apps (Purchase barriers).,0.88
4219,reddit,-68.0,2026-03-16T19:44:05+00:00,Dude. Just order again and check before accepting delivery,True,Discusses shopping behaviour regarding checking items upon delivery (Shopping behaviour).,0.85
4221,reddit,-42.0,2026-03-17T02:55:39+00:00,Don’t shift the blame to hide your basic low IQ behavior of not checking the items when accepting it .,True,Discusses shopping behaviour regarding checking items at delivery (Shopping behaviour).,0.85
4222,reddit,15.0,2026-03-17T03:44:58+00:00,"You do realize that even when you check items at the point of delivery, the delivery boy can't really do anything about it right?

You have to accept the order and then contact support even when you discover an issue like this at the time of delivery.",True,"Discusses practical limitations of checking items at the point of delivery (Shopping behaviour, Purchase barriers).",0.88
4240,reddit,3.0,2026-02-07T13:14:17+00:00,"Someone has come from a Ranveer Brar video. :)

The closest to a Pahari aloo in Mumbai would be Chipsona potatoes. I think I saw them on Zepto and Instamart ones. 

You can also find Pahari and Chipsona in Big Basket.",True,Discusses product availability of specific items on Zepto and Instamart.,0.98
4244,reddit,1.0,2026-02-07T13:56:33+00:00,"All of them are listed but out of stock. 😀
Any markets you know it's readily available? Won't mind visiting the place.",True,Discusses product availability ('out of stock' on app) and alternative physical markets.,0.97
4246,reddit,7.0,2026-01-31T18:59:19+00:00,"Have you chose the option to opt out?
Because I get the smallest things also in bag",True,Discusses packaging features (paper bags and opt-out options) on the platform.,0.92
4247,reddit,5.0,2026-01-31T21:19:10+00:00,Even I think this is what it is. I've never not received a paper bag from blinkit. They've become our new dry waste bags in the house because of how many of them we receive everyday.,True,Discusses packaging experience with Blinkit orders.,0.95
4248,reddit,1.0,2026-07-02T01:27:03+00:00,I have faced this problem twice with my orders in a town called Dibrugarh in eastern Assam. Others came with bags.,True,Discusses packaging inconsistencies/product availability of bags across locations for Blinkit.,0.94
4249,reddit,2.0,2026-02-01T05:50:57+00:00,You opted out OP. Always gotten a bag with my orders.,True,Discusses packaging and bag inclusion in Blinkit orders.,0.93
4259,reddit,26.0,2026-01-29T11:06:05+00:00,"This BharatYatra card is a National Common Mobility Card (NCMC) so it will work on Aqua Line and any transit system that accepts NCMC.

Do note that this card has an annual maintenance charge -- Rs 75 + tax.",True,"Discusses product information, terms, and charges for transit cards purchased via BlinkIt.",0.9
4260,reddit,10.0,2026-01-29T12:07:19+00:00,Why is that not mentioned ?,True,Discusses product information transparency on BlinkIt.,0.88
4261,reddit,17.0,2026-01-29T12:33:57+00:00,"Of course it's mentioned -- in the FAQs on BlinkIt and in the T&amp;C. The problem is no one reads the fine print.

https://preview.redd.it/vjdxpp929agg1.png?width=1080&amp;format=png&amp;auto=webp&amp;s=476c570e684735a6a03d2bfefd491fdf81a8cf33",True,Discusses product information availability in BlinkIt FAQs and T&Cs.,0.92
4295,reddit,2.0,2026-01-18T03:39:13+00:00,"Exactly. We order from Amazon at least 6-7x a month, Amazon Fresh as well as Amazon regular. Also order occasionally from Nykaa &amp; Nykaa Fashion. Either its a Myntra thing or I just got a bad one.",True,Discusses shopping behavior and frequency of ordering from platforms like Amazon and Nykaa.,0.95
4297,reddit,115.0,2026-01-13T11:09:07+00:00,They are just dropping the 10 min promise. The quick delivery will exist as it is.,True,"Discusses Blinkit dropping the 10-minute delivery promise, impacting user expectations and purchase decisions.",0.96
4298,reddit,71.0,2026-01-13T11:14:09+00:00,Watch it become 11-minutes 🤦🏽‍♂️,True,Discusses delivery time changes on quick commerce platforms.,0.95
4299,reddit,57.0,2026-01-13T11:41:50+00:00,Update: Blinkit now says 15 mins. 🤦‍♂,True,Discusses Blinkit delivery time updates impacting user perception.,0.96
4300,reddit,18.0,2026-01-13T13:18:02+00:00,It was always based on dist from Dark store. For me it says 8 mins and varies with location change,True,"Discusses how delivery times vary based on distance from dark stores, impacting user shopping experience.",0.97
4301,reddit,6.0,2026-01-13T14:02:32+00:00,"Same. Tbh it's better now that riders don't have obligation to race against the clock in general. If you stay near the store then it's fast for you, if otherwise then it's just regular delivery. I don't see it become much of a problem for anyone.",True,Discusses delivery times and rider pressure affecting the quick commerce service experience.,0.95
4302,reddit,15.0,2026-01-13T13:09:59+00:00,"Next step should be keeping a check of their dark stores. It's clearly not maintained properly amidst the rush, esp when it comes to frozen or refrigerated goods, something that I've stopped ordering completely from these stores. You most often get rotten stuff.",True,"Directly discusses product trust and quality issues (rotten goods, poor dark store maintenance for frozen goods) leading to a complete stop in ordering those categories.",0.99
4303,reddit,4.0,2026-01-13T14:04:26+00:00,"That thing is responsibility of FSSAI... and the way things have unfolded recently in this country with Trustified n all, it clearly implies they are sleeping and have no obligation to do any raids or safety checks.",True,Discusses food safety and trust in quick commerce products.,0.94
4304,reddit,15.0,2026-01-13T11:47:15+00:00,Waise bhi 10 min ke naam pe 20 min me hi aata tha order,True,Discusses actual vs. promised delivery times on quick commerce apps.,0.95
4305,reddit,2.0,2026-01-13T12:33:49+00:00,I get delivery in 2 mins now as there is no time limit.,True,Discusses quick commerce delivery experiences.,0.94
4307,reddit,1.0,2026-01-13T13:27:34+00:00,Lmao just that they won’t promise or advertise delivery in 10 minutes.,True,Discusses changes to quick commerce delivery marketing and promises.,0.95
4309,reddit,1.0,2026-01-15T11:08:29+00:00,Delivery less than 1000 seconds or India's fastest deliver App will be new tagline,True,Discusses quick commerce delivery speed taglines.,0.9
4311,reddit,2.0,2026-01-13T17:27:06+00:00,There was a never the need for 10 min delivery! you won't die if your groceries aren't delivered in 10 mins,True,Discusses user motivations and expectations regarding delivery speed in quick commerce.,0.95
4312,reddit,-2.0,2026-01-13T19:52:48+00:00,But i will cry if they don't get delivered in 10 mins,True,Discusses user dependency and expectations regarding quick delivery times.,0.94
4359,reddit,41.0,2026-01-06T08:59:18+00:00,"Mix it up. For small, few item groceries, visit your nearby local shops. For bulky, larger groceries which you only order once in a while, you can use these apps as they offer good deals on bulk purchasing. 

Tipping is something even I generally get confused about. You can give the person good ratings as usually that's what matters a lot to them. A basic 'thank you' (which you'd be surprised many don't choose to do) also is nice. 

Till these apps don't let go of the stupid 10 minute model, I intend to use them as less as possible.",True,"User compares shopping behaviour between local kirana shops for small items and quick commerce apps for bulk purchasing, while mentioning app business models.",0.96
4361,reddit,28.0,2026-01-06T08:46:33+00:00,"In my opinion, the delivery person won't think of themselves as inferior if you tip them. A 5% tip also counts at the end of the day for the delivery person.

If you do not wish to contribute to the 'exploitation' of these gig workers, then go to your nearest kirana or departmental store to buy groceries and daily essentials. It won't take too much of your time if planned systematically.",True,Discusses choice between quick commerce apps and local kirana stores for purchasing groceries and daily essentials.,0.94
4363,reddit,7.0,2026-01-06T08:46:08+00:00,"Well i would definitely say at least you think that you are feeling guilty of using these apps there are some people who have the entitlement and think of them people inferior than them 
But anyway if you really feel bad try not using them for a week or so and give your local shops some business and keep them up and running",True,Discusses shifting purchasing habits from quick commerce apps to local shops.,0.93
4364,reddit,7.0,2026-01-06T09:12:19+00:00,"If you feel guilty, it's probably time to listen to yourself and stop using the apps",True,Discusses deciding whether or not to continue using delivery apps.,0.92
4367,reddit,3.0,2026-01-06T10:10:26+00:00,"I have never downloaded any Quick Commerce app. I don't even use Swiggy or Zomato. Last i was on Swiggy was before Covid. There's something icky about the whole thing, you are right. 


Having never used Quick Commerce, i can tell you, you can live as good a life, dw.


Make friends with a couple of grocery shops, dairy, vegetable vendors, medical shops, and restaurants. You can always pay them to deliver or at least have a running account with them. It feels much nicer dealing with people you know and who know you rather than being a data point for a faceless app.",True,User explains why they never use quick commerce apps and prefer traditional local grocery shopping.,0.97
4386,reddit,1.0,2026-03-06T11:35:15+00:00,"From my experience, packaged items are cheaper on apps but meat, fish, fruits, vegetables are cheaper if you just walk out and bought from local shops.",True,"Compares prices between quick commerce apps and local shops, directly affecting purchase decisions.",0.96
4394,reddit,2.0,2025-12-29T04:00:33+00:00,"Actually, the 'Big Scoop' is the current official standard for Stage 2, and Nestle explicitly highlights this change on the front of the new packs.
The reason you might not have seen the 'Big Scoop' is likely because you used the older formulation or a different stage. Nestle reformulated Nestogen recently.
Old Version (What Blinkit sent me): Requires multiple tiny 4.7g scoops.
New Version (Market Standard): Requires fewer large 11.1g scoops.
The danger is the 'Muscle Memory' trap.
Parents are exhausted. We operate on habit. If I am used to the current standard (1 Scoop per 30ml) and Blinkit silently slips in an old tin that requires a completely different ratio, I risk under-feeding my child by 50%.
Blinkit sending mixed, discontinued inventory that contradicts the current medical instructions on the market is the safety hazard here.""",True,"Discusses receiving old/discontinued inventory from Blinkit versus current market standards, directly touching upon product information and trust.",0.92
4403,reddit,846.0,2025-10-08T09:06:36+00:00,"sending personal documents to blinkit for printout is itself a privacy breach, naturally to take the printout there is going to be a man who will have a look at the copies and then put it inside the envelope to seal it, and the guys handling these things are no less than the delivery boys, so if you’re really worried then opt for handling these personal information related prints at your local store.",True,"Discusses trust and privacy risks when using Blinkit's print service, affecting purchase decisions for this category.",0.95
4406,reddit,28.0,2025-10-08T13:38:50+00:00,"How can you trust the local store guy too?

A ton of scams in which a fake bank account is created of the individual stemmed from these cyber cafes and local printout stores. There is literally no way you can make sure a scam won't take place out of your confidential documents until you purchase a printer and take them out yourselves.",True,"Discusses trust in local services versus digital print services, influencing purchase decisions for document printing.",0.91
4407,reddit,15.0,2025-10-08T16:28:42+00:00,"True. 

Just a buy a basic printer. Wouldn't cost much. Not worth risking putting confidential prints through even local stores.",True,"Suggests alternatives to using quick commerce print services due to privacy, affecting purchase decisions.",0.92
4420,reddit,8.0,2025-10-08T10:12:28+00:00,I wouldn’t trust them with the documents. But let’s hope the delivery guy is good and following process of not taking a peek inside.,True,"Discusses trust in Blinkit's document handling services, affecting purchase decisions for print services.",0.94
4422,reddit,5.0,2025-10-08T12:57:03+00:00,"Tf, this is a new level of laziness man. 20 orders of blinkit could get you a decent printer smh, just get one.",True,"Discusses cost-effectiveness and alternatives to using app-based print services, impacting purchase decisions.",0.91
4423,reddit,1.0,2025-10-08T10:03:45+00:00,I’ve been using their print service for years now. Never had an issue. The package is always sealed. Maybe for OP they just forgot.,True,Shares long-term user experience and trust regarding Blinkit's print service reliability.,0.95
4425,reddit,1.0,2025-10-08T13:09:19+00:00,"Brother have you never used this service before, there is butter paper that you can remove so that you can use that blinkt packing as an envelope for yourself. And yes if you care about privacy you obviously shouldn't be doing this in the first place.",True,Provides usage tips and product information regarding Blinkit's print service packaging.,0.93
4431,reddit,1.0,2025-10-08T17:39:22+00:00,"This was a problem even if the prints were sealed.  For that matter when once goes down to the stationery shop too one can't be sure what happens to the data. There's no safe way if one doesn't have a printer. Unless it's sent to a friend for prints

Edit: 

Also, the irony of the whole thing!! The envelope came open and the first line on the yellow tape is confidential!!",True,"Discusses security and trust concerns regarding sending sensitive documents through the app, directly affecting purchase decisions and trust.",0.96
4433,reddit,1.0,2025-10-08T20:39:38+00:00,First time I’m finding that blinkit also offer printing services.,True,Discusses product discovery (finding out the platform offers printing services).,0.98
4434,reddit,1.0,2025-10-08T20:57:41+00:00,"Why send to blinkit sensitive docs? If you cant even walk to a xerox shop down any road in India for 5 minutes, but can risk privacy- then dont complain lil bro",True,Discusses user motivations and purchase barriers regarding using the app for sensitive document printing.,0.95
4435,reddit,1.0,2025-10-09T05:37:02+00:00,"Why anyone would send documents with personal information by blinkit is beyond me.

You are worried that the envelope was unsealed. Do you think these delivery guys, if they wanted to, could have taken your personal information and SEALED the envelope?",True,Discusses trust in products/services and purchase barriers regarding privacy concerns.,0.96
4437,reddit,0.0,2025-10-12T16:32:37+00:00,"I have never used blinkit to print anything other than generic bank forms or office forms. Although it's really convenient, but yeah.. not gonna use it to print important stuff.",True,"Discusses category exploration, trust in products, and purchase barriers (avoiding using the service for important prints due to trust/privacy).",0.98
4490,reddit,23.0,2025-07-05T13:46:43+00:00,"""D Mart"" ke aage sab fail grocery shopping ke liye.",True,Discusses grocery shopping preferences and comparison with DMart.,0.95
4491,reddit,0.0,2025-07-05T17:07:10+00:00,"Recently I heard that quick commerce matching with their prices, but haven't checked personally though..",True,Discusses quick commerce pricing compared to traditional options.,0.9
4492,reddit,2.0,2025-07-06T04:23:13+00:00,No not true as quick commerce is giving expired products (seeing various videos here) with hidden charges not worth using whereas DMART gives fresh products and on top that 1+1 free which nobody offers on any platform or physical stores or malls.,True,"Discusses product quality (expired products), trust, and comparison between quick commerce and DMart affecting purchase decisions.",0.98
4493,reddit,0.0,2025-11-02T07:56:49+00:00,sabki nakli aur second grade maal rakhta hai wo bhai,True,Discusses product quality and trust in quick commerce items.,0.95
4494,reddit,1.0,2025-11-03T10:54:28+00:00,"Isiliye ab tak 400 se ziyada store khol diye DMART ne. Thoda akal toh lagao naqli maal bech ke kitne din dhandha koi kar sakta hai? Yeh screenshot dekh lo bro.

https://preview.redd.it/vzx13130w0zf1.png?width=1080&amp;format=png&amp;auto=webp&amp;s=3ff93afc6e8c1003bd809ede7a3c652066f6936b

Aap ko asli aur naqli ki pehchan nahin hai. Sorry your bad.",True,Discusses grocery retail sourcing and product trust.,0.85
4495,reddit,1.0,2025-11-03T13:15:43+00:00,Bro agar dmart 800ml milk packet me 200 ml water mila ke bechega toh profit badhega aur usse stores bhi open kar ho jayenge but that does not mean wo milk pure hai...,True,Discusses product quality and trust in grocery retailers.,0.9
4497,reddit,8.0,2025-07-05T12:02:23+00:00,"Here in India we don’t get a lot of offers on staples. The offers are generally there on processed food.

For staples buying in bulk is the way to go. For example we buy 10kg atta packet from BigBasket or Amazon roughly every 14 weeks or so. Local shops are also not a bad idea for staples as many times they are slightly cheaper than online.

Also fruits and vegetables sometimes from Amazon as they have the best combo of freshness and cost out of the ones I have tried. Again for these things we have a few reliable local vendors that have good prices plus they do free replacement for items that go bad too quickly. For example you buy 1 kg apples and get a bad piece then the local guy throws in an extra one next time you buy if you tell him the issue. Can’t get this service online.

Blinkit seems fine for quick orders but I would advise to avoid Zepto. Zepto often delivers items that close to or even over their expiry date. Plus Zepto has too many dark patterns in their app.

Also, you have to do some amount of meal planning and try to avoid waste. One time as a student I had bought 8 kg of carrots dirt cheap from a local seller who wanted to wrap up for the day. My roommates were aghast when I got home weighed down with them.

But then with the help of some girls we knew we made carrot halwa from most of the carrots and distributed it amongst classmates and teachers. So it turned out well in the end. But I would not advise doing this unless you want a reputation for being crazy. 😁😁😁😁

All in all, reducing costs for staples is a difficult task that only gets blunted with bulk buying. Deals on processed foods are much easier to find.",True,"Discusses shopping behaviour, bulk buying, trust in online platforms, expiry dates, and purchase decisions across various platforms.",0.99
4498,reddit,0.0,2025-07-05T12:28:26+00:00,"Do you plan what you buy or track what you have at home, compare prices between brands to buy the product with best value for money?",True,"Discusses shopping behavior, price comparison, and value for money.",0.98
4499,reddit,2.0,2025-07-05T12:43:52+00:00,"Nope. My mom tracks all that. When she wants to buy something she tells me. I do online comparisons, she calls the local shops for prices and then we decide what's the best combo of prices and convenience.

But we don't check everything everytime also. Some things are fixed with certain vendors. For example eggs are crazily overpriced online so we always buy them from the local shops.

So it has fallen into a regular pattern now. Most things have a fixed vendor unless I have a coupon for something from someplace.",True,"Discusses shopping behaviour, price comparisons, vendor loyalty, and purchase decisions.",0.98
4500,reddit,1.0,2025-07-05T17:04:24+00:00,"Totally agree on the egg stuff, lol",True,Discusses purchasing behavior for specific categories like eggs.,0.9
4501,reddit,7.0,2025-07-05T11:41:04+00:00,Offline. I like the human interaction.,True,Discusses preference for offline shopping and user motivations.,0.95
4502,reddit,1.0,2025-07-05T11:46:40+00:00,Do you plan the shopping list before hand or buy as you see in store??,True,Discusses shopping behaviour and list preparation before purchase.,0.98
4503,reddit,3.0,2025-07-05T14:43:14+00:00,"I usually buy groceries offline, and I usually save money",True,Discusses shopping behaviour and cost savings in offline grocery shopping.,0.96
4504,reddit,2.0,2025-07-05T17:08:16+00:00,Do you prepare a list before purchase??,True,Discusses shopping list habits.,0.98
4505,reddit,1.0,2025-07-06T02:57:05+00:00,Using some app or pen and paper??,True,Discusses shopping habits and tool usage for lists.,0.95
4506,reddit,4.0,2025-07-05T16:12:09+00:00,"if its packaged stuff (sugar, rice, wheat, biscuits, cheese, paneer etc) that's bought in bulk, my mom buys from dmart

daily stuff like bread and eggs are purchased from a local seller who sells door to door

milk is purchased from dmart ready

loose items like fruits and vegetables are purchased from local markets",True,Discusses shopping behaviour and channel preferences across different product categories.,0.99
4507,reddit,1.0,2025-07-05T17:27:48+00:00,Do you maintain a list before making a purchase or just buy as you see,True,Discusses shopping list habits.,0.98
4508,reddit,1.0,2025-07-05T17:39:46+00:00,"its as per demand, is sugar gets low its added, if fruits run out they're purchased, if eggs run out they're bought, if veggies are short they're purchased 



i don't think i fully understand your question, there's a list of what things to supplement if that's what you're asking",True,Discusses shopping behavior and kitchen stock management.,0.98
4509,reddit,1.0,2025-07-05T17:47:07+00:00,"Got it, I was asking if you have the habit of adding the item to your shopping list as the stock gets over in the kitchen and buying it or go for shopping without a list and buying them as you see them in the shop",True,Discusses shopping list habits and kitchen inventory tracking.,0.98
4510,reddit,3.0,2025-07-05T16:32:54+00:00,"Veggies in local market are expensive as compared to online tbh. The only place where it will be a little bit cheaper is near train stations where there are huge vegetable markets. So during night time, there is a huge dip in prices.",True,Discusses pricing strategies and comparison between online and local vegetable markets.,0.96
4511,reddit,1.0,2025-07-05T17:26:52+00:00,Do you maintain a shopping list based on your kitchen stock??,True,Discusses shopping list habits based on kitchen stock.,0.98
4512,reddit,2.0,2025-07-05T17:54:19+00:00,No not really. I prefer buying online because most times I js need one or two veggies. And I prefer going to the market when I need to stock up for the whole week.,True,"Discusses shopping behaviour, online vs offline channel choice, and basket size motivations.",0.99
4513,reddit,2.0,2025-07-05T14:35:51+00:00,Flipkart grocery. Try to bulk buy things which I can else check for offers on different platforms and buy wherever cheapest.,True,"Discusses shopping behaviour, bulk buying, and platform price comparison.",0.98
4514,reddit,1.0,2025-07-05T17:25:07+00:00,Make sense. Do you maintain a shopping list of your kitchen stock and buy?,True,Discusses shopping list habits.,0.98
4515,reddit,2.0,2025-07-05T16:07:14+00:00,Dmart amd other grocery stores..local market for veggies and non veg.,True,Discusses channel selection for different grocery categories.,0.97
4516,reddit,1.0,2025-07-05T17:23:44+00:00,Do you plan the list before purchase??,True,Discusses shopping list planning.,0.98
4517,reddit,2.0,2025-07-05T16:43:58+00:00,Offline.. best cost,True,Discusses channel preference based on cost.,0.95
4518,reddit,1.0,2025-07-05T17:26:00+00:00,Do you maintain a list before making a purchase??,True,Discusses shopping list habits.,0.98
4519,reddit,1.0,2025-07-05T17:45:07+00:00,"Not really usually as and when we remember .. But the one who cooks, usually mom, has an idea of what is needed",True,Discusses shopping behaviour and household inventory management.,0.97
4520,reddit,2.0,2025-07-05T17:40:02+00:00,"I order online from dmart app but, I let the order sit in my cart for the whole day. It makes me aware of items that I don't really need",True,"Discusses shopping behaviour, cart management, and purchase decision barriers.",0.99
4521,reddit,0.0,2025-07-05T17:42:49+00:00,Do you compare with other stores for cost comparison or dmart is the one stop destination always??,True,Discusses store comparison and platform loyalty.,0.96
4522,reddit,1.0,2025-07-05T17:51:02+00:00,"I don't trust flipkart for anything and amazon grocery is not available in my area I think. I use swiggy zepto only for any random purchases that too if there's any good offer. I compared only during my first order and dmart was more cheap and also had slot selection system. I'm not sure if swiggy offer that now. but, back then it was not available. I don't want my groceries in 15 minutes. Tuesday morning 7-10am is when I'm mentally charged up to receive and store them. any time after or before that and all the items will be lying in the living room for 2 days minimum",True,"Discusses trust in platforms, quick commerce usage motivations, delivery speed preferences affecting purchase decisions, and slot selection.",0.99
4523,reddit,2.0,2025-07-06T02:41:53+00:00,Sometimes  yes most of the time I memorise what to buy,True,Discusses shopping list memory and purchase habits.,0.95
4524,reddit,1.0,2025-07-05T13:17:20+00:00,Swiggy and other delivery apps are delivering crap products these days. Either the food is about to expire or smells. I have shifted to offline shopping. Fortunately Mumbai local businesses are really good. Just bought chicken nuggets from a frozen shop who process stuff in house. And chicken nuggets were great compared to other brands. It's just that you need to put some efforts.,True,"Discusses product quality issues on delivery apps, trust, and shift to offline shopping.",0.98
4525,reddit,1.0,2025-07-06T01:30:25+00:00,The local kirana store.,True,Discusses preferred shopping channel (local kirana store).,0.95
4527,reddit,1.0,2025-07-06T01:30:52+00:00,Veggies and fruits the local market vendor,True,"Discusses preference for local market vendors over apps for veggies and fruits, reflecting shopping behaviour and purchase decisions.",0.9
4546,reddit,7.0,2025-06-06T16:25:52+00:00,"wealth inequality spurts mainly due to corruption. I don't understand your comment on how would this result into slum? As far as I know these companies heavily rely on delivery system which is ultimately giving employment opportunities to people with less money and lower education.

local shops which have been a step ahead in being innovative have always survived. i know local shops which have started delivering to homes themselves instead of waiting for 100% of customers base to come to them.",True,Discusses employment and local shop adaptations competing with delivery apps.,0.8
4549,reddit,78.0,2025-06-06T07:42:17+00:00,"This is the nature of businesses.

We had the same discussion 15-20 years ago when large format retail stores like Spencer's, Big Bazar, Reliance Fresh, etc. came up. We had the same discussion when Big Basket, Amazon Pantry, and Flipkart started delivering groceries. We had the same discussion when D-Mart started gaining popularity. Local kirana stores survived those. They will survive this as well.

The 10/15/20-minute delivery model is simply unsustainable. There isn't enough margin on groceries to do free deliveries for goods worth ₹200. Dunzo is already dead. At some point Zepto will also get acquired and merged into Tata/Reliance empire. Zomato will eventually shut down Blinkit outside of major cities.

I usually buy from these stores more for availability than for price. I try to use Amazon Fresh, Big Basket, and D-Mart as their selection and prices usually beat Zepto/Blinkit. Just that they enforce minimum order amount or charge delivery. I don't mind paying a bit for the convenience. I do buy from local stores as well, but most of the time they'll be selling at MRP, even when the product has high margins.

From a broader economy perspective, it's more of a shift in employment trends. Tech/Sales/Marketing people get employed by the company for managing the platform, warehouse operators and delivery boys get employed to manage the actual movement of goods. Whether this promotes inequality is a different question. And that is what we should be focusing on.

Delivery boys are working in exploitative conditions for pitiable wages. We need to focus on improving the condition gradually, improving our laws and enforcement of those laws, forming Labour commissions and putting them to work, let them take suo motu cognizance of the goings on of the unorganized sectors, improve wages and working conditions.",True,"Discusses product availability, pricing, minimum order amounts, and user purchase motivations across quick commerce and other platforms.",0.95
4550,reddit,5.0,2025-06-06T09:59:34+00:00,"The reason kirana stores are selling at MRP is because they have higher overheads compared to the online platforms, also they cannot afford to burn cash unlike these platforms. A traditional business doesn't have deep pockets to allow them to burn cash and participate in price war. Larger platforms also have the economies of scale which smaller platforms don't have.

One thing which not many people know is that the quality of products is different for say D-Mart versus a local kirana store. For example, the same Kissan ketchup with exactly the same packaging and branding will have a slightly inferior quality compared with the same product at a local kirana store. The reason for this is that there are separate manufacturing lines dedicated for big platforms such as D-Mart wherein the manufacturer is able to tweak the quality slightly and in turn offer better price to D-Mart. This is obviously under D-Mart's guidance. So apart from economies of scale, another reason for larger platforms to sell same products at cheaper price is due to this difference in quality. This difference in quality is obviously not noticeable enough for normal people like us, but it can as simple as using same ingredients but of inferior quality.",True,"Discusses product quality differences between platforms and local stores, affecting trust in products.",0.92
4551,reddit,17.0,2025-06-06T10:21:27+00:00,"I really don’t think there is any change in quality.

It’s because Dmart can buy extremely large quantities which in other words you call it wholesale. And hence they can get a very low price compared to a Kirana store who cannot buy more than a dozen of one type of item due to limited sales.

If what you say about quality is really true then please provide some legit links.",True,Discusses product quality and wholesale pricing mechanics compared to local stores.,0.88
4552,reddit,7.0,2025-06-06T11:58:12+00:00,Kuch bhi. There is no quality difference between branded products,True,Discusses product quality and branding consistency.,0.85
4553,reddit,5.0,2025-06-06T14:09:21+00:00,"My local grocery store guy purchases at star bazaar, on offer days and sells at his store. So the quality is definitely the same 🤣",True,Discusses product sourcing and quality across stores.,0.85
4554,reddit,39.0,2025-06-06T07:00:37+00:00,"Zepto is currently unprofitable...to become profitable it's going to need to increase the price at some point

Same thing happened with Zomato...what turned into a convenient service has now become a money eating vice",True,Discusses service convenience and future pricing impacts on purchase decisions.,0.85
4555,reddit,29.0,2025-06-06T07:09:33+00:00,No sympathy for them. For long they have been very selfish with only selling stuff with high margin that too at mrp.,True,Discusses consumer motivations and dissatisfaction with local store pricing and margins.,0.9
4556,reddit,30.0,2025-06-06T07:15:44+00:00,They often sell stuff at above mrp like cold drinks saying they spend money on cooling,True,Discusses local retail pricing practices affecting purchase barriers.,0.85
4557,reddit,10.0,2025-06-06T08:15:23+00:00,"I remember getting milk at noon—this guy charged me 2 rupees extra. I asked him why, and he said, 'Isko thanda karne ka'",True,Discusses retail pricing practices and consumer trust.,0.85
4558,reddit,26.0,2025-06-06T06:59:49+00:00,"Don't blame zepto, blinkit...

It's those kirana store who don't want to evolve...they had monopoly with good profit since last XYZ years..

Even a local shop in west has website and social media presence",True,Discusses evolution of retail purchase channels.,0.8
4559,reddit,13.0,2025-06-06T08:19:32+00:00,"Such a stupid take, how would a local kirana store would benefit from an website? Whole point of kirana store is to sell goods to an small local area. Also those kirana store don't operate in western markets they operate in Indian market. If you wanna buy goods online here there are tons of companies which provides those services. Also use your brain for a while rather than copy pasting western local markets.",True,Discusses shopping behavior and local market purchase habits.,0.85
4561,reddit,-1.0,2025-06-06T08:34:05+00:00,"&gt;Even a local shop in west has website and social media presence

💩

Give us examples of these local shop sites which let you buy online.

Moreover free market western shops can charge you whatever price they want, they're not restricted by MRP the way Indian businesses are. Zepto et all may offer discounts for now while running a loss making business, but their goal is to kill local competition, and charge us in the name of (Delivery, Convenience, Handling) fees which local stores can't justify.",True,"Discusses fees (delivery, convenience, handling) affecting purchase decisions and price comparisons.",0.92
4566,reddit,13.0,2025-06-06T07:20:18+00:00,"Don't worry 
They are selling cigarettes and chakna.
Also delivery apps have reduced entry barrier and anyone with some mobility can earn 20k a month or more.",True,Discusses product availability (cigarettes and chakna) driving quick commerce usage.,0.9
4567,reddit,15.0,2025-06-06T07:59:40+00:00,Kirana stores have made a killing until online marketplace showed up. They need to adapt accordingly and lower their prices. I know someone who runs a shop and the profit is sometimes more than 50% on packaged goods.,True,Discusses retail margins and pricing affecting consumer purchase decisions.,0.85
4568,reddit,1.0,2025-06-06T15:27:52+00:00,"bro we run a kirana store and where tf is your known kirana store which is earning 50% on packaged goods? Margin is barely 10-15% , sometimes even less, we run on large quantity sold , not margin. I am not saying it's a bad business but margin is very less and you are either highly misinformed or just yapping.",True,Discusses retail margins on packaged goods.,0.85
4569,reddit,10.0,2025-06-06T08:18:06+00:00,"Exactly, I don't agree with OP

In my area,two new big grocery stores opened up this year infact 

And in the morning and evening there's crowd too for billing 

Convience stores will always exist

There are elderly people and so many people above 30 who prefer these stores

Just for perspective,ask elderly people in your society building wheather they use quick commerce apps or prefer grocery stores and 90% of them would say grocery stores, infact some haven't even heard of terms like Instamart,zepto,blinkit,big basket 

People are panicking for no reason and saying grocery stores are gonna die and this is pure bullshit exaggeration 

Opinions online are sometimes very different from facts in real life",True,"Discusses shopping behavior, demographic preferences (elderly vs young), and brand awareness regarding quick commerce apps.",0.95
4571,reddit,5.0,2025-06-06T10:05:50+00:00,"There is an app called LoveLocal that basically gives you the option to buy from the local shops near you (I guess it is like Zomato for Groceries). I thought that was nice.

They gave me a complimentary cabbage when they came to my door to market themselves, but the cabbage turned out to be fake so I haven't used the app yet.",True,"Discusses app usage, product quality issues (fake cabbage), and trust affecting app adoption.",0.95
4572,reddit,3.0,2025-06-06T08:31:44+00:00,"That has always been the goal. See Walmart model or Jio model. These online services aren't profitable at current prices. they are subsidized by VC money and income from sister services. Their goal is to drive out competition so they can jack up the prices. 

Remember when Zomato and others entered the market and were cheap? People often said ""yeah if they increase prices we'll go back to ordering by phone"". That didn't happen as all restaurants have fired their delivery people now. so you are now stuck with apps.",True,Discusses pricing strategies and long-term purchase barriers/decisions.,0.88
4579,reddit,2.0,2025-06-06T10:31:03+00:00,"Yes I have observed it, here in Ahmedabad. However some shopkeepers are able to survive, due to their exclusive dealership of certain products, which they can sell even cheaply than quick commerce. However, it makes them dependent on very few products from even fewer companies.",True,Discusses how exclusive product deals impact retail competition against quick commerce.,0.91
4580,reddit,2.0,2025-06-06T11:51:08+00:00,"havent seen much impact where i live, in fact I've seen more shops pop up. People at large still don't trust online apps for things.",True,Discusses user trust in online shopping apps.,0.95
4581,reddit,2.0,2025-06-06T13:05:42+00:00,"I think it has to do lesser with the price and more with the convenience. 
-&gt; From electronics to grocery, everything is at your fingertips 
-&gt; placing an order means scrolling through your phone and a few taps
-&gt; different modes of payments. Often tied with discounts. (This btw also gamifies the experience)
-&gt; Delivery at doorstep within 10 mins. 

It's nearly impossible for stand alone brick and mortal stores to compete with this, along with the price discounts. 

However the fact also is that Q commerce is bleeding money to gain market. This dream run will end one day and then the only differentiating factors will be the convenience provided. 

Brick and mortal stores need to transform. From better customer service to convenience - they cannot be dinosaurs if they want to survive.",True,"Discusses shopping behaviour, convenience, payments, discounts, and gamification of the experience.",0.98
4583,reddit,1.0,2025-06-06T10:38:06+00:00,"In my area, in last two years five kirana stores have open. (call themselves Balaji Stores which is famous generic brand in Pune for Kirana items) My area isn't big  but they are thriving. 

Reason is simple

They offer variety, Products/Variety at every price point
Started keeping everything including Dry Fruits in smaller packs.
Offer to deliver at home if required.
Work long hours. 
Cater to poorest to middle class buyer. 
Knows the purchasing habit of its customers. Stock accordingly 

Our area is growing population wise. In five years it will double. 


Swiggy and Zepto both has distribution godown in our area.",True,"Discusses purchasing habits, product variety, pack sizes, and customer motivations.",0.96
4584,reddit,1.0,2025-06-06T13:30:31+00:00,Stay true to local is focal to our economic independence and resilience Kirana stores that do home delivery for every neighborhood in any settlement or urbanization area by ordering from local or outer state farmers with good logistics and food safety is wayyyy better than apps from storehouses,True,Discusses purchase decisions and preferences between local stores and dark store apps.,0.92
4586,reddit,1.0,2025-06-06T15:20:00+00:00,"As we get deeper into q-comm, the service will only worsen, and by the time it becomes extremely bad (like Ola and Uber), they'll be the only ones left because the local kiranas would have died. All hail enshittification",True,Discusses future service degradation and reliance on q-commerce.,0.88
4587,reddit,1.0,2025-06-07T02:10:12+00:00,"online apps dont really sell at ""very less"" price",True,Discusses price competitiveness on online apps influencing purchase decisions.,0.94
4588,reddit,1.0,2025-06-07T03:53:19+00:00,"My area doesnt even have Blinkit or Zepto or JioMart or Apnamart (although there is delivery of latter 2, I dont think many people know) . But there have been big local chains cropping up. Initjal 3-4 years ago there were 2-3 local kirana marts. Now there are 3 big local chains and 4-5 local kirana marts. The big chains offer 30-50% off on essential items like tea, cornflakes, biscuits etc for their own brand. Even the branded ones have 10-20% off minimum on many. Local kirana marts can't compete with those rates anyway. So even without q commerce, they are on the way down. The major people that use local kirana marts are lower middle class or lower class (majority of population) cause they get credit there. Which is how they're surviving.",True,"Discusses consumer purchasing habits, brand preferences, and reliance on local credit.",0.95
4589,reddit,1.0,2025-06-07T06:58:41+00:00,"This is gonna turn out very bad for us consumers.
Just wait &amp; watch.
Once most of the retail kirana is wiped out, the online players will ramp up their fees, tone down the discounts &amp; we will have no other option other than playing or rather “paying” as per their rules !
Also read somewhere that the “darkstore” concept itself which is the backbone of q-comm apps is against FDI norms. Wonder why there is still no action!
We consumers can choose to strike a balance with our monthly grocery &amp; help the kirana shops survive.",True,"Discusses consumer purchase decisions, future pricing fears, and discounts.",0.93
4608,reddit,61.0,2025-04-21T16:07:11+00:00,"Go to palladium nature's basket, you'll find it there",True,Discusses product availability at specific physical stores.,0.93
4609,reddit,5.0,2025-04-22T09:54:50+00:00,Or Jio world drive,True,Discusses product availability.,0.93
4610,reddit,47.0,2025-04-21T17:33:05+00:00,DLecta parm isn’t even that great quality. I miss the time when Big Basket used to have all kinds of fancy cheese in their fresho section. Their grana padano was soooo good! I wonder why they discontinued?,True,"Discusses product quality, product information, and discontinuation of specific grocery items.",0.97
4611,reddit,12.0,2025-04-21T19:04:35+00:00,"I loved Kodai. It was fresher than even the almost expired cheese at Nature's Basket, and even reasonably priced. However, fresh-out-of-the-wheel parmesan is also missing from the shelves now T-T",True,"Discusses product freshness, pricing, and product availability.",0.96
4612,reddit,2.0,2025-04-22T02:25:40+00:00,Try the one from meatigo? They've some good cheeses,True,Product recommendation for specific grocery items.,0.95
4614,reddit,29.0,2025-04-21T16:11:29+00:00,Because most of the parmesan we eat comes from vegetable Rennery which is mostly manufactured in Estonia and due to trumps tariffs war. There has been issue with the supply chain.,True,Discusses product supply chain and manufacturing ingredients affecting availability.,0.94
4615,reddit,42.0,2025-04-21T16:33:25+00:00,"Nah bro. This doesn't sound true at all.

The enzyme used is not _vegetable Rennery_ but rather _Vegetarian Rennet_. (Likely a typo at your end, no biggie)

Rennet traditionally was removed from newborn calves, it existed in their stomach lining to curdle and process the milk they drank.

Overtime for various reasons, including availability and logistics, people shifted to other sources for _chymosin_ - the main elements of rennet. These include bacterial or plant based sources. Since they're non-animal, they're collectively called _Vegetarian Rennet_.

I don't think Estonia has any global dominance in Vegetarian Rennet Production. They do have some local cheeses that use the traditional and vegetarian rennet.

Also it's too soon for the trade wars to cause a shortage in the market. Even if imported from Estonia, there's production, packaging, aging and transport involved for it to hit our local stores.

---

That being said, if rennet indeed was the cause of this shortfall. You'd see a shortage of both Cheddar and Mozzarella. Because both these cheeses require rennet for their initial curdling.",True,Discusses product ingredients and manufacturing details.,0.95
4622,reddit,22.0,2025-04-21T17:00:43+00:00,"If you come across Calabrian chili peppers while you're looking for Parmesan, please let me know as well.
i am not able to find any of them.",True,Discusses product availability and searching for specific grocery items.,0.97
4623,reddit,11.0,2025-04-21T19:00:19+00:00,"If you're a chilli fanatic, you should try pickled dalle chilli from sikkim. I got them recently and they are amazing!",True,Product recommendation for a specific chili product.,0.96
4624,reddit,9.0,2025-04-21T18:09:26+00:00,"i’ll again recommend foodsquare, mainly cause i think they’re superb in terms of availability of things and home delivery lol",True,Discusses product availability and home delivery options.,0.95
4626,reddit,9.0,2025-04-21T16:48:09+00:00,Don't know about D'lect or Kodai....but the OG (Italian I.G.P) Parmigiano &amp; Pecorino are lso not available.,True,Discusses product availability issues for specific gourmet cheeses.,0.98
4627,reddit,5.0,2025-04-21T18:08:41+00:00,"try foodsquare, i bought it from
them. they sell og p reg as well.

https://shop.foodsquare.co.in/pn/d-lecta-parmesan-extra-hard-cheese-block/pid/3739755",True,Provides alternative product discovery options and alternative store recommendations.,0.95
4629,reddit,3.0,2025-04-21T16:44:40+00:00,"India ka erewhon, idk what it's called, you'll get it there pakka.",True,Discusses alternative stores for product discovery.,0.9
4630,reddit,3.0,2025-04-21T16:46:54+00:00,There's this shop in Crawford market(you have to research a little) but i always get parmesan from there :),True,Suggests alternative physical location for product discovery.,0.9
4631,reddit,3.0,2025-04-21T17:52:40+00:00,Crawford - wefast,True,Suggests fulfillment method for acquiring unavailable products.,0.88
4633,reddit,3.0,2025-04-22T05:48:56+00:00,"There is not much depend for Parmesan or other fresh cheeses for these online portals and since these expire in a shorter time it’s a loss for them.

Hence they don’t stock regularly. 

Whenever I order  online I always get near expiry cheese. 

On a side note People in India are happy with processed cheese hence the low demand.",True,"Discusses demand, product availability, shelf life issues, and user motivations for niche products.",0.96
4635,reddit,2.0,2025-04-21T17:51:26+00:00,Bc amul cheese se upar kabhi badh hi nhi paaya...,True,Reflects user habits and reluctance to explore new product categories.,0.92
4636,reddit,2.0,2025-04-21T18:50:48+00:00,D’lecta hai. Maine kal hi dekha. Society Stores.,True,Provides alternative availability for products.,0.9
4637,reddit,2.0,2025-04-21T20:45:08+00:00,Bhai get it from elefetharaia or spotted cow formagerie,True,Recommends alternative brands for product discovery.,0.9
4638,reddit,2.0,2025-04-21T21:00:11+00:00,Go to food square bandra,True,Suggests alternative store for product availability.,0.9
4639,reddit,2.0,2025-04-21T23:56:12+00:00,"Order it from the RRO official website, and they should be in nature's basket",True,Provides alternative purchase channels for product discovery.,0.9
4640,reddit,2.0,2025-04-22T04:02:10+00:00,Check cremetalia they have different types of cheeses. Don’t know if they have Parmesan but loved the quality of cheddar and mozzarella.,True,Discusses product quality and availability across different merchants.,0.92
4641,reddit,2.0,2025-04-22T05:32:39+00:00,"I just got some Pecorino, Parmesan and Montasio from Siolim Goa. There's a decent local cheese company there that makes pretty high quality stuff. (Not as good as imported Italian but on par with Kodai and miles better than Dlecta).

Sorry not offering solutions just sharing 😕",True,Discusses product quality comparison and availability.,0.91
4642,reddit,2.0,2025-04-22T06:22:47+00:00,Try food square in Santacruz if you can. Checked recently and they had a lot of variety of cheese available. It will be a bit expansive though.,True,Suggests alternatives for product discovery and mentions pricing expectations.,0.92
4643,reddit,2.0,2025-04-22T09:59:46+00:00,Had been searching for the same since a very long time. Finally found it in Metro supermarket,True,Discusses product availability and search duration.,0.9
4644,reddit,2.0,2025-04-22T10:05:57+00:00,Got available on bb too last night,True,Discusses cross-platform product availability.,0.92
4645,reddit,1.0,2025-04-22T04:48:25+00:00,It's available on Bigbasket.. kodai parmesan.,True,Discusses product availability on competing platforms.,0.92
4646,reddit,1.0,2025-04-22T04:56:20+00:00,"Try some local grocer who keeps good stuff , if not if your able to come down at navi mumbai here are some dedicated cheese sections in some confectionary shop",True,Suggests local alternatives for product discovery.,0.89
4651,reddit,1.0,2025-04-22T10:58:14+00:00,Found one on JioMart,True,Discusses alternative platform product availability.,0.9
4653,reddit,219.0,2025-03-10T09:55:40+00:00,Zepto is a scam. Their hidden charges are sometimes more than my total order,True,Discusses hidden charges that directly affect purchase decisions.,0.95
4657,reddit,95.0,2025-03-10T11:31:15+00:00,"All the fees will be added one by one. Pyaar se lana fee, chutya banana fee, meri behen ki Mami ki Chachi ki shaadi ki fee.",True,Discusses hidden fees affecting purchase decisions.,0.93
4658,reddit,50.0,2025-03-10T12:00:42+00:00,It's almost as if delivery apps are asking for delivery fee,True,Discusses delivery fees impacting purchase decisions.,0.9
4659,reddit,43.0,2025-03-10T10:02:55+00:00,"I just realized this yesterday after ordering and I was shocked, we all should stop using Zepto",True,Discusses unexpected fees leading to intent to stop using the platform (purchase barrier).,0.95
4661,reddit,30.0,2025-03-10T11:42:14+00:00,"People are paying for their laziness. 
The owners of these companies are earning off of that more than the actual product sale margin",True,Discusses user motivations and convenience-driven shopping behavior.,0.94
4662,reddit,27.0,2025-03-10T11:31:21+00:00,"The only reason I am using it is because of the super saver mode. 2 orders of 1.5k monthly using Kotak CC that gives 12% discount. Once that is gone, I will also move on from zepto.",True,"Discusses user shopping behavior, discounts, and churn triggers.",0.97
4663,reddit,8.0,2025-03-11T02:25:26+00:00,"Just make sure you check the expiry dates on bigger items, they sell items that are about to expire like in a day or two at a heavy discount.",True,Discusses product information/expiry dates and discount tactics.,0.96
4667,reddit,15.0,2025-03-10T11:59:49+00:00,"A lot of time they charge a lot for the product. 250 gm chicken breast shows around 240rs with but if a buy the same thing of same brand from a store. They charged me 110 for 250gm. I have a setting with my sabji wala, fruit wala they deliver everything as home without delivery charge and are quiet trust able too.",True,"Compares product pricing between quick commerce and local stores, directly affecting purchase decisions.",0.98
4669,reddit,3.0,2025-03-10T21:27:33+00:00,"Nah dude, that’s not how it works. By maintaining a relationship with you that sabji wala and fruit wala has made sure that he won’t loose you as a customer because you aren’t stepping foot in sabzi mandi to compare prizes. Usually when someone goes to market you tend to compare prices and buy from different vendor. By giving you delivery because you are repeat customer they make sure that you don’t explore the market.",True,"Discusses shopping behavior, customer retention, and market exploration.",0.95
4671,reddit,10.0,2025-03-10T13:23:03+00:00,Ek scooty kharid lo aur usse jo samaan laana hai woh le aao. Best solution. Qcom can help after 10pm coz shops get closed.,True,Discusses user motivations and when quick commerce is preferred over local stores.,0.94
4672,reddit,8.0,2025-03-10T12:05:56+00:00,"‘Overcharging’ 

Lmao. More like they stopped giving promo discounts.",True,Discusses pricing changes and discounts affecting purchase decisions.,0.91
4673,reddit,4.0,2025-03-10T14:11:37+00:00,maybe quit such ecomm and support local vendors,True,Suggests alternative shopping channels influencing purchase decisions.,0.9
4674,reddit,4.0,2025-03-10T22:40:43+00:00,"Please somebody tell all the online stores and food delivery apps to start asking for a clear delivery fee instead of handling fee , platform fee , protect promise fee , small cart charge and CEO ke bachchon ki school fee.",True,Discusses fee structures impacting purchase decisions.,0.92
4675,reddit,2.0,2025-03-10T13:54:35+00:00,"Zepto and instamart are good after entering a particular city for a month or two, after that they start to charge higher. Blinkit is somewhat good but their actual prices are higher compared to instamart and zepto. So all 3 are same lol",True,"Compares pricing strategies across different quick commerce apps, directly impacting purchase decisions.",0.96
4676,reddit,2.0,2025-03-10T16:06:14+00:00,Don't ever take zepto pass. You get charged more,True,Discusses pricing strategy and membership value affecting purchase decisions.,0.95
4677,reddit,2.0,2025-03-11T02:42:55+00:00,"Zepto be like: On is it. btw we wave off delivery fees for orders above 299 Rs. Also if you buy our membership which costs around the same, we will give that back by inflating the product prices a bit and will make you think you actually saved 10K in 3 months which is 20x of what you paid for the membership. 
:)",True,Discusses membership costs and inflated product prices affecting purchase decisions.,0.96
4678,reddit,2.0,2025-03-11T05:19:29+00:00,"Zepto is my absolute last option if I need something quick and I'm not guaranteed to get it from stores near my house. For most other things, I use bigbasket. The only downside of bigbasket is that they don't always deliver as fast as Zepto and sometimes take upto 35-40 mins to deliver.",True,Discusses app selection criteria and shopping behaviour between quick commerce and traditional platforms.,0.97
4679,reddit,2.0,2025-03-11T15:21:13+00:00,"Bro 2-3 apps install karke rakh,  kabhi kabhi use kar.  Aaj meine potato, garlic,  coconut aur kadipatta 85 mein mangaya.  Coz bohot din se ye sab buy nahi kiya tha zepto se so mujhe reduce karke bataya price. 

In between I was ordering from blinkit,  ab vapas zepto next week.  So sab cheap rehta,  otherwise regular use karenge ek he app toh onion jo 31 ka 1kg hai,  85 show karte hai 😑",True,"Directly discusses shopping behaviour, app switching, and pricing strategies used to influence repeat purchases.",0.99
4680,reddit,1.0,2025-03-10T16:10:13+00:00,"All apps are doing this , they want to buy a membership tonget free delivery( which is going to deliver agents ) and slowly increase the handling fee that apps keep .


So now, the consumer has paid membership + handling fees .",True,Discusses membership fees and handling charges impacting purchase decisions.,0.93
4681,reddit,1.0,2025-03-10T17:02:04+00:00,Your laziness is getting capitalised by zepto and blinkit!,True,Comments on user motivations regarding convenience.,0.85
4684,reddit,1.0,2025-03-10T17:52:52+00:00,Insta cart also charges delivery + you have to tip the delivery person anyway. It’s not any better.,True,Compares delivery charges and tipping affecting purchase decisions.,0.9
4685,reddit,1.0,2025-03-10T19:29:10+00:00,"I remember the time when zomato had first introduced gold, they had tied up with restaurants, 1+1/2+2 food/drinks. The subscription initially was some 999 or something for a year. And here I renewed my zomato gold subscription the other day at Rs.30. You make something so easily available so that everybody buys it under the pretext of ""premium"" services. If everyone is getting free delivery, who is paying the delivery guy?",True,Discusses subscription renewals and pricing models affecting trust and purchase decisions.,0.92
4686,reddit,1.0,2025-03-11T08:10:50+00:00,"i don't understand the hate from everyone on this quick commerce or food delivery app... i think none of them are forcing you to buy from them, its a fair market with good competition and no monopoly is there....   
yes, these so called hidden charges are hidden under the click of a button, other than that whats the issue here?

if people dont like to pay extra they are welcome to not use them, they are charging you for convenience obviously....

i know i m going to get downvoted on this but would live with it if get genuine answers about this... would learn something new,,,,",True,Discusses paying extra for convenience and transparency in pricing affecting purchase decisions.,0.94
4687,reddit,1.0,2025-03-11T09:48:07+00:00,"The issue is the underhanded technique to do it.

You have got delivery costs that need to be paid? Cool, tell us like it is. People will pay if the order is that important. 

But then why the dubious ""premium passes"" that do nothing and/or force conditions (say free delivery in app home, then say buy items worth 499 or else rs. 12 charge) that change on whims/devices? 

Basically the problem is the bait and switch, inconsistency, and 'fcuk the customer as much as you can' approach. 

Ohh and yes, all the while getting crazy discounts from the sellers because of sale power. So even if they would charge nothing for deliveries from us they still earn PER ORDER despite what the founders would like to complain.",True,"Discusses hidden charges, membership conditions, and bait-and-switch pricing affecting trust and purchase decisions.",0.98
4688,reddit,1.0,2025-03-11T09:57:03+00:00,"These subscriptions are scam, remove them next month",True,Discusses subscriptions acting as a barrier to purchase.,0.91
4691,reddit,1.0,2025-03-13T03:58:32+00:00,"I don't understand their pricing, for the past few days, I'm getting 0 handling charges or charges of any kind. Pay MRP on product and voila! Before it they were charging me 33 rs over my product total.",True,Discusses unpredictable pricing and handling charges affecting purchase decisions.,0.96
4694,reddit,2.0,2024-12-28T21:16:19+00:00,"I've mentioned how I contacted the support team via chat when it was already 10 15 mins. They assured me that they will deliver soon and I need to wait. I would understand if the issue was ""rider/partner not being available"". But there was no surge pricing/high demand when I had placed the order. The reason they gave me for not delivering was ""sorry but we've closed the shop now"". Who does that AFTER accepting an order bro?",True,Discusses order cancellation after acceptance affecting trust and purchase decisions.,0.95
4695,reddit,1.0,2024-12-28T21:13:01+00:00,"Idk man, got to disagree with you.
I have received an email when I requested the team to escalate the issue. Got a 20% off coupon. While I agree that I might have acted 'entitled', but Blinkit has been giving me some real hard time lately. From quality issues to order cancellation. This time around, the main issue was that they accepted the order and then told me that they've shut the shop. And when the support executive guy laughed at my face, that tipped me over. I'm still bitter from the experience though. Idk, zepto or dmart from now on... Move on kar lunga bass",True,"Discusses product quality issues, order cancellations, and switching platforms due to bad experience.",0.98
4697,reddit,1.0,2024-12-28T21:11:41+00:00,"My name is an iteration of that lol.
Jokes aside, I understand how you may see it as a non issue. But I've been having a hard time with Blinkit lately.",True,Discusses recurring poor experiences affecting continued app usage.,0.88
4699,reddit,0.0,2024-12-28T21:20:45+00:00,"I may have worded that poorly. I mean ""what steps should I take next?""
Title was a bit off ig

Also, yeah man. I lost 30 minutes waiting. That is something I'd take them on for. Service sector operates on trust. I made the payment and waited patiently, I expect my delivery dude. Hell! I even offered to walk to the Blinkit store and collect it myself (after having paid the delivery and platform fee) because I needed the stuff.",True,Discusses loss of trust and willingness to pick up orders due to service failures.,0.92
4702,reddit,1.0,2024-12-29T04:25:41+00:00,"I get your point dude. Ordered once from Guru Kripa (Sion) via Swiggy. Swiggy guys made me pay despite not delivering on time (I wanted it delivered on time because I had guests, Swiggy was about 2 hours late) and they would blacklist me and penalize the delivery guy if I refused to pay for it. All this happened in the midst of my work (doing WFH). The fault was entirely Swiggy’s because their estimate about delivery time was WAY OFF and their app wrongly showed order accepted by restaurant, order being prepared, order sent – all those stages, without anything happening on ground.

I didn't give a rat's ass about being blacklisted by these imbeciles but that delivery guy would be hurt if I didn't pay. Swiggy’s customer care was simply pathetic.

Distributed those samosas I paid for among my neighbours and maids, ig there were about 15 of them so couldn’t eat them alone.
I was thinking about taking action but that would not change anything and now that I paid for the order they would hardly bother to do anything further.

This problem about these apps showing incorrect delivery times, stock unavailability is not uncommon. Get stuff from your local kirana guy dude.

The good part in your case is you're at least getting a refund. I couldn't even reject the order because this is service (albeit pathetic) not goods.",True,"Discusses incorrect delivery estimates, stock unavailability, and deciding to shift to local kirana stores.",0.97
4703,reddit,2.0,2024-12-29T08:29:04+00:00,"That sucks. It's sooo embarrassing to leave your guests hanging. I would've surely gone to the kirana store but at 4am I had no other alternative. Although, I should've seen it coming, considering the past experiences with Blinkit :')",True,Discusses past experiences influencing platform choice.,0.9
4704,reddit,1.0,2025-01-01T17:32:52+00:00,"Bruv better than mine. I ordered a blinkit once, and waited 2 hours for it. Called my driver, he said he needed some time and then ran away because it went back to finding a delivery partner. They cancelled  it later and said it was because of an operational issue.

I tried a second time waiting another hour and a half, called my driver and support only for them to say another operational issue😭",True,Discusses order cancellations due to operational issues affecting trust and purchase execution.,0.95
4706,reddit,1.0,2025-04-05T13:49:32+00:00,"Blinkit customer care is the worst customer service I've come across. I ordered some groceries &amp; snacks few weeks ago, but the items had to be delivered separately as one of the stores was in a different location ig, so I opted for COD (cash on delivery) and waited for my order to arrive, the first delivery guy came and took both the 1st &amp; 2nd orders full amount, I told him to give me back my money he didn't give us the change back, I only had rps 500+500 notes on me but he just went away &amp; I called his blinkit no several times he didn't pick up. After all this I reached out to Blinkit customer care and u know what they did? They gave me a FUCKING AI response, didn't even let me talk to a real person, the AI responded they'll look at the situation &amp; see that this doesn't happen again, I tried 3 or 4 times again but was met with the same response. Well Blinkit lost a loyal customer that day (fyi I was in Blinkits 0.1% users &amp; had 600-700 delivery a year), I uninstalled the app after that and am using swiggy instamart now, there customer care is top-notch",True,Discusses abandoning a platform (churning) and switching competitors due to payment and customer support issues.,0.96
4709,reddit,1.0,2024-12-25T05:18:14+00:00,"Unfortunately, Blinkit is the worst. Only buy from them if you expect zero customer support. Shittiest of the quick delivery apps. They can easily take it back and return to the company but they don’t give a damn about customers. They know they will find new bakras every day. 

See if some generic app will support it.",True,Discusses loss of trust in quick delivery apps based on service quality.,0.91
4710,reddit,1.0,2024-12-25T09:29:45+00:00,Yup I am going avoid buying any electronics from them now,True,Discusses avoiding specific product categories (electronics) on the platform due to past issues.,0.98
4718,reddit,6.0,2024-11-03T03:11:59+00:00,"Absolutely! After I complained several times about their poor service, they stopped delivering to my house. They say they’ve blacklisted me—haha, as if I’d want any more of their lousy attitude.",True,Discusses being blacklisted and completely stopping usage of the platform.,0.92
4719,reddit,14.0,2024-11-03T02:15:15+00:00,Just buy from Kirana store. They already have a very low profit margin and then this new crap that has statred,True,Discusses shopping behaviour shift back to Kirana stores.,0.94
4720,reddit,8.0,2024-11-03T03:21:35+00:00,"Please also avoid BigBasket. They don’t handle items in glass bottles, like pickles or sauces, with proper care. Once, I ordered pickles along with several other products, and the delivery person showed up carrying everything in his bare hands—no bag, no basket. I had to start taking the items from him one by one, and he ended up dropping one of the jars. If it had been wrapped in cardboard, it wouldn’t have broken. Cleaning up was a nightmare, and the area around my main door smelled like pickles for days. When I contacted their customer service, all I received was a casual copy-pasted text, with no refund.",True,Discusses product damage due to bad handling and lack of trust in product delivery.,0.95
4725,reddit,5.0,2024-11-03T04:17:49+00:00,"I will never be convinced to buy veggies and fruits from an app. 
Packaged food? Sure. But for fruits and veggies I HAVE to check them myself before I pay for it.",True,Explicitly discusses purchase barriers and refusal to explore/buy specific categories (veggies and fruits) online.,0.99
4726,reddit,4.0,2024-11-03T03:08:58+00:00,"Thanks for your post. I've never ordered from these apps, but I've often wondered if they offer good quality produce and proper customer care. I'll certainly be avoiding them from now on.",True,"User discusses trust in product quality and customer care, directly affecting purchase decisions.",0.98
4727,reddit,3.0,2024-11-03T05:56:31+00:00,"Yes OP local bhaji wale ka no le le, share ur problem with him. They do deliver.",True,"Discusses an alternative to quick commerce for purchasing vegetables, impacting purchase decisions.",0.85
4728,reddit,3.0,2024-11-03T04:59:49+00:00,"I have had good experience with Blinkit so far. Also not sure about others but if you inspect when delivered, you can return on the spot. They also do cash back if you share pic after a while if anything is bad quality. Been using it for a while and hardly 1-2 such incidents so far.",True,"Discusses trust in products, quality inspection, return experience, and repeat purchases.",0.95
4729,reddit,2.0,2024-11-03T04:18:42+00:00,So far zepto or even Amazon fresh have delivered stuff with good quality..jio or anything ambani we should stay away,True,Discusses product quality across platforms affecting shopping choices.,0.9
4730,reddit,2.0,2024-11-05T05:41:27+00:00,"Till now never had issues with Zepto, Swiggy Instamart, and Kisan. I avoid Jiomart at all costs if I do have to use other modes I'd go for the Star Bazaar website/Dmart Ready

&gt;they are one of the most sweetest people and try to converse with them about their hometown and you will find a beautiful story on how this vegetable infront of you comes to life.

Well nope, the street vendor doesn't grow veggies and is rude enough not to speak, or hamare yaha ke market me ""20 ka 3"" chillane me busy hote hai what market are you visiting lol?",True,Compares quality and purchasing behavior between quick commerce platforms and local vendors.,0.92
4731,reddit,1.0,2024-11-03T05:44:06+00:00,I order from country delight. They have always delivered good stuff.,True,Discusses repeat purchases and trust in a specific delivery service.,0.88
4732,reddit,2.0,2024-11-03T12:00:38+00:00,"But the quantity is always a disappointment, isn't it so?",True,Discusses product quantity expectations and trust.,0.8
4733,reddit,1.0,2024-11-03T09:44:56+00:00,Doesn’t their new advertisement say it’s the freshest fruits and veggies you’d ever find ? It would be worth report their advertisements then.,True,Discusses trust in product information and marketing claims regarding freshness.,0.9
4734,reddit,1.0,2024-11-03T18:00:50+00:00,"I usually buy veggies for a week from local market or else from my instamart, but main difference is found is veggies from local market lasts longer than these quick comm. Like veggies run 5-6 more than instmart, also half of the time they just wrap things up and send, like lettuce is 50% crappy leaves they picked and wrapped around small lettuce",True,"Discusses shopping behavior, product quality, and purchase barriers regarding quick commerce produce.",0.96
4767,reddit,1.0,2022-12-27T12:38:24+00:00,Don't work with Otipy. They cheat their customers. They don't disclose their terms.,True,Discusses trust issues and transparency concerns with an online delivery platform (Otipy).,0.9
4783,reddit,6.0,2022-04-09T13:08:43+00:00,True. I feel 30-45 mins in completely acceptable and realistic wait time. 10mins is just pushing it.,True,Discusses acceptable wait times which directly impacts purchase decisions and user motivations for quick commerce.,0.91
4784,reddit,7.0,2022-04-09T15:05:00+00:00,I agree...How can companies push 10.min...mujhe society gate se ghar tak hi 5 to 6 min lag jaya h,True,"Discusses feasibility of 10-minute delivery, affecting purchase expectations and decisions.",0.92
4786,reddit,4.0,2022-04-09T16:46:21+00:00,"""LoGo Ne DeMaNd Ki HaI"" is the reason companies give lmao 

The only people begging for these deliveries are probably privileged pricks sitting in an fully AC'ed bedroom",True,Discusses user motivations and demand drivers for quick deliveries.,0.88
4808,reddit,3.0,2022-04-09T14:54:23+00:00,"Hello OP, don't order online and support this rash driving. Simple. Their 10 minute delivery policy is dangerous and accident prone. Pata nahi kitno ka Jaan leke manega ye policy. Stupid company and their stupid policies. This will make road more dangerous.",True,User states a purchase barrier ('don't order online and support this rash driving') directly affecting purchase decisions due to company policy.,0.95
4809,reddit,3.0,2022-04-09T15:22:00+00:00,"I don't, i really don't. Trust me",True,"User confirms avoiding online orders, directly reflecting a purchase barrier and change in shopping behavior.",0.94
4819,reddit,1.0,2022-04-09T14:35:41+00:00,"They are selling something &amp; people are using it. If I am not wrong atleast in some apps there is an option to get it delivered later. 

The problem is those who are paying higher delivery fees to get it delivered.

If there is a need companies are going to sell it. 

The only thing we need to do is create a social media awareness about risks attached to this. 

The government should come out with ads mentioning this.",True,Discusses app features (scheduled delivery options vs paying higher delivery fees) and user motivations/shopping behavior.,0.92
4834,reddit,1.0,2026-07-29T02:00:31+00:00,The only side effect is to your wallet ₹699 for a tiny block of chocolate is the real crime here,True,Discusses product pricing and perceived value/purchase barrier for a viral food item.,0.96
4852,reddit,7.0,2026-07-23T12:52:54+00:00,"Intaki em order petavu? Like milk/ choco/ veggies avi ite pack cheseyochu, delivery partner kuda store dagare unte, order OFD petestaru emo 🤔",True,"Discusses shopping behavior, order contents, and quick commerce delivery workflow.",0.91
4853,reddit,0.0,2026-07-23T12:57:32+00:00,Gift wrapping paper. That’s it,True,Mentions specific products ordered via quick commerce.,0.88
4854,reddit,1.0,2026-07-23T13:39:20+00:00,The store must be really close to your house,True,Discusses quick commerce fulfillment and store proximity affecting service.,0.85
4856,reddit,1.0,2026-07-23T16:11:49+00:00,"yeah, i mean no one wants a chips within 10 mins, they should let their workers chill a bit. cuz pretty sure they're not paid enough",True,Discusses user motivations and shopping behavior regarding instant delivery expectations.,0.89
4858,reddit,-2.0,2026-07-23T13:42:57+00:00,"As soon as you add items to cart, they start packing, they presume you are going to continue and pay so that they can save time",True,Discusses app functionality and shopping behavior regarding cart actions and automated packing.,0.93
4865,reddit,2.0,2026-07-19T16:47:40+00:00,Keep basic things since its rainy season,True,Discusses category exploration and product availability based on seasonality.,0.88
4905,reddit,1.0,2026-07-17T11:27:20+00:00,Quick delivery apps going to jack tha prices on 21st.,True,"Discusses pricing changes on quick delivery apps, affecting purchase decisions.",0.96
4906,reddit,1.0,2026-07-17T11:29:10+00:00,"Price is not an issue for me as of now. Just that it should be available even at 10x the price, idc",True,Discusses product availability and price sensitivity in quick commerce.,0.97
4942,reddit,141.0,2026-07-08T19:45:37+00:00,Try ordering a fruit bowl from 100N in Swiggy.,True,Directs user to an alternative platform for a purchase decision due to availability.,0.85
4943,reddit,100.0,2026-07-08T19:55:01+00:00,"Ordered!   
Arriving in 20 mins. Thank you 😃",True,Discusses a successful purchase decision and fulfillment time.,0.88
4949,reddit,18.0,2026-07-08T20:21:44+00:00,"Thank you so much for offering!   
Someone suggested that I can order from 100N on swiggy and I just received it 😄",True,Discusses a successful purchase decision and fulfillment on an alternative platform.,0.88
4951,reddit,12.0,2026-07-08T19:46:17+00:00,Wait blinkit is closed? Don't they operate through the night?,True,Discusses operating hours affecting product availability and purchase decisions.,0.92
4952,reddit,26.0,2026-07-08T19:51:29+00:00,Unfortunately no police is making them shutdown after 12 in my area they are stopping after 11pm itself and the police is also harrassing poor food delivery people too,True,Discusses store availability and operational hours impacting purchase decisions.,0.94
4954,reddit,7.0,2026-07-09T03:23:01+00:00,"Might be but my brother does night shift 5pm to 3Am and be sometimes crave for random ahh things or just any one want to order something in emergency 

Also do whatever the f they want but atleast they should not harass delivery partner 

*20 years old GenZ*",True,Discusses user motivations and purchase barriers for late-night orders.,0.91
4955,reddit,3.0,2026-07-08T19:52:52+00:00,Recent ga andharu night off chestunnaru hyd lo telidu why,True,Discusses night availability and store closures.,0.85
4957,reddit,2.0,2026-07-08T19:47:48+00:00,Already closed ani petindu bhai,True,Discusses product availability and store status.,0.89
4958,reddit,2.0,2026-07-08T19:48:46+00:00,Nope I tried at 1:03 and it’s closed. Swiggy also same,True,Discusses product availability and store closure affecting purchase decisions.,0.9
4959,reddit,3.0,2026-07-08T19:53:04+00:00,Zepto 1ke close all over hyd. And also heavy rain Ane saaku,True,Discusses platform availability and operational hours.,0.9
4960,reddit,2.0,2026-07-08T20:04:59+00:00,"Bro even in Karimnagar Zepto is open until 2AM how's it closed in hyd 😭

But probably its a good thing.",True,Discusses regional differences in product availability and operating hours.,0.91
4961,reddit,2.0,2026-07-08T20:21:21+00:00,"10 mins order chesa zepto lo 🙂‍↔️🤭 blinking 24 hrs untadi kada

https://preview.redd.it/6wo3qdtae2ch1.jpeg?width=3000&amp;format=pjpg&amp;auto=webp&amp;s=a9aae58f843a3d5e28a2d2edc17ab76799a5f622",True,Discusses alternative platform usage due to availability issues.,0.92
4962,reddit,3.0,2026-07-08T19:51:40+00:00,"Just checked it's open near my location so maybe just temporarily cloosed for rain in your location, it might open after couple of mins, if can't wait then fruit bowls from Swiggy or zomato is your best bet",True,Discusses product availability and cross-platform purchase alternatives.,0.93
4963,reddit,3.0,2026-07-08T19:56:28+00:00,Next time try zepto it's open for 2am,True,Recommends an alternative platform for purchases based on availability.,0.92
4964,reddit,2.0,2026-07-08T19:51:57+00:00,Instamart or Swiggy Food delivery??,True,Discusses shopping options and service types.,0.88
4965,reddit,2.0,2026-07-08T19:54:03+00:00,"Swigy, Instamart closes after 12, atleast at my location",True,Discusses store availability and operational hours.,0.9
4966,reddit,2.0,2026-07-08T19:53:19+00:00,Try jiomart or Bigbasket once they sometimes operate through the night,True,Provides platform recommendations based on operating hours and availability.,0.92
4969,reddit,9.0,2026-07-08T19:58:05+00:00,"Yup got it!   
Ordered a fruit bowl on Swiggy",True,Confirming a successful purchase decision on an alternative platform.,0.9
4971,reddit,3.0,2026-07-08T20:09:24+00:00,How do they get water melon in this season,True,Discusses product availability based on seasonality.,0.88
4972,reddit,5.0,2026-07-08T20:25:05+00:00,Watermelons don't check local weather app before showing up in stores 🤭😁,True,Discusses product availability and inventory.,0.85
4973,reddit,2.0,2026-07-09T05:57:19+00:00,a resto in Kondapur great for healthy food,True,Provides local food/health recommendations.,0.8
4977,reddit,2.0,2026-07-08T20:25:50+00:00,Just be careful about the quality buddy might be rotting if it’s cut fruit. Nothing else,True,Discusses trust in product quality for cut fruits on quick commerce.,0.92
4978,reddit,3.0,2026-07-08T20:32:22+00:00,"It was actually surprisingly good!   
Definitely better than what Blinkit might have sent if it was open",True,Compares product quality with expectations from Blinkit.,0.88
4979,reddit,2.0,2026-07-08T20:45:03+00:00,"Try to find on swiggy/zomato - few listings do sell cut fruits or watermelon juices, you can request them to send sliced piece of melons :)",True,Suggests alternative platforms for specific product availability and requests.,0.85
4984,reddit,2.0,2026-07-09T14:07:59+00:00,roadside fruit stalls lo bane ammuthunaru kada...,True,Discusses alternative purchase locations (roadside stalls) affecting quick commerce motivation.,0.82
4985,reddit,2.0,2026-07-07T12:32:31+00:00,"Bro just keep checking Zepto and blinkit , its getting stock every 2 days but gets out of stock pretty quickly , I saw digital edition in stock 4 times in last 1 week , and bought disk edition last Saturday at 3 am from blinkit, you just have to keep checking every 20 minutes or so, and even at night there is chance like mine or if you have knowledge then you can create stock alert tracker using some python script for blinkit and Zepto , this is the best way for Hyderabad",True,"Discusses product availability, inventory restocking patterns, and user search strategy on Blinkit and Zepto.",0.98
4995,reddit,1.0,2026-07-05T03:34:15+00:00,"Now as you have already posted it twice. People are aware to check on blinkit . So whoever really wants it and finds it buys . Instead of people  
Who are buying for reselling and for fomo . And i dont see it on blinkit now did you order it yourself again like last time ?",True,"Discusses buying behavior, platform checking habits, and reseller impact on Blinkit stock.",0.91
4996,reddit,0.0,2026-07-05T02:28:01+00:00,Update: Still available,True,Provides real-time product availability update on the platform.,0.89
4997,reddit,1.0,2026-07-05T03:05:43+00:00,Could you send the link. Searching manually for it doesnt work.,True,"Discusses search experience limitations (""Searching manually for it doesnt work"").",0.96
4998,reddit,1.0,2026-07-04T17:54:43+00:00,They went out of stock since so long... people started to export these from outside,True,Discusses long-term product availability issues on platforms.,0.85
4999,reddit,1.0,2026-07-04T18:31:53+00:00,Online lo levu.. prices hike ayyay ga,True,Discusses online pricing and availability.,0.8
5000,reddit,1.0,2026-07-04T12:58:30+00:00,Just turn on notifs on Zepto/Blinkit and order one,True,Discusses notification usage and ordering strategies on Blinkit and Zepto.,0.94
5004,reddit,1.0,2026-07-04T13:06:01+00:00,Zepto and blinkit,True,Mentions platforms (Zepto and Blinkit) in the context of availability.,0.85
5005,reddit,1.0,2026-07-04T13:29:20+00:00,"No where it is available, I want a disc edition I am looking for it from 15 days",True,Highlights product availability issues and search duration over 15 days.,0.9
5008,reddit,0.0,,"It’s so boring. 😂 What games do you play?


I got influenced by my mates abroad and bought a PS5, but nah, the fun wore off pretty quickly. It went from being exciting to boring in about four days.",True,Discusses user motivations and influences leading to a high-value purchase decision.,0.85
5022,reddit,0.0,,Anna just got one from a guy on reddit this morning. Literally ran from Uppal to Gachibowli in 45mins. He ordered from Blinkit this morning itself. And that's my first ever console in my life and I got it for mrp price which blinkit was selling at. Not a rupee more.,True,"Highlights shopping behavior, successful high-value purchase on Blinkit at MRP, and user excitement.",0.95
5023,reddit,0.0,,"Haha, I actually saw that Reddit post this morning! 😄 Congrats, man!  Enjoy your first-ever console. Getting it at MRP from Blinkit is a huge win—you got really lucky!",True,Validates successful high-value purchase experience on Blinkit.,0.88
5024,reddit,0.0,,PS5s are not new so why is it that they are out of stock everywhere right now ? Is it some new edition which is hyped and not available??,True,Discusses market-wide product availability and stock shortages.,0.85
5025,reddit,0.0,,Gta 6 and some FOMO of missing to post on reddit.,True,Discusses user motivations (FOMO) driving purchase behavior.,0.9
5031,reddit,0.0,,I just saw one available in Zepto bro,True,Discusses product availability on quick commerce platforms like Zepto.,0.96
5032,reddit,0.0,,"Yeah bro, it was also available yesterday around 
7 AM
 on Zepto in the 
Kothaguda
 area. They usually drop 
just one piece
 in certain locations, and it gets sold out within 
5–10 minutes
. You really have to be quick! 😅",True,"Provides specific insights into product availability, stock drop times, and rapid sell-out patterns on quick commerce.",0.98
5033,reddit,0.0,,"500084, But it went out of stock within 1 min.",True,Discusses pincode availability and rapid stock depletion.,0.97
5034,reddit,0.0,,"I am in Madhapur, its still available",True,Discusses location-based product availability on quick commerce.,0.97
5035,reddit,0.0,,"Juat checked, It's out of stock now. It was available since 8AM",True,Tracks stock status and availability duration.,0.97
5036,reddit,0.0,,"Thanks, bro! 🙌 Next time if you see it in stock again, please update it on this post. It'll help a lot of people who are still searching",True,Discusses peer restocking alerts to help users searching for products.,0.94
5041,reddit,0.0,,Vijay sales r telling to take warranty worth 5k otherwise they r telling they wont sell,True,Highlights purchase barriers and conditional selling practices at traditional retail.,0.96
5043,reddit,0.0,,"Who is that Redditor? Where can I find restocking details I’m also facing the same everywhere out of stock I’m checking very few mins on Amazon, Blinkit, Zepto, Instamart, Bigbasket,JioMart 


Flipkart is always showing as 2 left but no deliverable, some Twitter user has runned AI Scanner of all Indian Pincodes itseems but the result was shocking it was delivering is none of the pincode exists in India wow 👏 maybe they wanna deliver to pak


Daily calling all the Branches of Vijay Sales, Croma, Bajaj, Reliance Digital… even said to call or msg on WhatsApp but still no use! 


So if you tell restocking details then it would be very useful.",True,"Details cross-platform search behaviour and stock tracking across multiple quick commerce and e-commerce apps like Blinkit, Zepto, and Amazon.",0.99
5044,reddit,0.0,,It has been available for months in my area with few games and controller as well,True,Discusses persistent local product availability.,0.95
5045,reddit,0.0,,It was available on Zepto as well for like 45k and 48k,True,Provides pricing and availability details on quick commerce platforms.,0.97
5047,reddit,0.0,,"That doesn’t even make any sense lol.

So you bought thinking someone else might need it, when they themselves can buy on blinkit?

What?",True,Discusses purchase decisions and platform coverage constraints.,0.92
5048,reddit,0.0,,You do know that blinkit doesn't cover whole Hyderabad right and even in the parts it covers it's not like it will be available for every pincode,True,Highlights platform service area limitations and pincode-level product availability constraints.,0.98
5049,reddit,0.0,,Man it is getting out of stock everywhere very fast! Scalpers are procuring the units! Fuck scalpers! One guy DM’d and was asking for 65k for this!,True,Discusses stock depletion speed and purchase barriers caused by third-party scalpers.,0.96
5056,reddit,0.0,,"Sorry I don’t follow much

But what’s the difference btw the standard version and the other one",True,Asks about product information and differences between variants.,0.97
5057,reddit,0.0,,One has a disc drive and one doesn't. That's the only difference.,True,Provides product information comparing model variants.,0.98
5058,reddit,0.0,,"Unless I'm mistaken Standard edition has disc.. the other one has ""digital"" downloads only.",True,Clarifies product information and specifications.,0.98
5063,reddit,0.0,,"OC. PS5 was not available in Hyderabad and just now got one. Since I already have one, I secured this unit in case anyone in Hyderabad is looking to purchase one. No scalping, just helping folks out.",True,Discusses local product availability and purchasing strategy.,0.94
5065,reddit,0.0,,Guys I got my first ever console in my life. I'm shaking as I type this. I'm excited. Thankful to God 🙏🙏,True,Reflects user motivations and emotional purchase decisions regarding a high-value item.,0.95
5069,reddit,0.0,,Get digital edition that’s best for long run and it’s cheaper as well,True,Provides product recommendations and long-term value assessment for a specific variant.,0.97
5070,reddit,0.0,,yeah as sony just said they will be scrapping discs it makes more sense now,True,Discusses industry trends influencing product choices and purchase decisions.,0.94
5071,reddit,0.0,,Looking for digital one - can't find anywhere,True,Highlights product availability issues and search difficulties for a specific variant.,0.97
5072,reddit,0.0,,I live around 500032 as well intha demand deniki nenu choodalekapothunna I have a PS5 that’s practically brand new. I bought it but barely used it. 4 days la Maza excitement antha katham.,True,"Discusses shopping behavior, post-purchase regret, and low utilization after initial excitement.",0.96
5073,reddit,0.0,,GTA 6 releasing in November - Pre release order at 7500 only - People buying or exchanging with compatible model - PS5,True,Discusses upcoming gaming releases driving purchase decisions and pre-order behavior.,0.95
5075,reddit,0.0,,"What's with the sudden hype around the PS5 lately?


Also, I randomly bought the Spider-Man Special Edition PS5 console about two years ago. Any idea what it would be worth if I were to sell it now?",True,Discusses demand trends and asset valuation for specific product editions.,0.94
5080,reddit,0.0,,? Tu khud blinkit pe lele naaa,True,"Discusses purchasing items on Blinkit, relating to purchase decisions and availability.",0.9
5085,reddit,0.0,,"Lettuce Romaine


https://www.zepto.com/pn/lettuce-romaine/pvid/71fb94fc-c235-4f90-98c9-eb0ba65fddd1?marketplaceType=SUPER\_SAVER


Found this on zepto. Not sure if it's authentic",True,"Discusses product authenticity and finding products on Zepto, relating to product information and trust.",0.94
5086,reddit,0.0,,Not showing in my area. But thank you for the response!❤️,True,Discusses product/service availability in a specific area.,0.92
5087,reddit,0.0,,"Ratnadeeep - Expensive AF because they sell on MRP and the strategy is to up sell you premium products.


More - They sell you at MRP plus decent list of products


Dmart/Zepto- use HSBC live + card with deeply discounted products...


Swiggy - use HDFC Swiggy card 


For me - Dmart >> Swiggy >> Zepto for groceries...",True,"Compares pricing, discounts, and value across supermarkets, Zepto, and Swiggy, impacting purchase decisions.",0.96
5088,reddit,0.0,,They sell counterfeit products too at DMart,True,Discusses trust in products and perceived counterfeits at retail chains.,0.93
5089,reddit,0.0,,Dmart + hsbc live + = crazy combination,True,Discusses discounts and credit card offers affecting purchase decisions.,0.91
5098,reddit,0.0,,Why don't you buy vegetables at weekly markets or regular rythu bazars? Dmart has 2nd grade groceries and I could find difference in quality in fmcg products also compared to Ratnadeep,True,"Discusses product quality differences between offline markets and retail chains, affecting trust in products.",0.92
5099,reddit,0.0,,Thanks. I did hear about lower quality fmcg products in DMART.,True,Discusses product quality perceptions (trust in products).,0.9
5102,reddit,0.0,,"all these super markets makes you buy unnecessary things., if I were you go to begum bazaar or wholesale shop to buy exactly what I need., you'll see the bill going down drastically.",True,Discusses shopping behavior regarding how supermarkets influence unnecessary purchases.,0.93
5103,reddit,0.0,,Good Thought. Works for a large family. But for a small family like mine - it does not make economical sense. I would have to buy large quantities - process grains a bit and then store it. And chances of grains and groceries going bad are high as it is going to be used slowly.,True,Discusses user motivations and purchase barriers regarding bulk buying versus small family needs.,0.95
5104,reddit,0.0,,"nope you do not need to buy large quantities, you can buy as low as 100gms as well.",True,Discusses purchasing quantities and barriers.,0.88
5106,reddit,0.0,,Groceries - Better try Jiomart or sometimes I see Amazon Now app also sells things cheaper and veggies as suggested visit markets .,True,"Discusses shopping behaviour and platform comparison (Jiomart, Amazon Now).",0.94
5107,reddit,0.0,,"D mart is obviously the cheapest retail chain, however I have always got similar if not lower prices online. Zepto and Bigbasket have the lowest prices generally.",True,"Compares pricing across online apps (Zepto, Bigbasket) and retail chains, driving purchase decisions.",0.97
5109,reddit,0.0,,"Dmart and national mart are pretty good.

But sometimes even apps like Instamart,minutes etc match (even cross) the discounts of Dmart.

Before going to Dmart, just make a list and check the prices in the apps first, and then compare em with Dmart once you go there, and decide which products u wanna buy from where",True,"Discusses shopping behaviour, price comparison between apps (Instamart, Minutes) and offline stores, directly affecting purchase decisions.",0.98
5126,reddit,0.0,,If you are in DSNR - cross the Moosrambagh bridge - you have chicken market here...buy a chicken at live price and give 20 rs tip to the butcher to make it boneless for you. For 350 - you will get around 1.5 kgs...,True,Discusses purchase alternatives and price comparisons for groceries.,0.85
5130,reddit,0.0,,Frozen boneless chicken is also cheaper comparatively.,True,Discusses pricing and product availability options.,0.8
5134,reddit,0.0,,"KPN, Vijetha get fresh deliveries near me everyday around 7am. Good shit.",True,Discusses product freshness and shopping behavior at local retail stores.,0.75
5145,reddit,7.0,2026-06-02T03:51:42+00:00,"They are everywhere bro, just go to some ice cream shop or kirana shop which has Arun Icecream fridge. You will find them everywhere. Not sure if they are on Zepto or Blinkit",True,Mentions product availability checking on quick commerce apps like Zepto or Blinkit.,0.95
5163,reddit,2.0,2026-06-02T08:18:04+00:00,"I love the litchi flavour bites, it is the best!",True,Expresses product preference and trust/liking for a specific flavor.,0.85
5173,reddit,1.0,2026-06-02T05:30:15+00:00,"Kondapur lo Amul Lounge undi bro, akkada try chesa. Next week more lanti vatillo tried. Akkada kuda dorkale!",True,Discusses product availability and searching across different stores.,0.8
5183,reddit,1.0,2026-05-28T13:19:34+00:00,Gachibowli. But I guess Uber/Blinkit does courier right ?,True,Discusses using quick commerce/delivery services like Blinkit for courier and product fulfillment.,0.91
5184,reddit,1.0,2026-05-28T13:22:11+00:00,They do. But only 10 kms or something. Was wondering if I could pick it up with cash tomorrow. Live 15 mins from Gachibowli.,True,Discusses delivery distance limits and purchase/pickup logistics.,0.9
5204,reddit,30.0,2026-05-23T04:36:59+00:00,"its lightweight and Non greasy as well

https://preview.redd.it/35hmevuvft2h1.jpeg?width=3072&amp;format=pjpg&amp;auto=webp&amp;s=1119efc51398c2035f024589e33b7e22203c1242",True,"Discusses product attributes (lightweight, non-greasy) which relate to product information and trust.",0.88
5264,reddit,1.0,2026-05-15T11:16:23+00:00,"I took from Croma in March. You can pre order or pay and they’ll deliver it next day. Call all of them.   
I literally called all cromas and electronics in Hyderabad while buying",True,Discusses purchasing electronics and product availability at Croma.,0.9
5265,reddit,2.0,2026-05-15T11:29:46+00:00,oh i was quite skeptical abt pre ordering coz of scams and shi but if u say they’re credible then ill trust you,True,Discusses trust in pre-ordering products from retail stores.,0.9
5266,reddit,1.0,2026-05-15T11:30:31+00:00,But again. They’ll give you bill so verify with them about that too. And go with trusted retail chains.,True,Discusses product bills and trusted retail chains for purchases.,0.9
5267,reddit,1.0,2026-05-15T11:31:16+00:00,yeah for me it was croma or ntg lmao,True,Discusses purchase decisions and preferred retail stores.,0.9
5272,reddit,1.0,2026-05-25T23:19:55+00:00,"oh lets not talk about how much i paid, he charged me 60k for the base ps5 digital edition which should usually come for 49k. I got it from game planet, i was rlly desperate for one and id been looking for a ps5 for like 2 months so i decided to fuck it and buy it immediately. 

He told me that they were restocking ps5s so js ask them abt the price. dont buy it for 60k, dont make the same mistake i made lmao. Anyways BRO ITS HELLA FUN HOLY SHIT IVE BEEN PLAYING NONSTOP FOR A WEEK STRAIGHT",True,"Discusses purchase decisions, pricing, restocks, and shopping experience for a PS5.",0.95
5273,reddit,1.0,2026-05-26T00:29:33+00:00,60k? ouch... thanks.,True,Discusses product pricing during a purchase.,0.9
5282,reddit,1.0,2026-05-11T18:35:25+00:00,"Single items are fine, but i think total of the cart (multiple items) should be displayed, that seems like a more useful feature to me. along with the final price (with convenience, delivery etc etc added).",True,Discusses cart value display and pricing features directly impacting purchase decisions.,0.96
5283,reddit,1.0,2026-06-05T08:07:34+00:00,search function is not working fully. I'm searching mavis 350 it's not showing up but when I search mavis 350 shuttlecock it's showing up,True,Directly discusses search experience issues and product findability.,0.99
5286,reddit,1.0,2026-05-04T05:47:47+00:00,Mostly original from what I've ordered till now,True,Discusses trust in products and product authenticity for ordered items.,0.97
5287,reddit,1.0,2026-05-03T04:06:55+00:00,Zepto Cafe works. Try their Hazelnut Cold Coffee.,True,Provides a product recommendation.,0.95
5288,reddit,1.0,2026-04-30T19:54:11+00:00,Banana via blinkit I had got with earthworm,True,Discusses product quality issues and trust in produce bought via quick commerce.,0.98
5289,reddit,1.0,2026-04-30T19:58:51+00:00,That is the proof of it being organic!! 😁,True,Discusses product quality and trust.,0.9
5290,reddit,1.0,2026-04-30T21:41:31+00:00,"Honestly &amp; respectfully, 
I don’t understand why everyone is so focused on organic fruits these days, especially things like carbide-free mangoes. I keep seeing posts about it everywhere.
Anything labeled “organic” is priced much higher. It feels more like a business strategy than anything else.
I went to buy bananas recently, and the seller said ₹250 per kg, claiming they were organic and freshly sourced from his own farm. That surprised me because bananas are usually sold by the dozen, not by weight. Also, they clearly looked and smelled artificially ripened.
While I was there, another customer told me, “If you don’t understand what organic means, then it’s not for you,” bought a kilo of bananas, and left. I found that quite odd.
In the end, the seller offered me a dozen bananas for ₹80.

The same goes for Guavas as well, ppl are obsessed over those Thai guavas and some guavas which are pink inside (IYKYK)",True,"Discusses user motivations, pricing perceptions, and trust regarding organic produce.",0.98
5291,reddit,1.0,2026-05-05T07:16:59+00:00,"If you are looking for good quality Kesar Mangoes please checkout: [www.rajkesarfarms.com](http://www.rajkesarfarms.com), you can use the coupon code: REDDIT10 to avail a 10% discount",True,Provides product recommendations and promotional discounts.,0.92
5300,reddit,1.0,2026-04-26T14:35:30+00:00,"&gt;Btw what about resell value of pixel?

&gt;Let's say if I sell it after 2 years then what can be the resell value? Will it be better than iPhone?

Electronics are not investment. Why would you want to sell a perfectly good, working phone that will get 4-5 years of official updates AFTER that 2 year mark? You are worried about higher charges on quick commerce apps on iphones but aren't seeing the \~30k you are saving from your budget by going with 10a.",True,Mentions pricing differences and extra charges on quick commerce apps when buying electronics.,0.91
5308,reddit,1.0,2026-04-26T05:10:09+00:00,"Any specific reasons? Because I heard it have higher prices of same items on Zepto/Blinkit/Swiggy/Rapido , etc.",True,Discusses purchase barriers and higher prices on quick commerce platforms like Zepto/Blinkit.,0.96
5309,reddit,1.0,2026-04-26T05:17:31+00:00,"tbh havent done research on pixel10, but ik for a fact that 17base&gt;&gt;&gt;&gt;16promax , plus its much cheaper.

but afaik

performance : 17  
video: 17  
photos : slight edge to pixel  
gaming: 17  
baterry,software:both r good  
AI features :pixel by a mile ( but idt anyone takes full advantage that too on a phone )  
ecosystem : appple ecosystem bettr

so if u care about performance , longevity , apple is a safe premium choice

keep doing more research and give slight edges to what favours your interests

  
also why dont u j go to a store or order online, why do u wanna use quickcommerce?",True,Discusses smartphone specs but ends with a question on purchase channels and why users use quick commerce for electronics.,0.88
5322,reddit,3.0,2026-04-21T22:27:54+00:00,Go zero mango Ice cream and Get-A-Way blueberry cheesecake cone~ these are good tbh!🤤🤤,True,Provides product recommendations for specific snacks/ice cream available on quick commerce.,0.95
5323,reddit,2.0,2026-04-21T18:35:57+00:00,Farmely roasted peri peri makhana,True,Provides a product recommendation.,0.95
5324,reddit,1.0,2026-04-21T19:20:59+00:00,Heard about it!! Will try it,True,Discusses intent to try a recommended product.,0.9
5325,reddit,1.0,2026-04-21T19:21:13+00:00,Hotwheels to eat??,True,Discusses category exploration and unusual product offerings found on the platform.,0.92
5326,reddit,1.0,2026-04-21T18:58:37+00:00,Someone  said wai wai noodles,True,Discusses product search or specific product mention.,0.85
5327,reddit,1.0,2026-04-22T03:20:15+00:00,"Veeba cheese and jalapeño dip tastes good on bread and in salads, jimmy sparkling water, milkymist skyr yogurt and akshayakalpa dosa batter

These are not finds but my regular cart.",True,Discusses regular cart items and product preferences.,0.99
5328,reddit,1.0,2026-04-20T18:41:06+00:00,"I agree.

When ordering online, I usually go with Relish Chicken. They offer 400 g breast pieces in the ₹149–199 range, and 200 g tandoori cuts for about ₹99.

If I have time, I prefer visiting Local Mutton Kottu Mastan to buy live chicken and get it cut into bone-in and boneless portions. I cook the bone-in pieces the same day, and marinate the boneless portion for the week’s meal prep.",True,"Discusses shopping behaviour, purchase decisions, and comparing online vs offline meat buying.",0.98
5370,reddit,2.0,2026-03-22T07:20:48+00:00,I'm using quick compare app no need to switch app multiple times it's shows every thing,True,Discusses shopping behaviour and using app aggregators for purchase decisions.,0.9
5371,reddit,1.0,2026-03-22T07:22:04+00:00,"But on some platforms, prices may be  less or some platforms might be cheaper",True,Discusses purchase decisions and price comparison across platforms.,0.95
5372,reddit,1.0,2026-03-22T09:02:49+00:00,"It only compares prices. QuickV shows you the exact bill breakdown and complete cart management 

https://play.google.com/store/apps/details?id=com.quickV.app",True,Discusses cart management and purchase decisions.,0.9
5385,reddit,71.0,2026-03-11T08:37:51+00:00,"Have stopped going to any stores these days after zepto stopped additional charges. 

Basically everything including smokes from Zepto.",True,"Discusses shopping behaviour, purchase decisions, and pricing impact on store visits.",0.98
5386,reddit,14.0,2026-03-11T09:06:31+00:00,"Me too man
But purchasing too many items to reduce the delivery charges🥲",True,Discusses shopping behaviour and purchase decisions regarding delivery charges.,0.97
5387,reddit,2.0,2026-03-11T13:19:37+00:00,"For fruits etc, I’d suggest local ones",True,Discusses product quality and purchase preferences for specific categories like fruits.,0.95
5388,reddit,16.0,2026-03-11T08:40:35+00:00,"Ma flat pakkane Vijetha untundi, but zepto is cheaper than Vijetha, okkosari urgent ga konadaniki velli zepto lo order pettukunna rojulu kooda unnayi.

We order while cooking, drinking and at random times for refreshments.",True,"Highlights user motivations and shopping behaviour, such as ordering while cooking or for urgent needs.",0.98
5389,reddit,5.0,2026-03-11T09:08:37+00:00,"Adhi maathram oppukovaali
Direct ga mrp ki konadam kanna konchem thagguthundhi plus effortless.",True,Discusses purchase decisions based on pricing compared to MRP and effortless shopping.,0.96
5390,reddit,4.0,2026-03-11T09:05:56+00:00,"true this, vijetha, ratnadeep, naturals vellu max items mrp price ki charge chestharu",True,Discusses purchase decisions and price comparison with local supermarkets.,0.96
5391,reddit,3.0,2026-03-11T09:07:32+00:00,Agreed!! 😂 but sometimes just casually ordering 😂,True,Discusses casual ordering habits and shopping behaviour.,0.95
5392,reddit,2.0,2026-03-11T13:36:50+00:00,These companies are killing kirana shops and not paying well to delivery people. Maybe we should buy from small stores and protect them.,True,Discusses ethical considerations affecting purchase decisions and support for small stores.,0.94
5393,reddit,3.0,2026-03-11T18:24:31+00:00,Ha we should buy from small store pay extra for cooling charges and buy everything for mrp or more then mrp and some times buy 3rd grade unbranded items as we dont get the brand we want and for loose grocery they sell inferior products and charge high we should buy the inferior goods from small kiranas as they dont have business we spend more take inferior goods spoil our health to save this small stores and give chance to loot more?? Common wake up do you think these apps just taking up market share with loots? If they are paying delivery guys less it's there business boss they are running business on thin margin if they pay high they need to charge more if they charge more next day they need to close there business be practical most of the deliverguys working here are for part time workers students or people who dont get ideal jobs just working part time if they pay is less stop working who is forcing to work just to save small store no one is ready to pay more and buy inferior products,True,Discusses consumer motivations and trade-offs in purchase decisions between quick commerce and local kiranas.,0.96
5394,reddit,10.0,2026-03-11T09:33:26+00:00,"Honestly. Prettyuch everything at this point. Should go and shop, but it's just way too convenient.",True,Highlights convenience as a major user motivation for shopping.,0.97
5395,reddit,10.0,2026-03-11T10:20:17+00:00,"I use to order snacks and groceries, but lately, these guys having been charing too much, so I've decided to step outside and buy these from local kirana store and supermarket.",True,Discusses purchase barriers (charges) changing shopping behaviour back to local stores.,0.98
5403,reddit,4.0,2026-03-11T09:19:08+00:00,"I get protein from instamart , cuz of 10 percent discount",True,Discusses purchase decisions and platform selection based on discounts.,0.97
5405,reddit,3.0,2026-03-11T09:45:13+00:00,Recently there is a spike in Ciggerate &amp; Tobacco prices so I mostly order Ciggerate since they are still selling it on MRP unlike roadside tapris anywhere in India where they are selling it on increased prices. If you calculate on MRP one cig is 17₹ but tapris guys selling at 24.,True,Discusses purchase decisions and price advantages for specific categories like tobacco.,0.97
5406,reddit,3.0,2026-03-11T09:36:46+00:00,Ordered gold coin 1gm and fifa 26 &amp; controller PS5,True,Discusses category exploration and non-grocery purchases on quick commerce.,0.96
5407,reddit,3.0,2026-03-11T09:49:13+00:00,Flipkart minutes for know,True,Discusses platform choice for specific product purchases.,0.92
5408,reddit,3.0,2026-03-11T09:50:02+00:00,"There’s no kirana store near my house so blinkit, Zepto and these all are my online kirana stores",True,Explains user motivation and role of quick commerce apps as digital kirana stores.,0.98
5409,reddit,2.0,2026-03-11T10:04:01+00:00,"Broooo these insta marts are like dmart kinda things to me now. Reduced prices, fast delivery in minutes(if delivery partner assigned).",True,"Discusses shopping behaviour, pricing, and fast delivery expectations.",0.96
5410,reddit,3.0,2026-03-11T13:04:12+00:00,Groceries and anything needed urgently especially after 10pm when most stores close up,True,Discusses user motivations and shopping behaviour for urgent late-night needs.,0.98
5411,reddit,3.0,2026-03-11T14:03:27+00:00,"These Instant marts are saving an Introvert like me from interacting with people and to live independently.
Also, there are items that I don't find in local stores are available in Instant marts e.g oyster mushrooms, Basil leaves, imported chocolate, etc. 


I order everything mostly groceries. Before Instant marts Big basket my savior helped me get through Covid lockdown.",True,Discusses user motivations (introvert shopping) and product discovery of niche items not found locally.,0.99
5412,reddit,3.0,2026-03-11T18:54:52+00:00,"Can someone suggest best among (Blinkit, instamart, zepto and BB). In terms of prices and availability of items. Thanks in advance ❤️",True,Discusses platform comparison based on prices and product availability.,0.98
5413,reddit,2.0,2026-03-11T21:30:29+00:00,Late nights swiggy and blinkit at financial district. As you go through the whole reply section you would find bb is better in terms of prices. I would say blinkit/ swiggy when it comes to availability.,True,Discusses product availability and price comparison across platforms.,0.97
5414,reddit,2.0,2026-03-11T23:52:56+00:00,"Prices BB lo bbest untayi, availability and average price Swiggy Instamart lo bauntadhi. Konnisaarli Zeptolo delivery charge, handling charge veyyadu, aah timelo Zepto best kaani delivery time unexpectedga perigidi zeptolo konnisaarlu.",True,"Discusses platform pricing, availability, and purchase barriers like fluctuating delivery times and charges.",0.98
5415,reddit,2.0,2026-03-11T09:33:53+00:00,I mostly order my groceries. There is not much price difference. I also order my protein powder as it has some discount also from the company website it takes a couple of days.,True,Discusses regular grocery ordering behaviour and discount-driven purchases.,0.96
5416,reddit,2.0,2026-03-11T09:55:04+00:00,I hope they introduce per gram too. Like getting something of our own measuremnt(idk how to explain it😅).,True,Discusses product information and desired features like custom measurements.,0.95
5417,reddit,2.0,2026-03-11T10:56:27+00:00,"I personally use this app before making any purchase to compare them. 

Not associated, just wanted to give them a shout out.

Compare grocery and cab prices and save money with Comparify. https://play.google.com/store/apps/details?id=com.akshat.comparify",True,Discusses shopping behaviour related to price comparison across grocery apps.,0.96
5419,reddit,2.0,2026-03-11T11:19:08+00:00,"I like to order condoms cucumber carrots and baby oil. 
The reaction is worth its",True,Discusses shopping behaviour and user motivations regarding sensitive or humorous basket combinations.,0.97
5420,reddit,1.0,2026-03-11T08:50:15+00:00,"I use for yogurt, whey, few spices and carrots",True,"Lists regular basket items, informing shopping behaviour and repeat purchases.",0.97
5421,reddit,1.0,2026-03-11T09:45:04+00:00,"I use zepto for dairy items, grocery",True,Highlights category-specific usage for dairy and groceries.,0.97
5422,reddit,1.0,2026-03-11T09:56:26+00:00,I usually use them to get fruits beacause going out and bargaining with local sellers isn't my thing also I always get graded fruits from them which I don't get from local sellers.,True,Discusses user motivations and trust in product quality (graded fruits) compared to local sellers.,0.98
5423,reddit,1.0,2026-03-11T10:07:27+00:00,durada.. edhokati order pettali ani satisfaction,True,Discusses psychological motivations behind impulse ordering and shopping satisfaction.,0.95
5424,reddit,1.0,2026-03-11T10:10:27+00:00,Mostly condoms and snacks,True,Highlights specific categories and repeat purchase behaviour.,0.97
5425,reddit,1.0,2026-03-11T10:10:50+00:00,I order 1-2 times a week for weekly groceries,True,Discusses repeat purchases and weekly shopping frequency behaviour.,0.98
5426,reddit,1.0,2026-03-11T10:19:16+00:00,"Instamart always as I get 10% cashback from Swiggy card, and blinkit to buy something exotic or unique (sometimes they have a new and crazy collection) - I like to try new things a lot",True,"User discusses shopping behaviour, platform preferences, and exploring new categories for unique items.",0.98
5427,reddit,6.0,2026-03-07T10:16:43+00:00,"If you buy packaged food, you risk consuming expired stuff like this. If you buy unpackaged food, you will end up eating adulterated food. Packaged is still better.  
It's better to physically go and buy from a reputed large supermarket or places like Dmart, where they don't need do shady stuff like this.",True,User discusses trust in products regarding packaged versus unpackaged food and store choices.,0.95
5429,reddit,3.0,2026-03-07T11:39:26+00:00,"Any shop that has huge throughput will have no issues with expired products. This is an issue only with shops that have very low sale volume or shops/warehouses with huge variety of items as compared to sales(blinkit/zepto, etc). Dmart stock moves very fast.",True,"Discusses product quality, sales volume, and inventory freshness issues on quick commerce platforms like Blinkit and Zepto.",0.96
5430,reddit,1.0,2026-03-07T11:49:29+00:00,"Well man, I have long back stopped most packaged things. I get vegetables and fruits straight from mandi, farmers sell fresh ones there. And my health has never been any better

Things doesn’t stop here. Packaged things leave a lot of plastics, which EVEN TWO GENERATIONS AFTER YOU WILL SEE, COZ PLASTICS NEVER DECOMPOSE, IT JUST BECOMES MICROPLASTICS HARMING EVERYONE SO BETTER TRY TO SHIFT.

Thank me later",True,User describes a complete shift in purchase decisions away from packaged goods to buying fresh from the mandi.,0.97
5431,reddit,1.0,2026-03-07T11:52:31+00:00,That's the best. Restaurant food and unpackaged snacks are vastly more adulterated than packaged food from major brands. That was the only point. These people act all trustworthy but do adulteration much more than any corporation.,True,Discusses trust in packaged food versus unpackaged options.,0.9
5435,reddit,1.0,2026-03-02T05:48:10+00:00,"I decided long ago to buy only from the larger, more established companies even if I have to pay a little extra for peace of mind. The newer ones don’t have systems in place for everything, they are making them up as they go along.",True,"User discusses trust in products and purchase decisions, preferring established companies over newer systems for peace of mind.",0.96
5436,reddit,1.0,2026-03-02T05:51:28+00:00,"I agree, sids farm was good few month back",True,Discusses product quality perception over time.,0.88
5437,reddit,0.0,2026-03-02T05:54:36+00:00,They may not have the right systems and escalations in place for every eventuality. Once they do they’ll be good again.,True,Discusses systems and trust in company operations affecting consumer choice.,0.85
5439,reddit,1.0,2026-03-02T05:52:53+00:00,"Yeah, i asked the support the refund the wallet amount back to bank and i would rather buy from blinkin or any quick commerce store at least they dont do ghost deliveries like sids farm",True,User discusses switching purchase decisions to quick commerce platforms like Blinkit due to poor experiences elsewhere.,0.94
5440,reddit,2.0,2026-03-02T06:14:27+00:00,"Back when they started it was nice they used to personally call and ask how the milk quality and some other stuff slowly shifted from postpaid to prepaid ordering later on wallet and increasing the price as the wish no proper response to support I have around 3-4 numbers none work properly except only one number rn

They claim everything is natural and have a big farm(never visited it) but a few yrs back they used to call and offer Colostrum milk(junnu palu) apparantly now they don't have it at all 😂 like wah ji ur buffaloes aren't reproducing at all but u shift flatforms and increase ur sales",True,Discusses changing subscription and purchase behaviour due to deteriorating quality and price increases.,0.91
5443,reddit,1.0,2026-06-07T09:43:13+00:00,The quality of the milk has also decreased significantly these days. Curd make from the milk is constantly tasting very bitter. Discontinued their subscription recently,True,"User explains why they discontinued a subscription due to decreasing product quality, affecting repeat purchases.",0.97
5470,reddit,2.0,2026-02-27T09:00:30+00:00,It's because poor management and I don't have faith in management of Zepto,True,User discusses lack of trust in management affecting platform usage and purchase decisions.,0.91
5479,reddit,43.0,2026-02-22T14:28:03+00:00,"Suggestion: It would be better if could add multiple items and see final price diff (handling, surcharge, delivery, etc)",True,"Suggests features for viewing final price breakdown, impacting purchase decisions.",0.95
5480,reddit,2.0,2026-02-22T16:35:05+00:00,"Was going to say the same thing 
Like if we could compare the entire carts price from different apps I'm sure it would be very complicated to make.",True,"Discusses cart price comparison across apps, affecting shopping behaviour and purchase decisions.",0.95
5481,reddit,16.0,2026-02-22T14:43:11+00:00,been using it from past few months. and no extra signups required other than cab services. loved it,True,Discusses sign-up experience and repeat usage.,0.9
5482,reddit,7.0,2026-02-22T14:55:59+00:00,"Just downloaded and used it. Wanted to let you know the prices of groceries are not completely accurate when I compare in the actual app. Is it a bug or something?

But otherwise amazing job!",True,"Discusses product pricing accuracy and information across apps, affecting purchase decisions.",0.95
5483,reddit,6.0,2026-02-22T15:01:14+00:00,Make sure the location is same on both the apps. The prices should be accurate,True,Discusses app usage and location settings for price accuracy.,0.85
5484,reddit,2.0,2026-02-22T15:06:19+00:00,"Actually except Zepto, it's showing correct prices for the rest. So not much of a problem ig.",True,Discusses price accuracy across different quick commerce apps.,0.9
5486,reddit,3.0,2026-02-22T14:38:16+00:00,"Thank u, been using it for past few months",True,Indicates repeat usage of the platform.,0.9
5490,reddit,2.0,2026-02-23T01:20:41+00:00,I have been using your app since few months it's a life saver bro. Thanks for making this app,True,Indicates long-term repeat usage and user motivation.,0.95
5496,reddit,1.0,2026-02-22T15:00:08+00:00,prices ain't matching,True,Discusses price mismatches which directly affect purchase decisions.,0.95
5505,reddit,2.0,2026-02-19T17:42:57+00:00,"Try bisleri app, you can order or subscribe for weekly deliveries",True,Discusses subscription and ordering behavior for household water delivery.,0.9
5508,reddit,1.0,2026-02-19T18:18:39+00:00,"I use bisleri app for water cans. I have 2 cans and i order once i complete a can. Typically they deliver the next day or in 2 days. 

First you need to pay something around 250 for a can and from the subsequent orders it is 100rs per can.

I live in a rented house and i dont have a water purifier option and i didn't find any good local water can supplier.",True,"Explains user motivations, shopping behavior, and repeat purchases for water cans due to lack of local alternatives.",0.96
5509,reddit,1.0,2026-02-19T19:00:16+00:00,Bisleri App. They deliver mostly next day.,True,Discusses ordering frequency and delivery timeline for water apps.,0.85
5513,reddit,1.0,2026-05-26T07:27:33+00:00,"I’m living in TNGO for the last 2 years. I’m not sure if you got it t solved, But there’s 1 RO plant in the Blinkit Dark store road. You can fill 20 litres for 20 rupees. Also, they deliver as well but delivery charges seperate. 
We did like that for some days and afterwards we opted for drink prime.",True,"Discusses finding local RO plants near Blinkit dark store and evaluating alternatives, affecting purchase decisions.",0.9
5517,reddit,1.0,2026-07-02T05:16:34+00:00,It’s really nice bro… been using it nearly a year no complaints whatsoever. Filters very effectively. DM if need referral… just make sure you recharge on time and you’re good to go,True,Discusses ongoing repeat subscription usage and trust in service.,0.85
5522,reddit,15.0,2026-02-19T07:39:53+00:00,Why are you guys ordering again and again??it’s been established that Zepto is the worst!! This is on you only for ordering from an app which is know to be really bad,True,Discusses user motivations and repeat purchases based on platform reputation.,0.9
5523,reddit,3.0,2026-02-19T07:52:39+00:00,I thought to give them a chance since they backed down from their practices of dark patterns and hidden charges. And then realised that their customer service hasn't improved. Learnt my lesson not to trust Zepto again.,True,"Explains how past dark patterns, hidden charges, and customer service failures affect trust and lead to the decision to stop using a platform.",0.98
5524,reddit,13.0,2026-02-19T07:00:49+00:00,Order on blinkit or insta mart much better customer supports,True,"Recommends switching platforms based on customer support quality, directly affecting platform choice and purchase decisions.",0.95
5525,reddit,9.0,2026-02-19T07:31:24+00:00,"Don't fall for thier no delivery charge/platform fee.


They have the worst service.",True,Discusses hidden fees and service quality that act as purchase barriers and break trust.,0.95
5532,reddit,2.0,2026-02-19T08:32:36+00:00,"I don't trust any Delivery Apps especially for Grocery, Fruits and Vegetables. 

For food, yes sometimes i do, but still i always prefer to go and pick my food from any restaurants.

I too have received soiled Packaged items like Milk, Wheat, Sugar, Milk Powder to name a few and sometimes they return partially and sometimes they ignore. So i started to spend some time visiting shops to buy essential once a week or month.",True,"User discusses trust in grocery delivery apps, quality issues with essentials, and purchase decisions to visit physical shops instead.",0.98
5534,reddit,2.0,2026-02-19T10:27:23+00:00,"Blinkit is the best in this segment, they have a variety of product selections, prices are fair and the customer support is really good. I never faced any major issue with blinkit until now. Zepto on the other hand is nasty. They have sent expired food products so many times now that I've lost count. Uninstalled it for good.",True,"Discusses product selection, fair pricing, and trust issues due to expired products affecting repeat purchases and platform choice.",0.96
5535,reddit,2.0,2026-02-19T11:51:18+00:00,"Ahh bro same shit yesterday, they delivered expired greek yoghurt and now are denying replacement and also no refund..idk there is some pressure on the customer service team to reduce the fake refunds thing..and they are even gaslighting me saying that I might have replaced it..and at the end they asked me why did I share the otp to them without checking..I generally check the number of items but yesterday I learnt a lesson:(",True,Discusses trust in products due to expired items and poor customer service handling affecting purchase decisions.,0.9
5538,reddit,2.0,2026-02-19T12:32:47+00:00,If you order by frequency the use BBDaily,True,Recommends a specific platform based on order frequency and user motivations.,0.94
5540,reddit,1.0,2026-02-19T07:58:53+00:00,"The packs are soiled, crushed, straws are missing. I could only find 2/3 straws lying loose for a pack of 6.

I just asked for a replacement, which they denied saying the packs are ""intact""",True,Discusses damaged and missing product packaging issues affecting product trust.,0.88
5542,reddit,1.0,2026-02-19T09:00:27+00:00,"Yeah, their pov is anything that's profitable for them. Which comes at the cost of customer's trust and frustration.",True,Discusses how poor practices impact customer trust.,0.85
5543,reddit,1.0,2026-02-19T08:56:13+00:00,BB and Amazon fresh are good.,True,Provides platform recommendations based on preference.,0.91
5548,reddit,1.0,2026-02-19T13:15:17+00:00,No advice about Zepto but you should try Akshaykalpa spiced buttermilk over amul. Far superior in taste imo.,True,Provides specific product recommendations and taste comparison.,0.96
5573,reddit,4.0,2026-02-17T08:33:03+00:00,Parledu babu. Ekkada dorukutado online telusa?,True,User is asking where to find/buy a specific food item online (product discovery / availability).,0.95
5574,reddit,3.0,2026-02-17T08:34:33+00:00,"Bigbasket lo unnai,
Sunfeast bounce and Tiger elaichi one",True,Discusses product availability and discovery on a specific platform.,0.96
5575,reddit,1.0,2026-02-17T08:36:58+00:00,Check out brittannia tiger kreemz elaichi cream biscuit..it's in Bigbasket. Not sure how authentic elaichi it is..,True,Provides product discovery and availability information on a specific platform.,0.96
5576,reddit,1.0,2026-02-17T09:02:03+00:00,"Totally unrelated to your post but I badly miss Ginger biscuits. Especially ones from Unibic, they are always not available on Amazon. I had them last in Goa at a secluded supermarket:",True,User discusses product availability issues across different platforms like Amazon.,0.95
5604,reddit,1.0,2026-02-16T06:06:51+00:00,"Bharat Yatra card will work in Hyderabad Metro, I have been using it since early Nov 2025 since Hyderabad Metro started NCMC testing, Till Mid Jan 2026 testing phase charges per ride were 1/10 of your regular metro card(Closed loop) or QR tickets but from Mid Jan 2026 test phase is complete and it costs as normal metro card fare.

I have also used my SBI debit card during test phase it worked, best option for NCMC prepaid is Bharat Yatra as recharge is easy and loading offline wallet after recharge can be done on Android devices with Bharat Yatra app or Chalo App. Go ahead and give a try i bought Bharat Yatra NCMC card from Zepto in November 2026.

Also to add Hyderabad metro made NCMC official metro cards PhonePe cards are being issued and those old Closed loop cards issuance is stopped

https://preview.redd.it/27s9dnkdssjg1.jpeg?width=1156&amp;format=pjpg&amp;auto=webp&amp;s=bd18ff73bbb0bfda6f8b46ba7687d4a746e35504",True,"User mentions purchasing an NCMC card from Zepto, indicating purchase behavior on quick commerce platforms.",0.94
5622,reddit,1.0,2025-12-29T07:07:00+00:00,But the price hike is insane!,True,"User discusses sudden price hikes, which directly affects purchase decisions and purchase barriers.",0.97
5623,reddit,2.0,2025-12-29T07:11:18+00:00,They hiked the prices like 3-4 months ago,True,"Discusses historical price hikes on the platform, impacting purchase decisions.",0.95
5624,reddit,2.0,2025-12-29T07:11:51+00:00,"Yes, that was 50rs I guess. And today I see 55rs!",True,"Tracks specific price increases over time, acting as a purchase barrier.",0.96
5625,reddit,2.0,2025-12-29T07:14:35+00:00,"Yes, used buy 225g for 60-65 in instamart now it is 110",True,"Highlights a major price change on Instamart (doubling of price), directly relevant to purchase decisions and barriers.",0.98
5626,reddit,2.0,2025-12-29T10:05:01+00:00,Skyr yogurt has gone from 60 - 75,True,Discusses product pricing changes affecting purchase decisions.,0.95
5627,reddit,1.0,2025-12-29T10:08:35+00:00,Any alternative you know then?,True,Discusses looking for alternatives due to price changes.,0.92
5628,reddit,1.0,2025-12-29T10:13:02+00:00,Buying 700 ml for 220-240,True,Discusses product sizing and pricing.,0.9
5629,reddit,1.0,2025-12-29T10:13:29+00:00,From local shop or online?,True,Compares purchasing channels (local shop vs online).,0.91
5630,reddit,2.0,2025-12-29T10:16:55+00:00,270 on Instamart with hdfc cc,True,Compares prices and offers across different quick commerce apps.,0.96
5632,reddit,1.0,2025-12-13T08:47:34+00:00,"I've been buying Abhi Eggs (those fortified with D3) and sometimes organic eggs from Akshayakalpa for two years now. I am very much alive. So, maybe try that?",True,Discusses repeat purchases and trust in specific brands/products.,0.95
5633,reddit,30.0,2025-11-26T17:35:22+00:00,Probably the price increased in 2 months??,True,Discusses product price inflation over time.,0.93
5634,reddit,14.0,2025-11-26T17:36:49+00:00,They are manufactured 2 months apart and coffee prices have been increasing this year. Check if the rate of difference in coffee prices also match other similar skus,True,Discusses manufacturing dates and price variations for SKUs.,0.91
5635,reddit,1.0,2025-11-27T03:34:53+00:00,"but the bru 2 rs satchet has been 2 rs for far too long, only recently they changed it to 3 rs, but they changed the formula when they redesigned the packet few years ago and damaged themselves.",True,"Discusses product pricing, packaging changes, and formula alterations affecting trust.",0.94
5636,reddit,0.0,2025-11-26T17:41:22+00:00,"I think you are correct.

1 was manufactured in May and the other was in July.

Thank you!",True,Discusses manufacturing dates affecting product evaluation.,0.88
5638,reddit,2.0,2025-11-26T18:01:41+00:00,Maybe how long they stay in store that decides the price,True,Discusses shelf life and pricing.,0.85
5639,reddit,1.0,2025-11-26T18:25:10+00:00,Batch is different,True,Discusses batch differences in products.,0.87
5640,reddit,1.0,2025-11-29T06:12:40+00:00,"See under Recycle Symbol.Under left hand side, GL is mentioned on another side nothing is mentioned. 
Here,GL stands for Glass. It is the packaging material.That's why the price is higher for the left hand side.",True,Discusses product packaging material affecting pricing.,0.9
5646,reddit,3.0,2025-11-14T19:17:11+00:00,"Friday night lot of orders for soda, chakna, condoms, popcorn, snacks etc.",True,"Provides insights into shopping behaviour, basket composition, and peak time demand for specific categories.",0.97
5647,reddit,2.0,2025-11-14T19:21:56+00:00,I just ordered hot wheels for my pal,True,Discusses impulse purchases and category exploration (toys).,0.92
5655,reddit,39.0,2025-10-28T10:22:50+00:00,Aa 1₹ discount meeda 15₹ extra handling fees ey vestadu,True,Discusses platform fees and handling charges affecting purchase decisions.,0.96
5656,reddit,6.0,2025-10-28T10:39:23+00:00,"If that gets rounded, then even that doesn't come around to you..

No discount to count..",True,Discusses discounts and pricing transparency.,0.94
5657,reddit,5.0,2025-10-28T10:42:54+00:00,And to add to that...no return policy is mentioned anywhere and just the service center details. Our local game shop provides better facilities and services than those tbh,True,Discusses return policies affecting trust and purchase decisions.,0.95
5658,reddit,3.0,2025-10-28T12:48:23+00:00,Gotta grab this deal before they go out of stock,True,Discusses purchase urgency and product availability.,0.93
5671,reddit,2.0,2025-10-28T13:55:25+00:00,Deal of the decade!!,True,Discusses perception of deals and discounts influencing purchase decisions.,0.92
5672,reddit,1.0,2025-10-28T17:47:07+00:00,Best purchase one could ever make.,True,Discusses purchase satisfaction and deal value.,0.93
5673,reddit,1.0,2025-10-28T13:00:37+00:00,It's too good a deal,True,Discusses perceived value of a deal.,0.92
5674,reddit,1.0,2025-10-28T13:46:04+00:00,Typical Blinkit 😂,True,Refers to platform-specific pricing or discounting behaviour.,0.9
5675,reddit,1.0,2025-10-28T14:08:56+00:00,"Hmm thats a huge discount, can be a fake product 🤔",True,Discusses trust in products due to unusually high discounts.,0.96
5676,reddit,1.0,2025-10-28T17:47:59+00:00,"""Too good to be true"" kinda deal. Wouldn't have believed had I not experienced it myself!",True,Discusses deal perception and trust in products/offers.,0.85
5708,youtube,,2 months ago,I placed an order between 12 midnight and 12:30 am and paid ₹185/- cash to Blinkit but received a product with MRP of ₹100/-. After finding out the mismatch in price when I am trying to raise a complaint with Blinkit my order is not listed in the order history.,True,"Discusses a pricing mismatch issue, order history, and customer support/complaint experience.",0.9
5719,youtube,,2 months ago,Very nice vidio.Night me maximum kitne baje tak order kar sakte hai.  Aur Morning kitne jaldi shuru kar sakte hai   .pls suggest,True,User inquires about operational hours/timings for placing orders.,0.88
5978,youtube,,1 month ago (edited),"Isaan bhayiya aapka pura video bahut achchhi jaankari deta bus itna aur bata dete ki 
Galat item aane ya expiry date bahut kareeb hone par product kese change ya rs vapas melenge ,next part 🌹👍",True,"Asks about return and refund process for damaged or near-expiry items, affecting purchase trust and decisions.",0.92
5979,youtube,,5 months ago,Mere home page pe koi saman nahi àa raha h,True,"User reports home page is not showing products, which directly impacts product discovery and search experience.",0.98
5983,youtube,,9 months ago,Mere me confirm location show nhi ho raha aur login karne ke bad product show nhi ho raha only location show ho raha samne,True,"User faces issues with location and products not showing after login, affecting search and discovery.",0.94
5984,youtube,,9 months ago,Ye सिटी के लिए है क्या सर ग्रामीण क्षेत्रों के लिए नही है क्या,True,"Discusses service availability in rural versus city areas, which is a purchase barrier and relates to product availability.",0.96
5986,youtube,,11 months ago,Sir kirane dukan k liye order kr skte hai,True,"User asks if grocery store owners can place orders, relating to user motivations and shopping behavior.",0.93
5987,youtube,,11 months ago,यह नहीं available h,True,Directly mentions product availability issues.,0.97
5988,youtube,,1 year ago,कोई सामान खराब आ जाये तो रिटर्न केसे करें,True,"Asks how to return spoiled items, impacting trust in products and purchase decisions.",0.95
5989,youtube,,1 year ago,10rs.  Jyada do lekin pados se Saman lo.....sab kuch Paisa na hota...,True,"User explains user motivations and purchase barriers, preferring local neighborhood shops over quick commerce.",0.98
5998,youtube,,1 year ago,हमारे एरिया मे blinkit nhi है,True,"Reports service/product unavailability in their area, serving as a primary purchase barrier.",0.98
6000,youtube,,1 year ago,"Maine kafi try Kiya hai isoe, but mere yaha ka service hi available nahi hai iski",True,"Reports service unavailability in their location, acting as a purchase barrier.",0.98
6003,youtube,,1 year ago,Products ki quality kya hoti hai,True,"Asks about product quality, which directly relates to trust in products and purchase decisions.",0.97
6018,youtube,,1 year ago,Not available in rural place,True,"Notes service unavailability in rural places, acting as a purchase barrier.",0.98
6026,youtube,,1 year ago,Kitne rupees ka order accept karte hai our dilevery charge kitna lete hai?,True,"User asks about minimum order value and delivery charges, which directly affect purchase decisions.",0.95
6046,youtube,,1 year ago,Ye village me v work krta h kyaa...,True,"User asks about service availability in villages, which relates to product availability and purchase barriers.",0.97
6050,youtube,,1 year ago,Grocery item sasta hai?,True,"User asks if grocery items are cheap, which relates to purchase decisions and shopping behavior.",0.96
6053,youtube,,1 year ago,Not available for all cities,True,"Discusses service availability issues across cities, directly relating to product availability and purchase barriers.",0.98
6056,youtube,,1 year ago,​ @attaullahkhan3161 check kiye h... not available,True,"Discusses service availability ('not available'), which is a direct purchase barrier.",0.97
6057,youtube,,1 year ago,महंगा मिलता है इसलिए ब्लिंकिट ज़ेप्टो वगैरह से ऊपर से चार्जेज भी एड करते हैं।,True,"User states items are expensive on Blinkit and Zepto and extra charges are added, directly impacting purchase decisions and trust.",0.98
6175,youtube,,13 days ago,Kamai dekhna hai to tier 1 city me chale jao waha income jyde hai tier 2 city me maximum log local market ko hi prefer karte hai,True,"User explains why customers in Tier 2 cities prefer local markets instead of quick commerce apps, giving insights into user motivations and purchase barriers.",0.98
6253,youtube,,1 month ago,Location par delivery nahi hoti hai,True,Discusses product availability/delivery serviceability at a location affecting purchase decisions.,0.85
6270,youtube,,2 months ago,Blinkit mein ye bahut bikar work hai ki customer ko uske room tak jana sidiyo se or dusari bat blinkit mein bar bar store lene jao order,True,"Discusses customer experience/service friction (delivery to room, frequent store trips) affecting shopping behavior.",0.8
6343,youtube,,6 months ago,"Sir ji order select karne se pehle dekh sakte hai ki kya product hai. Kyunki ajkal ki zamana hai , kuch bhi ho sakta hai",True,"Customer asks if they can view the product details before selecting/accepting an order, directly touching upon product information and purchase decisions.",0.92
6365,youtube,,3 months ago,Bhai mene kiya hai costumer ke bhi bahut nakhde hote hai,True,"Delivery partner mentions dealing with customer behavior and high expectations, providing context on user interactions.",0.85
6369,youtube,,2 months ago,"Mereko to bht tip mila. Ek ladki k liye preganews le jana tha, uske boyfriend ne 300 rupey tip diya 😂 preganews 50 rupey ka aata he",True,"A delivery partner mentions delivering a specific product (PregaNews) and customer tipping behavior, offering interesting insights into user purchases and motivations.",0.88
6463,youtube,,1 year ago,Mere yha blinkit nhi chalta😂😂,True,"User mentions that quick commerce service is not available in their area, directly indicating product availability issues and purchase barriers.",0.98
6516,youtube,,1 year ago,"Didi mai cycle se blinkit karne ka soch raha hu ,orders pas mai hi miltha hai kya,kya mai cycle se kar saktha hu",True,"User discusses working/delivering for Blinkit using a cycle, offering insights into delivery partner behavior and logistics.",0.88
6649,youtube,,1 year ago,Ek rajma chawal plse.. aj ghar m khana ni mila 😂,True,"User mentions ordering food (rajma chawal) due to lack of home-cooked food, reflecting user motivation/quick commerce usage occasion.",0.85
6678,youtube,,5 months ago,@inishutiwari  mai blinkit use hi nahi kerta hu,True,"User mentions not using Blinkit at all, which relates to user motivations and barriers.",0.85
6702,youtube,,13 days ago,Ak account 2-3 ladke use kar sakte hai kiya one time mai,True,"Asks if multiple people can share one account, relating to account usage behavior.",0.9
6714,youtube,,2 weeks ago,Kya paise badhe blink it walo ke ?,True,"Asks whether prices have increased on Blinkit, directly discussing pricing and purchase decisions.",0.95
6717,youtube,,2 weeks ago,Jb zepto blinkit  insta kuch nai aya tha.😂 Maine 15 year ki age main.store product home delivery  ka setup banaya tha.kaam chal pda tha but cash or udhar dono tha bcz bilkul new concept tha tab 2012 main..fully rashan supply chain  mast chal rhi  thi.meri maa.ne daant ke band karva di.😅😅😅 ki ab ata daal Chini bhi ghar pohochva raha or.costumer ko udhar bhi De rha wah bete wah.😅😅😅 hathon hath kaam band  tb app vgera nai chalte the,True,"User discusses early personal experience with a home delivery concept, touching upon customer behaviour and traditional purchasing barriers.",0.85
6719,youtube,,2 weeks ago,Blinkit ne Paisa badhaya?? Uska review wala video kon banayeg?,True,"Discusses potential price hikes on Blinkit and video reviews about it, relating to purchase decisions and trust.",0.88
6764,youtube,,1 month ago,"Ab kon kon aya video dekhne
Zepto is better than blinkit 
Ye meri soch 😅😅",True,"User compares Blinkit directly with Zepto, indicating brand preference and purchase decisions.",0.96
6775,youtube,,1 month ago,Ekdin tum bhi Zepto karo,True,References competitor platform Zepto in the context of delivery/service comparison.,0.88
6813,youtube,,2 months ago,I always tip them when ever order and never complained about anything ...one time they delivered my order to different flat and contacted the delivery agent he told me he delivered it on so and  so flat i contacted the flat owner and picked my parcel it's ok they are also human and i happens.,True,Discusses trust in the platform and delivery experiences affecting repeat purchase confidence.,0.85
6848,youtube,,3 weeks ago (edited),One hour ago I recd nimbuz priced rs25/ but I m charged rs80/,True,Discusses a pricing discrepancy between the listed product price and the charged amount.,0.92
6850,youtube,,5 months ago,"This is a supply made on 26.02.2026 against apyment of Rs.140. One coconujt was short supplied and on contact to customer care the phone line was gone to a wrong person who has taken about Rs.20,000/- from my account. I allege there is a hand in glove withthe staff of your company. They purposely give short supply and customer unknowingly contact on line and it goes to goes to frudulent person.  I  complaint that the mattermay please be invetigaged and short supplly why it was made. There was hardly 2 items",True,Discusses short supply of items and issues encountered with customer care/support interaction.,0.88
6867,youtube,,1 month ago,But one of the drawbacks i experienced was that blinkit’s policy regarding the return are strict. So until and unless there is actually a problem then only they will take it back like for eg when i brought a controller i forgot to check the compatibility with my device as it was buried deep in the info tab so i asked them to take it back but  they refused. As far as i can remember amazon and other brands would take back anything just the condition should be the same,True,"Discusses strict return policies, product compatibility information hidden in the info tab, and purchase barriers compared to other platforms.",0.98
6868,youtube,,1 month ago,"I had lot of issue with blinkit, swiggy or zepto when it comes to electronic... not even once they came in proper packing. Almost all the products are not sealed. I had to return all. Even the exchanged on had the same. 

So i decided i will wait for 1 or 2 days but only buy from Amazon or Flipkart",True,"Discusses trust in products, unsealed packaging issues for electronics on quick commerce platforms, leading to a shift in purchase decisions toward Amazon or Flipkart.",0.97
6871,youtube,,1 month ago,He literally ordering the gadgets like he is ordering groceries 😂😂😂,True,Comments on changing shopping behavior (ordering expensive gadgets like groceries via quick commerce).,0.91
6880,youtube,,1 month ago,Blinkit pe aur bhi khatarnak khatarnak saman hai bro 😏,True,Discusses product discovery and exploration of unexpected items available on Blinkit.,0.92
6881,youtube,,1 month ago,ps5 games comparison of prices,True,Discusses price comparison and purchase decisions.,0.88
6882,youtube,,1 month ago,Bhai vo crystal ball ke undar galaxy hai  vo planets wala led lagi hai wood casikg mein jo main hai baaki aap crystal balls lelo koi bhee aur kuch bhee laga lo its a showpiece maine bhee liyaa hai saturn wala aacha hai agar andhere mein gaming karni hai lighting CHAHIYE,True,Provides product information and review influencing purchase decisions.,0.9
6883,youtube,,2 months ago,14:55 cool tws 😮,True,Related to product discovery.,0.85
6884,youtube,,2 months ago,Bro 8.27 that mouse is peak it can be verylight weight it has a piece of metal inside to increase weight just open the mouse and remove the metal 😂,True,Discusses product information and modification.,0.82
6885,youtube,,2 months ago,Same day delivery is important or else we go local market and pay cash payment and buy,True,Directly discusses purchase barriers and user motivations (why users choose local markets over quick commerce if delivery speed isn't met).,0.96
6888,youtube,,2 months ago,"i have that mouse and literally bht hi mast hai kafi achi prformance deta hai lights dpi and everything you can change through their app 
Mouse Name :- Ant Esports Gm320 Rgb mouse",True,Provides product feedback and recommendations.,0.88
6890,youtube,,2 months ago,8:03 offline 150 ka milta hai,True,Discusses price comparison between online and offline channels affecting purchase decisions.,0.94
6895,youtube,,3 months ago,HDMI cable asli bhi h kya. Price sunke kafi doubt ho rha h,True,Discusses trust in products and purchase decisions based on price.,0.93
6899,youtube,,3 months ago,13:14 bhai dubstep ke bt speaker mangao boat se bi ache hai or price bi kam hai tws feature bi hai agr 2 ho to.,True,Product recommendation.,0.89
6902,youtube,,3 months ago,I wanna buy a laptop but the prices are going crazy advice me what will be the best time to buy it online,True,Discusses purchase decisions and timing for online shopping.,0.91
6903,youtube,,3 months ago,"13:05 
I bought Toreto soundbar for 1500 and its base is very good according to its price.",True,Provides product information and recommendation influencing purchase decisions.,0.92
6904,youtube,,3 months ago,"8:00 yeh mujhe 100 me mili thi dukan pr
😂",True,Discusses price comparison with offline local stores affecting purchase decisions.,0.95
6907,youtube,,3 months ago,Bro i also purchased my number republic buds from blinkit it cost me around 1400 1:00,True,"Discusses shopping behavior, repeat purchases, and purchasing specific items via Blinkit.",0.96
6908,youtube,,4 months ago,"8:15 Bhaiya Crystal Lamp ka ye purpose nhi hai.
Its not made for projecting light it just kinda illuminates the galaxy inside.",True,Provides product information.,0.87
6919,youtube,,4 months ago,jamshedpur ke blinkit ke paas ghanta kuch gadgets hai,True,"Directly highlights product availability issues on Blinkit in a specific region, impacting purchase barriers and user expectations.",0.98
6925,youtube,,5 months ago,"0:22 to 1:10
I want to become like you 😢
You're ordering whatever you are seeing 😭",True,Discusses user motivations and impulse shopping behavior enabled by quick commerce platforms.,0.95
6939,youtube,,6 months ago,₹150 wala ambrane ka charging bahut mast hai maine use Kiya hai,True,Discusses user experience and trust in a specific product.,0.9
6945,youtube,,6 months ago,Wings wala reference was good ..... They really scammed me 😭,True,Discusses trust in products and negative brand experience/scam.,0.88
6946,youtube,,7 months ago,Quick commerce ka main disadvantage yahi hai ki it can't even reach on most of the states and places!,True,Discusses product availability and geographical limitations of quick commerce.,0.96
6954,youtube,,7 months ago,"for car gadgets: tyre inflator, pressure washer, charging adaptors, dashcam, vacuum cleaner 20:00",True,Lists specific product categories and items of interest for purchase.,0.92
6957,youtube,,8 months ago,Car washer and vacuum,True,Mentions specific product interests for purchasing.,0.9
6958,youtube,,8 months ago,bhai mane zebronics ka zeb asta 40 lia tha 1200 ka 1 saal k karib ho gya h mujhe use krte kafi acha h with 40 w output,True,"Provides product feedback, usage duration, and value for money, affecting trust and purchase decisions.",0.92
6963,youtube,,8 months ago,the delivery times are crazy fast omg,True,"Discusses delivery speed, which impacts purchase decisions and user motivations.",0.85
6964,youtube,,8 months ago,that charger looks super handy lol,True,Expresses interest in product utility and purchase intent based on product information.,0.88
6965,youtube,,8 months ago,i gotta get that gaming mouse for sure,True,Indicates strong purchase decision and intent for a specific product.,0.94
6966,youtube,,8 months ago,never thought about using a storage case like that,True,Reflects product discovery and changing shopping behaviour through new items.,0.91
6967,youtube,,8 months ago,Fast delivery and fast brand recognition with Rumora – can't beat that combo!,True,Discusses delivery speed and brand experience affecting shopping behaviour.,0.85
6968,youtube,,8 months ago,Rumora boosts brand exposure like Blinkit's delivery – fast and reliable!,True,Draws parallels to quick commerce delivery reliability and trust.,0.87
6969,youtube,,8 months ago,that gaming mouse is a must have,True,Shows clear purchase intent and user motivation for a product.,0.94
6970,youtube,,8 months ago,can’t believe the delivery was that fast 😲,True,Reflects on quick delivery times influencing shopping experience.,0.88
6971,youtube,,8 months ago,the smart watch looks sick,True,Discusses product appeal and information impacting purchase decisions.,0.9
6972,youtube,,8 months ago,wow quick commerce is way cooler than i thought,True,"Reflects user perception, motivation, and discovery regarding quick commerce.",0.95
6973,youtube,,8 months ago,never thought about quick commerce like this 🤔,True,Discusses shifting user perceptions and motivations towards quick commerce.,0.93
6974,youtube,,8 months ago,Blinkit's speed reminds me of Rumora's quick brand visibility – both are lifesavers!,True,Mentions Blinkit's speed directly in relation to quick commerce experience and reliability.,0.95
6975,youtube,,8 months ago,the cable organizer looks dope,True,"Expresses product appeal and interest, driving purchase decisions.",0.91
6976,youtube,,8 months ago,i need that gaming mouse for real,True,User expresses strong desire for a specific product found on the platform.,0.95
6977,youtube,,8 months ago,got my eye on that gaming mouse,True,User shows interest in a specific product available on the platform.,0.95
6979,youtube,,8 months ago,tbh didn't even know blinkit existed lol,True,Relates to product discovery and brand awareness.,0.92
6981,youtube,,8 months ago,crystal ball? i need one of those 😄,True,User expresses a desire for a specific product seen in the video.,0.93
6982,youtube,,8 months ago,i need that cable organizer in my life,True,User shows purchase motivation for a specific product.,0.95
6985,youtube,,8 months ago,the gaming mouse review was super helpful,True,References product information and review helpfulness.,0.94
6986,youtube,,8 months ago,wow you ordered so many gadgets lol,True,"Discusses the volume of ordered gadgets, reflecting shopping behavior.",0.9
6987,youtube,,8 months ago,lol that gaming mouse looked sick,True,Expressed interest in a product seen on the platform.,0.93
6989,youtube,,8 months ago,why is the crystal ball so cool tho 🤔,True,Reflects product discovery and curiosity about a specific item.,0.91
6990,youtube,,8 months ago,crystal ball is a cool touch lol,True,Expresses an opinion on a product found on the platform.,0.9
6991,youtube,,8 months ago,power bank is a must have these days,True,Reflects user motivation and perceived necessity for a product category.,0.95
6993,youtube,,8 months ago,that gaming mouse looks sick,True,Expresses interest in a specific product.,0.93
6995,youtube,,8 months ago,cool to see the differences in the gadgets,True,Discusses exploring differences between products.,0.9
6997,youtube,,8 months ago,the way you explained e-commerce vs quick commerce is cool,True,Discusses understanding e-commerce versus quick commerce offerings.,0.91
6998,youtube,,8 months ago,that crystal ball is kinda random lol,True,Comments on product selection and category exploration.,0.9
7000,youtube,,8 months ago,"never heard of blinkit, might give it a shot",True,Discusses brand discovery and intent for a future purchase decision.,0.96
7001,youtube,,8 months ago,"i gotta get that gaming mouse, looks sick",True,Expresses strong purchase motivation for a specific product.,0.95
7002,youtube,,8 months ago,bro that crystal ball is random lol,True,Comments on product variety and discovery.,0.88
7004,youtube,,8 months ago,i need that gaming mouse in my life,True,Expresses desire/purchase motivation for a specific product.,0.95
7005,youtube,,8 months ago,the power bank looks sick,True,Shows interest in a specific product.,0.93
7006,youtube,,8 months ago,that crystal ball is kind of random 😂,True,Comments on platform product offerings.,0.88
7007,youtube,,8 months ago,this comparison was super helpful,True,Indicates that product comparisons are helpful for decision making.,0.92
7008,youtube,,8 months ago,never knew i needed a cable organizer lol,True,Reflects product discovery and realizing a need for a new category/item.,0.94
7009,youtube,,8 months ago,the gaming mouse looks dope,True,Shows interest in a specific product.,0.93
7012,youtube,,8 months ago,12:08 broo just apply 200 coupon you will get the speaker at 1299 rs,True,"Discusses pricing, coupons, and product cost affecting purchase decisions.",0.96
7013,youtube,,8 months ago,Returning policy is really bad on quick commerce...,True,"Discusses the return policy, which directly impacts purchase decisions and trust.",0.95
7014,youtube,,8 months ago,Ek ps5 mujhe dedo please 😢 aapka bhala ho jayega 🙏🥺,True,Expresses strong demand and purchase intent for a specific high-value product.,0.9
7015,youtube,,8 months ago,Kya mujhe PS5 milega paisa bhi dunga please 😢,True,Expresses strong demand and willingness to pay for a specific high-end product.,0.9
7016,youtube,,8 months ago,Bro casually ignoring PS5 controller😂😂😂,True,Discusses product availability and noticing specific items in the catalog.,0.91
7018,youtube,,8 months ago,i had no idea about the smart watch stuff 🤯,True,Reflects product information and learning about new product offerings.,0.93
7019,youtube,,8 months ago,Second hand PS5 please reply,True,Inquires about product availability and catalog options.,0.9
7020,youtube,,8 months ago,"pretty cool gadgets, that gamer mouse looks dope",True,Expresses interest in specific products discovered on the platform.,0.93
7021,youtube,,8 months ago,"so many gadgets, how do you decide lol",True,Discusses decision-making challenges when exploring many product options.,0.94
7024,youtube,,8 months ago,never knew blinkit was this good 🤔,True,Reflects general brand perception and discovery.,0.89
7025,youtube,,8 months ago,wow that smart watch looks dope,True,Expresses admiration and interest in a specific product category.,0.94
7026,youtube,,8 months ago,Blinkit vs Amazon on speed and price kinda reminds me how Rumora helps with affordable brand visibility!,True,"Compares Blinkit and Amazon on speed and price, which influences purchase decisions.",0.95
7028,youtube,,8 months ago,250 kaa nhi 100  ka hai  lamp,True,Discusses product pricing and information regarding a lamp bought on the platform.,0.9
7029,youtube,,8 months ago,Are bhai wo galaxy lamp kuch project nahi karta us glass ko dekho connect karke electricity se😅,True,"Discusses product specifications and functionality, affecting product trust and information.",0.92
7031,youtube,,8 months ago,What about Warranty of these product ...do we get bill with it or anything else?...since i am willing to order induction so i want to know?,True,"Asks about product warranty and bills, directly impacting trust in products and purchase decisions.",0.97
7034,youtube,,8 months ago,"8:04 bhai vo crystal ball , projector nhi h , vo to bss uske neeche ki light upar focus hori hogi isliye vo dikhra tha , vrna bss vo ball k andar hi illuminate hone ka scene h. 😭😭",True,Discusses product information and features.,0.91
7044,youtube,,9 months ago,"Loved this, Especially because of the hesitation that exists when ordering expensive stuff through quick commerce sites.",True,Discusses psychological barriers and hesitation when ordering expensive products via quick commerce.,0.98
7045,youtube,,9 months ago,Mere pass ambren ka charger hai 20 watt ka 2 years se warking hai baut hai aacha hai 250 rs mai liya tha mobile bhi Acha charge hota hai,True,"Provides feedback on product quality, performance, and price, affecting trust and purchase decisions.",0.95
7049,youtube,,9 months ago (edited),Bhai ache nhi hai kya mene bhi order kiye hai😢?,True,"Expresses concern about product quality after ordering, reflecting trust and purchase decisions.",0.94
7050,youtube,,9 months ago,​ @naitikjain6046 Acche hai but micro usb cable use karna thoda annoying hai baaki sab cheez type c ho gayi,True,Discusses product usability and specifications affecting user experience and trust.,0.92
7052,youtube,,9 months ago,the magsafe power bank looks cool af,True,"Expresses interest in a specific product, influencing purchase decisions and user motivations.",0.92
7053,youtube,,9 months ago,didn't know they had car washers lol,True,Highlights product discovery and category exploration on the platform ('didn't know they had car washers').,0.98
7054,youtube,,9 months ago,"been hearing a lot about blinkit, will try now",True,Indicates user motivation and intent to try the platform after hearing about it.,0.96
7057,youtube,,9 months ago,didnt even know a magsafe power bank existed lol,True,Relates to product discovery and finding unexpected items on the platform.,0.96
7059,youtube,,9 months ago,"that gaming mouse looks sick, might gotta try it",True,Shows user motivation and intent to try purchasing a specific product seen in the video.,0.97
7060,youtube,,9 months ago,kinda curious how fast blinkit delivers compared to others,True,"Discusses curiosity about delivery speed compared to competitors, influencing shopping behavior.",0.94
7061,youtube,,9 months ago,never thought id need a crystal ball for my desk 😂,True,Reflects product discovery and changing user perceptions about what to buy on quick commerce.,0.93
7063,youtube,,10 months ago,the magsafe power bank part was super informative,True,Highlights the value of product information provided during the review.,0.91
7064,youtube,,10 months ago,wow didn't know blinkit had all this stuff 😮,True,Directly highlights category exploration and discovery of a wide product catalog on Blinkit.,0.98
7065,youtube,,10 months ago,those ps5 games gotta have em,True,Expresses strong purchase intent for listed products.,0.94
7067,youtube,,10 months ago,"love how quick the delivery was, that's wild!",True,"Discusses delivery speed, which is a key factor in quick commerce shopping behavior.",0.9
7075,youtube,,10 months ago,never thought of buying gadgets from blinkit till now 👀,True,Reflects a shift in user mindset and purchase barriers regarding buying gadgets from quick commerce.,0.98
7076,youtube,,10 months ago,anyone tried that magsafe power bank yet?,True,"User asks about a product, relevant to product information and purchase decisions.",0.85
7078,youtube,,10 months ago,the gaming mouse review was super helpful thx,True,"Discusses helpful product review, relevant to product information.",0.9
7079,youtube,,10 months ago,love how you compared quick commerce n e-commerce,True,Compares quick commerce and e-commerce shopping experience.,0.8
7081,youtube,,10 months ago,never knew blinkit had such cool gadgets,True,Indicates discovery of new categories/gadgets on Blinkit.,0.95
7083,youtube,,10 months ago,that crystal ball looks so dope 🔮,True,Discusses specific product opinion.,0.85
7084,youtube,,10 months ago,Please do a review on kreo beluga v2 ❤ venom tech,True,"Requests product review, relevant to product information.",0.85
7087,youtube,,10 months ago,the crystal ball one was kinda cool,True,Expresses opinion on a product.,0.85
7093,youtube,,10 months ago,Ur wrong the mouse is the best you can buy as it's customisable software and good poling rate yes it's wired and heavy but does all ur work intermadary to advance as I play eSports specialy val. Great mouse,True,Detailed feedback on product specifications and performance.,0.95
7094,youtube,,10 months ago,Unbox boat 1200f please 🙏,True,"Product unboxing request, relates to product information.",0.85
7096,youtube,,10 months ago,Boat headphone price now 1599😂😂 after watching this video here again blinkit wins,True,Compares product pricing and states Blinkit offers better pricing.,0.9
7097,youtube,,11 months ago,11:06 i hav these but the heat emition and energy loss bohut is very high (mai iphone 13 ke sath use kerta hue,True,Discusses product performance issues with a specific phone model.,0.9
7101,youtube,,11 months ago,They will  take  extra   charge  in blinkit,True,Discusses pricing/extra charges on Blinkit affecting purchase decisions.,0.85
7105,youtube,,11 months ago,8:30 bhaiya wo bas table par show piece ki trh lagane ke liye hai koi projector nahi hai 😅😅 baaki your content is definitely good,True,Provides correct product information/use case.,0.85
7114,youtube,,1 year ago,bhai dual sense edge controller bhi dekhna bahut acha hai .,True,"Suggests a product to review, relevant to product discovery/information.",0.8
7115,youtube,,1 year ago,Ye blinkit wale saman to de dete hai sasta pr return ke time kya krenge uspe bhi video bnao,True,"Raises concerns about product returns, directly impacting trust and purchase decisions.",0.95
7116,youtube,,1 year ago,That was galaxy crystal not a projector.,True,Corrects product information.,0.9
7117,youtube,,1 year ago,Headphone for Gaming And Live Streaming __ Range 2k,True,States requirements for a product category.,0.8
7118,youtube,,1 year ago,"Do not buy any Cosmic Byte product. They are a complete scam till you needed the support or warranty. I bought a CB Phantom Gasket Keyboard after watching @venom's review on this channel, it costed me around Rs3200 approx. in 8 months the keys started stoped working. Somehow reached to support by email while their chat support is just to sale items.
Email support replies every 5-6 days later. They raised a ticket & closed the ticket by them selves without any resolution. I did a tweet to them while marking venom for help. giving the entire email conversation video  just pause & watch it. 3k is wasted behind a scam brand. so beware of such brands no matter who suggest you. THEY DONT HAVE A WORKING SUPPORT PAGE IN THEIR WEBSITE - while I purchased directly from official CB website at the time of purchase. Unfortunate for me- but be aware",True,"Discusses poor brand support and warranty issues, directly affecting trust in products.",0.95
7120,youtube,,1 year ago,Do they sell original products?,True,"Questions authenticity of products, directly related to trust in products.",0.95
7124,youtube,,1 year ago,Blinkit sasta hai par meri city me available nhi hai,True,Discusses product availability issues based on location.,0.95
7129,youtube,,1 year ago,"Negative comments ko maaro goli, aap videos banate raho aise , kaam aate hain extra stuff lene ke lie",True,Discusses user motivation for using quick commerce to buy extra stuff.,0.95
7133,youtube,,1 year ago,"8:22 bhaiya ye ball kewal dekhne ke liye hai, ki ye ligh up hoti and andr image dikhti hai, like koi flower, saturn, earth, etc, jo u ordered. Upar isme kewal 5-6 circles dikhte but wo ignore krne ka hai",True,Discusses product information and details regarding an ordered item.,0.9
7138,youtube,,1 year ago,All products are cheap in Amazon and filpkart.Bakwas products.,True,"Compares product pricing and quality with traditional e-commerce, impacting purchase decisions.",0.95
7140,youtube,,1 year ago,Is the bill available for ps5 games through blinkit ??,True,Asks about product documentation/bill availability affecting purchase decisions.,0.92
7141,youtube,,1 year ago,"With Processing fees, rain fees, handling fees, gst on every fees, quick commerce is not doing anything different than what E commerce is doing.... Sab ke upar charges... I understand business is not for charity but iska matlab yeh nahi ki sab tara ke paise lelo charges fees ke naam pe",True,Discusses hidden fees and charges impacting purchase decisions.,0.94
7147,youtube,,1 month ago,Ye sab itne bade u tuber hoke nai samaj pate chota bacha bhi bata sakta hai ye bas show pes hai rkhne k lie kaise yaar pura jankari bhi nai lete buy krne se pahle inke bharosa tum sab product kaise buy kroge please jo samaj aae khudse jake le lena,True,Discusses lack of thorough product information and trust in creator-led purchases.,0.93
7148,youtube,,1 year ago,I have personal experience bhai blinkit has less goods but it have better pricing,True,Compares product assortment and pricing strategies on quick commerce.,0.96
7152,youtube,,1 year ago,"Amazon is a bit expensive because it provides you quality, promise, support, wide return range and trust. #Amazonian❣️ 

Here probably you will get return policy 😅",True,"Compares platform trust, quality, support, and return policies with competitors, affecting trust and purchase decisions.",0.97
7163,youtube,,1 year ago,Gaon me support nhi karta Flipkart aur Amazon karta he,True,Discusses delivery availability/service barriers in different regions.,0.91
7164,youtube,,1 year ago,"What difference did I find when I ordered from quick commerce is the packaging is really nice , unlike flipkart and amazon ke phate dibbe",True,"Highlights product packaging quality differences compared to traditional e-commerce, impacting trust.",0.95
7169,youtube,,1 year ago,Bhi galti sa order ho jaiye to cancel bhee time pa nhi kr skta jb thk tum cancel karoga tb tk aa jaiga,True,Discusses purchase barriers regarding the inability to cancel orders due to fast delivery.,0.94
7181,youtube,,1 year ago,This is wrong information i bought the belkin charger for 1200 on amazon and he shows price as 1999 thats wrong.,True,"Discusses pricing discrepancies compared to other platforms, impacting purchase decisions.",0.94
7184,youtube,,1 year ago,Boat rocker ka ye headphone mere pass hain bahat acha hain,True,Discusses product quality and user satisfaction.,0.92
7185,youtube,,1 year ago,Zebronics zeb sound feast 500 speaker check out mast sounds and bass quality,True,Provides product recommendations and feedback on sound quality.,0.93
7189,youtube,,1 year ago,"Oh bhai, crystal ball h woh, projector nhi h. It is just a fancy lamp",True,Provides product information and clarifies misconceptions about a product.,0.94
7192,youtube,,1 year ago,"Nu republic is not a new brand bro 
Very old brand and it used to be good but not now😊",True,Discusses brand history and trust in products.,0.95
7197,youtube,,1 year ago,maine abhi phone  liya hein  flipshopee se price graph check karke😎,True,Discusses shopping behavior and price tracking tools before making a purchase decision.,0.96
7198,youtube,,1 year ago,Ant sports mouse is the best product one can buy . It's a gaming mouse with thumb rest and 8 switchs 3 for thumb side . Can be modified according,True,Provides detailed product review and recommendations.,0.97
7201,youtube,,1 year ago,Agar bro product kharab rha toh replacement kar skte he blinkit par,True,"Asks about replacement policies on Blinkit, which directly affects purchase decisions and trust.",0.98
7202,youtube,,1 year ago,Bhaiya mujhe ek headphones chaiye for casual gaming to mai konsa lo cosmic byte proteus or Zebronic zeb blitz please reply me bhaiya 🙏🙏🙏,True,Seeks product recommendations and comparisons for a purchase decision.,0.97
7207,youtube,,1 year ago,"bhai is mouse ka (ant esport wala) also has its own app. Ive been using it since like a year now and its AMAZING like when im streaming i change its 8th button to play and pause and then its boom bhai must buy, gana skip, volume up and down bhot badiya maal ha and RGB kamaal",True,"Provides detailed product feedback, functionality insights, and recommendations.",0.97
7214,youtube,,1 year ago,Is it safe to order electronics on blink it ? What about bill and warranty?,True,"Questions trust, bills, and warranty for ordering electronics on Blinkit, directly affecting purchase decisions.",0.99
7216,youtube,,1 year ago,Offline 500 - 700 ki watch online 1300 rupees only. 😅😂,True,"Discusses offline vs online pricing discrepancies, impacting purchase decisions.",0.95
7221,youtube,,1 year ago,NU Republic purana brand hai kaafi,True,Discusses brand history and perception.,0.95
7234,youtube,,1 year ago,BOAT ROCKERZ 550 BDIA HAI MAI BHI WHI USE KR RHA HOON BLINKIT SE MNGWAYE THE 1400RS MAI,True,"User discusses purchasing a product (Boat Rockerz 550) via Blinkit, relating to purchase decisions and pricing.",0.95
7237,youtube,,1 year ago,Ab toh bas paisa chahiye.. kuch b 15 minutes mei aa jayegaa,True,Reflects user motivation and purchase behavior regarding quick commerce speed ('15 minutes mei aa jayegaa').,0.9
7243,youtube,,1 year ago,What about returns? Can we return them as easily as we can buy them?,True,"User asks about return policies, which directly impacts purchase decisions and trust.",0.94
7244,youtube,,1 year ago (edited),"Potronics Snapcase kharida tha Blinkit se, kharid ne ke baad hi out of stock kar diya. data cable option nhi ah raha tha. Replacemnet krne ko bola to reject ho gya finally portronics ne replace kar diye aur ak new snapcase jo working condition me tha.",True,"Discusses product availability issues ('out of stock' immediately after buying), replacement friction, and cross-platform resolution, affecting trust and purchase decisions.",0.97
7247,youtube,,1 year ago,Repacked hai ye keyboard razer poly packing nahi karta,True,"Discusses product authenticity and packaging ('Repacked', 'poly packing'), directly affecting trust in products.",0.96
7261,youtube,,1 year ago,"Bhai apni research team update kar, amazon pe saste products milte hai as compared to blinkit or zepto. tried this many times",True,"Compares pricing between Blinkit and Amazon, directly discussing purchase decisions and pricing barriers.",0.98
7264,youtube,,1 year ago,Bhai ham display kaise online bye kar sakte hain kaisa rahata hai please humko batao,True,"User asks about buying displays online, relating to product information and purchase decisions.",0.88
7265,youtube,,1 year ago (edited),17:28 haan bhai laine 2300 ka mangwya tha 2019 mai militrty colour ka tab naya aya hua tha ab to kaafi purana hai but battery backup or speakers aaj bhi waise hi hai jaise 6 saal purane tha or interestingly mai ussi headphone mai tumhare video dekh raha hu or haan ye aaj ke mobiles mai bhi easly connect ho jaa raha hai mere pass S24 hai,True,"Detailed review of a product purchased earlier, discussing repeat usage, product longevity, and trust in the brand.",0.92
7268,youtube,,1 year ago,"Vah chij galaxy banata nahin Hai kahin per , yah vah projector type chij nahin Hai yah just ek show peace Hai jiske andar light jalta Hai and according to the price ठीक-ठाक hai.",True,"Provides product quality and value feedback on a specific item, relating to product information and trust.",0.9
7270,youtube,,1 year ago,Sir what about refund and replacement,True,"Inquires about refunds and replacements, which affects purchase decisions and trust.",0.95
7274,youtube,,1 year ago,In my area there is no quick ecommerce 😂😂😂😂😂😂,True,"Highlights product availability issues ('no quick ecommerce' in area), representing a direct purchase barrier.",0.96
7281,youtube,,1 year ago,Bhai return bhi hota h kya ???😂😂😂,True,Discusses return policy which affects purchase decisions and trust.,0.85
7282,youtube,,1 year ago,tried it does not work for many area and price are quite high,True,Discusses service availability (product availability/location barriers) and high pricing affecting purchase decisions.,0.95
7290,youtube,,3 weeks ago,Blinkit store wale ne mana Kar diya delivery karne ke liye kya kiya jaye please answer,True,"Discusses store refusing delivery, directly relating to product availability and fulfillment barriers.",0.9
7497,youtube,,2 weeks ago,मेरे को नही कर ना ब्लिकिट मैने किया था जब एक्सीडेंट हो गया दूसरे को दस मिनट में सामान पहुंचने के चक्कर में अपनी जान नहीं गवानी,True,User explains purchase barrier and motivation: stopped using quick commerce (Blinkit) due to safety concerns regarding the 10-minute delivery promise and risk of accidents.,0.96
7499,youtube,,2 weeks ago,As a consumer hum ye ker sakte h ki her order pe tip Dena chalu kre apni Taraf se!!,True,Discusses consumer purchase behavior and willingness to tip on every order.,0.9
7500,youtube,,2 weeks ago,I don’t want yaar 10min me aaram se dedo koi jaldi nhi h kha Jana h sabko,True,Highlights user motivation and purchase attitude regarding delivery speed expectations (do not need 10-minute delivery).,0.92
7612,youtube,,1 month ago,Karte samay location bhi dhang se nahin dikhata hai uske bare mein bhi Raghavji dekh Lijiye,True,Discusses location tracking issues during delivery/navigation which affects user experience.,0.85
7689,youtube,,2 months ago,Sabse important ye blinkit jrur band hona chahiye iski wajah se market m bhot nuksan hora h,True,User discusses how quick commerce impacts local market retail and buying behavior.,0.85
7690,youtube,,2 months ago,Mai raghav chadha ji aap se yhi khena chahunga ki ye aap ye baat sansad ke bill m jrur rakhe ki ye online delivery or flipkart amazon in ki wajah se ham jese chote dukaandaar to khatam hi hogye sir or sab public ko ghr baithe khane ki adat pad gyi or chote dukaandaar ka market ka to kaam hi khatam sale khtm customer bhi nhi balki uss se jada rent ladko ki salary or sab or glti se ager customer aajaye to online se compare pura ye kaam khatam hi kar diya hai inhone ye band hona chahiye online system,True,User discusses how online delivery has changed consumer habits ('public ko ghr baithe khane ki adat pad gyi') and affected local small shopkeepers.,0.92
7783,youtube,,3 months ago,There's a lot of hidden struggle behind our ease and convenience  😥🙏,True,Reflects on the hidden struggle behind ease and convenience of quick commerce.,0.91
7873,youtube,,7 months ago,𝖡𝗅𝗂𝗇𝗄𝗂𝗍 𝗀𝖺𝖺𝗇𝖽 𝗆𝖺𝖺𝗋 𝗅𝖾𝗁𝖺 𝖻𝖺𝗁𝗂  𝖻𝗅𝗂𝗇𝗄𝗂𝗍 𝗃𝗈𝗂𝗇 𝗇𝖺𝗁𝗂 𝗄𝖺𝗋𝗈  𝖻𝖺𝖺𝗄𝗂 𝖺𝗎𝗋 𝗌𝖺𝖻  𝖽𝖾𝗅𝖾𝗏𝖾𝗋𝗒 𝗈𝗉𝗍𝗂𝗈𝗇𝗌 𝗍𝗁𝗂𝗄 𝗁𝖺𝗂,True,"User compares Blinkit with other delivery options, indicating purchase barriers/platform trust.",0.85
7882,youtube,,9 months ago,TWS earbuds are good at first but reduces battery day by day,True,Discusses product quality and durability affecting trust and purchase decisions.,0.85
7889,youtube,,10 months ago,"Stylus Bahut Ghatiya Portronics ka hai...kam ni krta kai br..apne aap bnd ho jata h.. type c to c me charge ni hota..
Mai emergency me mngaya tha",True,Discusses product quality issues (stylus) and user motivation (bought in emergency).,0.92
7892,youtube,,11 months ago,Bhai please accha power bank suggest kro 20000mah ka ki jiski rating bhi acchi ho or power bank bhi long time wala ho 2000 under please bhai jaldi btao 2000under or 1500 under bhi long time use or acchi rating k adhar pe batana bhai please btao,True,User asking for product recommendations.,0.96
7893,youtube,,11 months ago (edited),Potronics Is Very Good Brand I Bought Potronics mouse around ₹699 Mouse is Amazing 😍,True,"Discusses brand trust, product satisfaction, and purchase decision.",0.9
7896,youtube,,11 months ago,Yah Zebronics ka to Hai yah 5 6 mahine mein kharab ho jaega iska mouse itna ghatiya Hai yah kabhi-kabhi unplug ho jata hai kam hi nahin karta,True,Discusses product quality and durability affecting trust.,0.91
7898,youtube,,11 months ago,Lifelong एक अच्छी कंपनी है मेरे पास इस कंपनी के तीन-चार गॅजेट्स है दो तीन साल से ज्यादा चल रहे है 😊,True,"Discusses brand trust, product durability, and repeat purchases.",0.93
7899,youtube,,11 months ago,"किराने की दुकान से दवाइ मंगवाना 
फुड डिलिवरी एप से केबल चार्जर मंगवाना 
बहुत महंगा पड सकता है और सेहत के लिये हानिकारक है😂",True,Discusses user motivation and purchase barriers regarding buying accessories and medicines from quick commerce.,0.94
7901,youtube,,11 months ago,zepto blinkit and instamart teeno ka hi bura haal h kch bhi accessories mangao wo pehle se hi use aur open hoti h...,True,Discusses trust in products and product condition issues (receiving open/used items) across quick commerce apps.,0.95
7903,youtube,,11 months ago,Plz make video on I.E.M. earphones.... Budget 500 to 3-4k🙌🏻,True,User asking for product recommendations within a budget.,0.97
7905,youtube,,11 months ago,Been using the air fryer for over 1.5 years now. Have absolutely zero issues and no complaints from me. Get it if you are looking for a cheap airfyer.,True,"Discusses long-term product satisfaction, trust, and purchase decisions.",0.95
7906,youtube,,11 months ago,"Bhai apa instamart or blinkit   
Se mobile order Kar ka review batao",True,Discusses shopping behaviour regarding ordering high-value electronics like mobiles on quick commerce.,0.92
7907,youtube,,11 months ago,"Tabhi to kehte hai mere bhai.. ki...
""Sasta roye baar baar. Mehnga roye ek baar""",True,Reflects purchase decisions based on product quality and pricing mindset.,0.88
7908,youtube,,11 months ago,"Got that GaN charger from amazon @699
That's great for my Honor 200 best in class",True,"Discusses purchase decision, pricing, and product satisfaction.",0.89
7909,youtube,,11 months ago,Portronics ka Power Bank ka link do please😊,True,Seeking product links/recommendations.,0.9
7919,youtube,,11 months ago,Guys zepto is a scam please don't buy anything from them,True,Expresses lack of trust in a quick commerce platform.,0.91
7920,youtube,,11 months ago (edited),"महंगा रोए एक बार 
सस्ता रोए बार बार 

Due to paiso ke haalat and other consequences we generally can't afford expensive stuffs all the time. But can't deny the above line shared by an elder relative of mine.",True,Discusses purchase decisions and user motivations influenced by financial constraints and product pricing.,0.9
7921,youtube,,11 months ago,Is potronics pencil support ipad A16 2025,True,Product information and compatibility query affecting purchase decision.,0.94
7922,youtube,,11 months ago,This Yellow portronics powerbank swelled up in 6 months time.,True,Discusses product durability issues and trust in a brand.,0.95
7924,youtube,,11 months ago,Blinkit is best and zepto is worst customers ko bahot bewakoof bana raha hai aaj kal bhai aap zepto ka scam expose karo free cash scam expose karo,True,Discusses trust in platforms and customer experience regarding scams.,0.9
7944,youtube,,11 months ago,"Return hojata h bhai blinkit pe mera. V hogya tha
Mne complaint daali return hogy tha",True,0.95,0.95
7951,youtube,,11 months ago,sbse best blinkit hai ekdm shi saman hi aata h aur fast delivery hoti h,True,"User discusses product trust, quality, and delivery speed on Blinkit.",0.98
7962,youtube,,11 months ago,Oil brush is costlier than fries😂😂😂,True,User compares product pricing across categories on quick commerce.,0.92
7965,youtube,,11 months ago,"368 ka brush😂😂😂, 20 ka hai wo brush",True,User discusses product pricing discrepancy and value for money on the platform.,0.95
7977,youtube,,11 months ago,No it's ipad compatible only,True,Discusses product compatibility and information.,0.95
7979,youtube,,11 months ago,Lifelong ke product theek nikalte hai. Your Air fryer would work good for a long time,True,Discusses trust in a specific product brand.,0.98
7981,youtube,,11 months ago,"Saste gadgets sirf ek baar chalte hai, pata ni konsa AI model lagate hai usme , single use ke baad khatam ho jaate hai..",True,"Discusses product trust, quality, and purchase decisions regarding cheap gadgets.",0.97
7983,youtube,,11 months ago,Lifelong products are really good I have used their many products ❤,True,Discusses trust in a brand based on personal usage.,0.98
7984,youtube,,11 months ago,499 me boat 91 primo airdopes mil jata hai zepto pe,True,Discusses product pricing and availability across platforms (Zepto).,0.96
7987,youtube,,11 months ago,Bhai 200 rs wireless istamaal kara hou 6 Mahinai hogayi abhi tak nahi phata Meesho sai,True,Discusses purchase decisions and trust in products bought from a specific platform (Meesho).,0.95
7988,youtube,,11 months ago,keyboard 250 ka hai,True,Discusses product pricing.,0.9
7989,youtube,,11 months ago,Sab mahenge hai bhai. Try local,True,"Discusses pricing perception and purchase barriers (too expensive, prefers local stores).",0.96
7990,youtube,,11 months ago,sanchit bkl 368 ka brush cheapest item hota hai ?,True,Discusses product pricing perception.,0.91
7991,youtube,,11 months ago,i also Baught This Speaker  My unit is also not working after charging,True,Discusses product failure and lack of trust in the product.,0.97
7993,youtube,,11 months ago,"Bhai flipkart minutes miss kar gye , next add kario to this type or segment 🤟",True,Discusses alternative quick commerce platforms (Flipkart Minutes) and product segments.,0.95
7994,youtube,,11 months ago,Can I order sony headphones in blinkit,True,Inquires about product availability on Blinkit.,0.99
8000,youtube,,11 months ago,"Meesho be like ""kabhi mujhe try kro"" 🗿 599 main sara kuch  mill jayega.",True,Discusses pricing and purchase decisions comparing platforms (Meesho).,0.96
8002,youtube,,11 months ago,5:48 2200/- ka hai to kam dale 😂,True,Discusses product pricing.,0.9
8004,youtube,,11 months ago,sir ptron ke devices hi bekr hai mene kai cheeje kari thi order amazon flipkart se bhi pr sb defaulty aayi and mere friends ki bhi,True,Discusses lack of trust in a brand (pTron) due to defective items received.,0.97
8014,youtube,,11 months ago,will it work at phone also,True,Inquires about product compatibility and information.,0.92
8016,youtube,,11 months ago,8:33 what about heating bro,True,Asks for product information regarding heating issues.,0.94
8025,youtube,,11 months ago,​ @AayushIndia-z6t  🌝me online shopping hi na karta 😂,True,User discusses personal online shopping user habits/motivations.,0.88
8028,youtube,,1 year ago,"i bought zebronics 250rs keyboard mouse combo from dmart, its still working after a year. surprising part is i do gaming with it check out my streams :)",True,"Discusses product trust, durability, and a repeat purchase consideration based on experience.",0.95
8037,youtube,,1 year ago,3 saal se use kr rha hun Zebronics ka keyboard and mouse (₹299) pe liya tha dono.. mouse dead ho chuka hai gir gya tha haath se baki keyboard avi v mst chlta hai.. avi dell mouse liya hai offer mei ₹249,True,"Discusses product trust, long-term usage, and repeat purchase decisions.",0.97
8058,youtube,,1 year ago,Please kaun jaldi aayega isake video banana band karo. Delevery boys ke jaan par ban aati hai. Traffic rules bhi todane padte honge. Ulra ab aisa hona chahiye ki order karte samay aaram se aao ka option hona chahiye. Jisase delevery boys shanti se delevery kar sake.,True,Suggests a feature ('relaxed delivery' option) that directly affects shopping behavior and user motivations.,0.92
8061,youtube,,1 year ago (edited),I bought keyboard mouse worth rs 150…  n its 1.5 yr no problem nothing😎,True,"Discusses product trust, durability, and repeat purchase satisfaction.",0.96
8070,youtube,,1 year ago,Maine filpkart minutes se phone oder kiya,True,"Discusses using a quick commerce competitor (Flipkart Minutes) for ordering phones, reflecting shopping behaviour.",0.94
8073,youtube,,1 year ago,Delivery time also depends on where and how long the storage is from your location,True,Discusses storage location availability and delivery logistics impacting purchase decisions.,0.88
8074,youtube,,1 year ago,"advance ki dabbiya, stash pro ke lighter , sheet ye sb mangwana tha 😹😹🥹",True,Highlights specific user motivations and product demand for particular categories on quick commerce.,0.95
8076,youtube,,1 year ago,"Bhiaya wo portronics ka pencil kya Xiomi Pad 7, redmi pad pro, pad 2 etc me chalega?",True,User inquires about product compatibility and information.,0.92
8077,youtube,,1 year ago,368 ka brush !???,True,User discusses product pricing and value for money.,0.9
8078,youtube,,1 year ago,try hoppup airdoz s40  earbud in 599rs you will be shocked.,True,User provides product recommendations.,0.95
8079,youtube,,1 year ago,Mujhe ows buds lene hai please video vo shi hai ya nhi,True,User asks for product recommendations and guidance.,0.91
8080,youtube,,1 year ago,Medical student here… using stylus on iPad… used tukzer earlier but won’t recommend as they can fail anytime. Currently using portronics which is working good but it’s not long enough to give long review. If it helps any student there👍,True,User shares product reliability and trust in specific brands.,0.96
8084,youtube,,1 year ago,pTron is a bad brand. I bought a smart watch which lasted exactly 2 days. The software experience was really bad too.,True,User discusses product quality and trust in a brand.,0.95
8087,youtube,,1 year ago,Does that stylus work with android tablet?,True,User asks about product compatibility.,0.92
8089,youtube,,1 year ago,Guys maine flipkart minutes se 2 baar sman mangaya 1 baar cancel kr diya and dusra 4 panner ke packets jisme se 3 kdweee literally kdwe ptani unke pass refrigerator hai ya nhi but I think blink it ask moremoney but it's gives genuine service ❤😊,True,User compares quick commerce platforms based on product quality and trust.,0.98
8090,youtube,,1 year ago,Sir sab product app koi bhi wholesale market me kum se kum le saqte ho jaise tws omly 100 rupees fir air fy only 1250 rupees me fir brush only 20 in wholesale market me. Cable cost 280 rupees me hoti hai,True,User discusses product pricing compared to wholesale markets.,0.93
8091,youtube,,1 year ago,Oil brush only 40 to 70 rs rate hai,True,User discusses product pricing.,0.92
8093,youtube,,1 year ago,ptron wala amazon pe 1500 ka milta he,True,User compares product pricing across platforms.,0.94
8094,youtube,,1 year ago,13:06 speaker k vibration ki wjh se internally koi wire hil gya hga. Wese replace mar skte h usko.,True,User discusses product information and troubleshooting.,0.88
8096,youtube,,1 year ago,"Sasta roye bar bar, mehnga roye ek bar 😂😅",True,User comments on product quality versus price trade-offs affecting purchase decisions.,0.9
8098,youtube,,1 year ago,14:01 lifelong affordable and reputable brand hai bro😊,True,User discusses brand reputation and trust.,0.95
8101,youtube,,1 year ago,102rs ka AntValue keyboard liya tha 2023 me... ab bhi chala rha hu mast chal rha hai 😂😂😂,True,User shares product durability and trust based on long-term usage.,0.96
8102,youtube,,1 year ago,What! Brush 368rs ka pagla gya h ka😮,True,User comments on product pricing.,0.92
8103,youtube,,1 year ago,best gaming and mechnaical red key keyboard in 2025,True,User asks for product recommendations.,0.94
8104,youtube,,11 months ago,"mane to bus khula godown type he dekha hai,fridge kya khak rakhenge,",True,User questions storage and product handling/trust in quick commerce dark stores.,0.89
8107,youtube,,1 year ago,Chinese products ko rebrand karke bechta hai India Mein...,True,User discusses product origin and trust.,0.88
8108,youtube,,1 year ago,"Hello sir 
Vivo x200 achha hoga yaa
Xiaomi 15 under 65000
My need are display, performance, and camera

Aur koi dusra phone Lena chahiye kya vivo or xiaomi ke alawa",True,User asks for product recommendations and purchase decisions.,0.96
8110,youtube,,1 year ago (edited),"I purchase hammar earbuds from Swiggy Instamart 
Rs-400 9:30
Mst hai earbuds",True,"User shares purchase experience, pricing, and product satisfaction on a quick commerce platform.",0.97
8111,youtube,,1 year ago,Bought a ₹2k Bajaj Table fan from Zepto. It was a defective piece and the request for replacement/refund was nothing short of frustration. Better to stick with low-cost products on such instant delivery platforms.,True,"User discusses product defects, replacement friction, and how it impacts purchase decisions on instant delivery platforms.",0.98
8112,youtube,,1 year ago,Portronics k lowest sa highest price range k wired earphones k review laya,True,User requests product reviews/information.,0.93
8116,youtube,,1 year ago,Same type of videos want to see more with geniune recommendations 😊,True,User values genuine product recommendations.,0.94
8118,youtube,,1 year ago,I bought the portronics stylus for my iPad a16 it worked fine for the the first week but now it’s not working,True,User shares product reliability and performance issues affecting trust.,0.97
8119,youtube,,1 year ago,Instamart order item kam bhejta h,True,User highlights missing items affecting product availability and trust in quick commerce.,0.92
8120,youtube,,1 year ago,"Thank you for this video. I wanted to buy that portronics stylus for my normal use. I think I can buy that after watching this video. Also, portronics make really great products at an affordable price. I have used a lot of portronics products.",True,User discusses how video reviews influence purchase decisions and brand trust.,0.98
8122,youtube,,1 year ago,S25ultra case link please?,True,User asks for product links/discovery.,0.93
8124,youtube,,1 year ago,@techbar bhaiya mujhe ek mechanical keyboard lena hai under 3000 mai konsa lu please bta dijiye mujhe mai kafi time se puch rha hu ya phir isko ek video bna dijiye ❤❤,True,User asks for product recommendations.,0.95
8126,youtube,,1 year ago,Blinkit gave me a refund within 15 minutes for a Damaged product. Zepto is bullsh*t.,True,Discusses trust in products and return/refund experience for a damaged product.,0.92
8128,youtube,,11 months ago,250 ka tha na?? yaha around 500 ka chuna lag gaya,True,Discusses pricing expectations and perceived overpaying on quick commerce.,0.88
8131,youtube,,1 year ago,"Mene swiggy and zepto se bohot saree saste gadget manhwaye he
1. Boat 118 wrogn edition 470rs only
2. Urbn nano link 10k in 750rs only
3. Hammer air flow plus 461rs only
4. Zebronic zeb County speaker 350rs
5. Portronics adapto 25 pro charger 350rs
All this product are buy using zepto 125 cash and swiggy flat 50 and 75 off",True,Discusses purchasing gadgets from quick commerce platforms using discounts and cashback.,0.96
8138,youtube,,1 year ago,Have bought lots of spigen cases from zepto at half the price what amazon and flipkart offer. Don't know the authenticity,True,Discusses purchasing branded accessories at a discount on quick commerce and questions product authenticity (trust in products).,0.97
8141,youtube,,1 year ago,Ptron ka speaker maine b order Kiya tha 2 mahine chala bas,True,Discusses product quality and durability after purchasing a speaker.,0.91
8155,youtube,,1 year ago,Lifelong is a good brand. We are using their multiple products in our kitchen including glasstop gas stove from past so many years.,True,Discusses brand trust and long-term product usage in the kitchen category.,0.93
8159,youtube,,1 year ago,Blinkit better h zepto & Swiggy se,True,"Compares platform experience and preference between Blinkit, Zepto, and Swiggy.",0.94
8166,youtube,,1 year ago,Naa bro swiggy se order krne me hamesha kuch na kuch free milta hai blinkit se acha hai blinkit me jada option hai bus order krne ke liye,True,"Compares promotional offers (freebies) and product catalog options between Swiggy and Blinkit, influencing purchase decisions.",0.96
8167,youtube,,1 year ago,Nothing is good khud dukan Jake kharido,True,Highlights a purchase barrier or preference for offline retail over quick commerce.,0.94
8168,youtube,,1 year ago,Swiggy offers zyada deta h,True,Discusses promotional offers influencing platform choice and purchase decisions.,0.92
8170,youtube,,1 year ago,Fresh chizo me blink it best hai baki packaged me sab thik hai,True,Discusses category-specific shopping behavior and product quality perception (fresh vs packaged goods) on Blinkit.,0.98
8171,youtube,,1 year ago,Jiomart  cheapest h bhai,True,Compares pricing across platforms affecting shopping decisions.,0.89
8172,youtube,,1 year ago,Lol.. with 0 return policy 😂,True,Discusses return policy as a purchase barrier/trust factor.,0.91
8173,youtube,,11 months ago,Zepto baap hai re bhai bohot sasta deta hai,True,Discusses pricing attractiveness influencing platform choice and purchase decisions.,0.93
8175,youtube,,1 year ago,Depends on location to location,True,Highlights how geographic location affects quick commerce availability and service experience.,0.9
8176,youtube,,11 months ago,Depends bhai mere location me zepto better h blinksit se,True,Compares Blinkit with Zepto based on location preference for shopping.,0.85
8177,youtube,,11 months ago,"Bol nkit worst hain 😂😂 lootera. Atleast zepto ka order ce Thora kam hain
 Swiggy better.",True,Discusses pricing/loot comparisons between platforms affecting purchase decisions.,0.8
8181,youtube,,11 months ago,Bhai location pe matter karta hai bhai 599 ka earbuds order kiya tha blinkit se wahi same Big basket. Zepto pe 499 ka tha,True,Discusses price comparison across platforms affecting purchase decisions.,0.92
8183,youtube,,11 months ago,Bro seriously saying instamart is way cheaper than blinkit,True,Discusses price differences affecting purchase decisions between platforms.,0.9
8188,youtube,,1 year ago,Aree bhai Abhi Abhi 1st Order kia maine Blinkit se Kya hi coincidence hai😂😅,True,"User mentions placing their first order on Blinkit, relating to shopping behaviour.",0.88
8215,youtube,,1 month ago,Location par delivery nahi hoti hai....mere ko 1/2 km khud pick karna para,True,Discusses product availability and pickup issues affecting shopping experience and purchase barriers.,0.9
8268,youtube,,7 months ago,"Mere near me blinkit nahi aya hai sirf swiggy,Zomato,Flipkart,Amazon,Messho,or new new chalu hua hai rapido..",True,User discusses product availability ('near me blinkit not available') which is a purchase barrier.,0.96
8333,youtube,,1 year ago (edited),0:50 barish m to ordr krte h kafi log,True,"Mentions that many people place orders during rain, providing insight into shopping motivations/behavior.",0.85
8487,youtube,,1 year ago,Achha hota agr order khud pick up bhi krte.,True,"Discusses store pick-up option, which relates to purchase fulfilment and shopping behavior.",0.82
8550,youtube,,1 year ago,Blinkit say it is arriving in 10 min and deliver it in 30-35 min,True,"Discusses delivery time discrepancies (10 min vs 30-35 min), which affects product availability and purchase expectations.",0.95
8608,youtube,,11 months ago,राइडर ने एक आइटम खा लिया 12:37😅😂,True,"Mentions a rider consuming an item, impacting trust in products and product handling.",0.91
8884,youtube,,1 year ago,Bhaiya kya blancate Noida mein bhi hai all sector ma hai,True,Discusses store availability and service areas which affects product availability and purchase decisions.,0.85
8905,youtube,,21 hours ago,Shirur pune maharashtra,True,"Discusses geographic availability of services, relevant to product availability.",0.7
8906,youtube,,22 hours ago,"West Bengal, kolkata",True,"Discusses geographic availability of services, relevant to product availability.",0.7
8907,youtube,,23 hours ago,"Deoghar, Jharkhand",True,"Discusses geographic availability of services, relevant to product availability.",0.7
8908,youtube,,1 day ago,"West Bengal, Siliguri",True,"Discusses geographic availability of services, relevant to product availability.",0.7
8909,youtube,,1 day ago,"West Bengal, Jalpaiguri",True,"Discusses geographic availability of services, relevant to product availability.",0.7
8911,youtube,,2 days ago,I live at banglore,True,Discusses user location for service availability.,0.7
8912,youtube,,2 days ago,Maharashtra yavatmal district,True,Discusses user location for service availability.,0.7
8913,youtube,,2 days ago,"I live in gwalior,M.P.",True,Discusses user location for service availability.,0.7
8914,youtube,,2 days ago,Punjab bathinda,True,Discusses user location for service availability.,0.7
8921,youtube,,2 days ago,फ्रॉम MP नगर Satna madhya prades,True,Discusses user location for service availability.,0.7
8922,youtube,,2 days ago,Himachal pradesh,True,Discusses user location for service availability.,0.7
8935,youtube,,3 months ago,"fun gadget haul, surprising blinkit finds with quick delivery and some actually useful everyday tech items",True,Discusses product discovery and quick delivery of everyday tech items on Blinkit.,0.95
8937,youtube,,5 months ago,Blinkit has really become one of the top platforms where people are buying electric items and ngl they are not faulty unlike other platforms,True,Discusses trust in products and purchasing behavior regarding electric items on Blinkit.,0.98
8943,youtube,,6 months ago,Ps5 stand is good,True,Discusses product review and quality.,0.9
8958,youtube,,8 months ago,I didnt know I needed this until now ??,True,Relates to product discovery and purchase motivation ('didn't know I needed this').,0.85
8980,youtube,,10 months ago,Tu jutha hai watch ke naam pe kachra bechne wala,True,Discusses trust in products and product quality regarding a watch.,0.9
8984,youtube,,10 months ago,Bro ambrane blast hota hain,True,Discusses product safety and trust regarding a specific brand (Ambrane).,0.92
8985,youtube,,10 months ago,Bhai wo anarc smart watch bhi mangwa lete…🫣,True,Discusses product exploration and purchase decisions for a smartwatch.,0.88
8986,youtube,,10 months ago,mouse ache nhi h maine magwaye the😢,True,Discusses product quality and purchase decisions regarding computer mice.,0.94
8989,youtube,,11 months ago,Bhai aapne  steering ki detail nhi bataye  kaisi hai buy karna chahiye ya nhi ya koi aur co. Ki buy karu,True,Asks for product information and purchase advice regarding a car steering accessory.,0.93
8999,youtube,,1 year ago,Bhaiya blinkit m electronic products ki warranty claim kese karte h,True,Discusses product information and warranty claims for electronic products on the platform.,0.96
9003,youtube,,1 year ago,Bhai tshirt achi h overlays ki but stitching shi ni..body pe shi se ni baithati..front side of neck pe press hoti hai zyada hi just like jese aapki ye waali aap pe hori..ajeeb feel hota h pehen ke,True,"Provides detailed feedback on clothing fit, stitching, and product quality (purchase decision/trust).",0.98
9011,youtube,,1 year ago,do plate maggi or chhar aande or mangwado... 😂😂🤣,True,Refers to food ordering quantities and snacking motivations on quick commerce.,0.85
9016,youtube,,1 year ago,wo power bank ke sath jo ring aaya tha usme 3M ka tape nikalake chipkana tha .glue bahut strong hai actually me. FYI,True,Provides product usage information and tips for a power bank accessory.,0.92
9021,youtube,,1 year ago,6:06 that used to remove dead skin from foot,True,Discusses product discovery and identification for personal care items.,0.88
9022,youtube,,1 year ago,"Links kahan hain bhai, mujhe to UPS for WiFi kharidna tha, @TechBurner",True,"Discusses product search, missing links, and intent to purchase a specific utility item (UPS for WiFi).",0.95
9025,youtube,,1 year ago,Last item current jaye par wifi naa jaye,True,Discusses user motivations and utility purchase decisions for power backups during power outages.,0.92
9030,youtube,,1 year ago,Bhai LAYERS Anarc smartwatch maga sakte hai kya Blinkit se ?,True,User asks about product availability on Blinkit.,0.95
9041,youtube,,1 year ago,"Bhai Overlays hmesha Stockout kyu rehta h.
Please restock",True,Discusses product availability and stock issues for a brand.,0.96
9055,youtube,,1 year ago,Hocco ka aamchi mangava do guru ji maan jayenge apko ye sab useless hai 😅,True,User requests a specific product to be made available on the platform.,0.92
9068,youtube,,1 year ago,ANARC watch nhi milti hai kya blinkit jo?,True,User inquires about product availability on Blinkit.,0.96
9076,youtube,,1 year ago,"Blueprint stack... Didn't expect to see it here ... Nice, what's its price in india ?",True,User discusses product discovery and product information/pricing.,0.85
9099,youtube,,1 year ago,"Love your products and your quality is top-notch — I recently ordered 4 items and was super happy with 3 of them! Just facing a small issue with the size of 1 T-shirt. I’ve requested an exchange (not a refund), but it got rejected because the tag was briefly removed just to try it on. I’ve reattached it and the product is unused. I’d truly appreciate it if the team could help me out! 🙏 Hoping for a positive response — loyal customers like me just want to wear and enjoy your awesome merch 🙂",True,"Discusses product quality, repeat purchases, and purchase barriers (exchange policy issues).",0.95
9104,youtube,,1 year ago,Boat partypal ka review possible hai kya abhi k time pe,True,Product review request/recommendation query.,0.8
9111,youtube,,1 year ago,Bhai at least choose decent gadgets,True,Discusses product selection and trust/preferences.,0.75
9116,youtube,,1 year ago,Shlok bhai aapne anarc ko exchange offer me daaldo please kyuki har koi afforded nahi kar sakta to aap please exchange offers laao anarc me,True,"Discusses product pricing, affordability, and purchase barriers regarding specific merchandise.",0.9
9118,youtube,,1 year ago,10:22 Please share the link or details of this adjustable table.,True,User asking for product information/details of a featured product.,0.85
9119,youtube,,1 year ago,Ofline mrkt m 500 ka milta h massager,True,Discusses product pricing and comparison with offline markets affecting purchase decisions.,0.9
9138,youtube,,1 year ago,"Please make a golden color mettalic strap available for your anarc smartwatch

As golden dail is available but no golden strap",True,Discusses product availability and missing variants (golden strap for a smartwatch) affecting purchase decisions.,0.95
9148,youtube,,1 year ago,Bro price bhi bta diya kro ❤ ❤,True,"Requests product price visibility, directly impacting product information and purchase decisions.",0.9
9166,youtube,,1 year ago,Tech burner bhai best all rounder phone under 30k in 2025❤❤,True,"Asking for phone recommendations under a specific budget, directly related to recommendations and purchase decisions.",0.9
9170,youtube,,1 year ago,Product link b next time share krdijiye description pei,True,"Requests product links in the description, directly related to product discovery and purchase decisions.",0.95
9189,youtube,,1 year ago,Tech burner Bro how can you trust blinkit electronic items 😅,True,Directly discusses trust in buying electronic items on Blinkit.,0.99
9252,youtube,,1 year ago,anarc watch ni milta kya blinkit m?,True,User inquires about product availability on Blinkit (Product availability).,0.95
9256,youtube,,1 year ago,I also wanna try anarc watch but it was not useful so I dropped it.,True,User discusses purchase decision and why they dropped a product (Purchase decisions).,0.96
9258,youtube,,1 year ago,Link mat dena product ke..,True,"User asks not to provide product links, relating to product discovery and shopping behavior.",0.85
9293,youtube,,1 year ago,Information kam aur Faltugiri jyada karte ho yaar. Aaj kal maza nahi aa rha tumhare video pe. Hum yaha ate ki aap proper information do hame taki hame aasan ho kharid ne me but tumhara back**di dekhke dimag kharab ho jata he,True,User mentions wanting proper information in reviews to make purchasing decisions easier.,0.95
9311,youtube,,1 year ago,PLEASE SIR NEXT TIME GIVE LINKS TO THE PRODUCTS 👍👍8:20,True,User asks for product links to help with product information and purchase decisions.,0.92
9320,youtube,,1 year ago (edited),Bhai app thoda apna face kam dikhaya Karo aur product pe jada Camera focus karo,True,"User requests more focus on the product rather than the host's face, relating to product information and presentation.",0.96
9330,youtube,,1 year ago,Just a suggestion shlok bhai itna preview mat dikhau product ka interest kam hojata hain,True,Discusses product preview affecting interest/purchase decisions.,0.92
9402,youtube,,3 weeks ago,"Dynamic price sahi he, kyonki company ko store ka rent electricity bill staff ki salary aur riders ka bhi kharcha nikalna hota he, aur gareeb logo se ye kharcha nahi niklega, isliye jinke pass time nahi he ya doorstep facility chahte he to unko pay bhi karna hoga",True,User discusses user motivation and justification for dynamic pricing and doorstep delivery convenience.,0.92
9406,youtube,,1 month ago,Mera to zepto me worst experience hai bhai mere ghar se zepto sirf 150meter dur hai lekin order ane me kam se kam 40 lagte hai or blink karib or Instamart karib 2-2.5 kms dur hai lekin 25 mins se pehle ponch jate hai 😅,True,"User discusses delivery speed comparison between Zepto, Blinkit, and Instamart, affecting purchase decisions.",0.95
9408,youtube,,2 months ago,I used blinkit and Zomato for years but decided to stop both because of their dishonesty.,True,"User explains why they stopped using Blinkit and Zomato, reflecting trust and purchase barriers.",0.94
9410,youtube,,2 months ago,Online shopping ko avoid karo..bhot jaruri hone par hi karo warna agar local shop Wale nahi rahe na to online Wale 2 guna rate lenge ekdin aor public ko majboor hokar dena bhi padega kyuki tabtak local shop puri band ho chuki hogi,True,User discusses motivations and purchase barriers regarding online versus local shopping.,0.96
9416,youtube,,5 months ago,Bhai kyu thak rahe ho chalo hack batata hoo jisse thoda to aapko fayda hoga try karna😂 kisi number se first time order mangane par jo chhut milti hai vahi chhut har bar milegi👍 bas 1 kam karo order manga kar account delete kar diya karo aur 36 ghante baad fir usi number se account banakar order karo 😂 lo fir se offer chalu😂😂,True,User discusses shopping behaviour and purchase decisions by exploiting first-time user discount offers repeatedly.,0.98
9427,youtube,,2 months ago,"Jio mart always sales expire product . Don't buy from jio mart. Great cheater of India ""jio mart""",True,Discusses trust in products and receiving expired items.,0.98
9428,youtube,,2 months ago,Bc sach mei price difference hei,True,Discusses price differences and purchase decisions.,0.95
9430,youtube,,2 months ago,Jio mart offers 1kg onion at rs.5/-😅,True,Discusses offers and pricing.,0.92
9432,youtube,,2 months ago,"Jiomart doesn't even comes in picture in comparison with zepto , blinkit, Instamart",True,Compares quick commerce platforms regarding market presence.,0.9
9433,youtube,,2 months ago (edited),Per me to rice desi bazar se or aata nahi khareedta direct weat khareedta hu 200 se 400kg for 1year or per month 40-50kg chakki se piswaata hu no dependency on online market😂😂😂😂😂😂😂😂,True,Explains user motivation and reasons for not using online grocery markets.,0.98
9434,youtube,,2 months ago,bhai Delhi ka seller bhi 2 din me deliver kar raha amazon pe!!!!,True,Discusses delivery timeline affecting purchase decisions.,0.9
9436,youtube,,3 months ago,"The masterplan of Ambani is that he launched Jiomart in every type of cities. I live in a tier 3 city. Here we don't have Blinkit, Zepto and Zomato. But we have Jiomart that delivers within 30 minutes. Blinkit/Zepto are only focused in big cities whereas Ambani's are taking control of both big and small cities.",True,Discusses product availability and app presence in tier 3 vs big cities.,0.97
9440,youtube,,3 months ago,Zepto wala 5 minutes me delivery kr deta hai aur flipkart minutes 8-10 minutes me ker deta h sharp,True,Discusses delivery speed impacting shopping choice.,0.94
9442,youtube,,3 months ago,Pura vdo dekhne ke baad yahi laga local shop se branded saman lo air reliance  se kuch bhi mat lo woh market capture kar ke sab mehanga kar deta hai jaisa Jio ne telecome me kiya,True,Discusses preference for local shops over specific platforms.,0.93
9444,youtube,,3 months ago,Hum toh Goodlife jaisa unbranded saman kharidta hi nhi . Lena hai toh ITC HLL Emami lunga nhi toh Reliance ka faltu brand nhi lena,True,Discusses brand trust and product preferences.,0.97
9445,youtube,,3 months ago,"I use zepto for their offers,variety and speedy delivery. Hate blinkit for same.",True,"Discusses user motivations, offers, variety, and delivery speed across apps.",0.99
9448,youtube,,3 months ago,Bhai meri tarf Jio mart 250 ke saman me 50 ki choot de rahe the . Jiski wajeh se bahut kam waqt me bahut famous ho gaya,True,Discusses discounts and promotions driving user adoption.,0.96
9450,youtube,,3 months ago,Jio also available tier 2 and tier 3 cities,True,Discusses product availability in specific city tiers.,0.94
9453,youtube,,3 months ago,Jiomart कितनी भी तरक्की कर ले लेकिन ब्लिंकिट से कभी मुकाबला नहीं कर पाएंगी,True,Compares platform quality and competitiveness.,0.91
9454,youtube,,3 months ago,man amazon now is not avalabile near my place,True,Discusses product availability in local area.,0.96
9456,youtube,,4 months ago,"Jio mart is doing the role of all ""swiggy"" , zomato and all.",True,Discusses category expansion and app use cases.,0.9
9461,youtube,,4 months ago,Jio mart apps Bhot ghatiya h,True,Discusses app experience affecting shopping behaviour.,0.94
9462,youtube,,4 months ago,Jio Mart Ka app Bhot glitchy and ghatiya quality Ka hai blink it humre Yaha best h,True,Discusses app performance and platform preference based on quality.,0.96
9467,youtube,,4 months ago,"Flipkart minutes ne mujhe 5 se 6 Oder pe milk packet 1 rupay me diya aur 50 rupay flat off diya 
Lekin ab ye sab band ho chuka hai chahe main 1000 ya 2000 ka Oder kyon na kar dun 
Usne mujhe customer bana liya doodh pila ke 😅😂",True,"Discusses promotional offers, customer acquisition tactics, and repeat purchase behavior.",0.98
9468,youtube,,4 months ago,Bhayya koyi loss nahi..... Sab dhikhava hai ......apni marzi daam me bech raha .....bolraha loss hai ..... 40 percent log quick commerce app use karraha .... Convenient keliye .....mathlab jaldi......price dektahi nahi ..... Kuch bhi bolo ....lekin loss math bolo ....loss hai ....lekin sab chalu karrahaa quick..waah!!! Even ambani bhi aaraha,True,Discusses user motivations for using quick commerce for convenience despite pricing.,0.97
9470,youtube,,4 months ago,Jio mart ab sbse kmm charge krega…jab sara competition khtm ho jayega fr krege Jio telecom ki trah price hike …😂😂,True,Discusses pricing strategies and future purchase decisions.,0.91
9471,youtube,,4 months ago,"Bhai jio mart se kal order mangwaya tha ek product jo tha uska dusra version bhej diya aur dusra buttermilk ke dabbe se expiry date faad diya tha, tumko kuch proof chahiye to maine bill bhi rakha hai support ke sath chat ka bhi screenshot hai, tweet bhi kar rakha hai lekin common man ki itni reach nahi hai, agar tum iss issue ko utha lo to accha hoga.",True,"Discusses trust in products, wrong items delivered, and tampered expiry dates.",0.98
9472,youtube,,4 months ago,Pricing tho same thi fir bhi different kyu bata raha hai bahi ?,True,Discusses pricing comparisons.,0.92
9474,youtube,,4 months ago,"Good life (jio) ke products achhe ni h utna, specially aata (flour)",True,Discusses product quality and trust in specific private label items.,0.98
9477,youtube,,4 months ago,Jiomart app is bad and it dont have most of the stuff like not even basic veggies but yeah somethings are cheaper some are not,True,Discusses product availability and catalog limitations on a grocery platform.,0.98
9478,youtube,,4 months ago,"Jo bhi bolo but range of products and the delivery quality is worst on jiomart, if I order mango they delivered Apple, and this happens most of the time💀",True,Discusses trust in products and poor product quality/accuracy during delivery.,0.95
9479,youtube,,4 months ago,jiomart is almost available in almost every city and they have free delivery plus discount granted their customer service is quite dodgy,True,"Discusses pricing, discounts, and platform availability impacting purchase decisions.",0.9
9485,youtube,,4 months ago,jio mart sells low quality products for high price....,True,"Discusses product quality, pricing, and value for money affecting trust and purchase decisions.",0.97
9492,youtube,,5 months ago,Bakwash bna rkha h jiomart ko .. order krne ke baad 3 ghnte wait kro uske baad order cancelled ka msg aata h . Kisi ko emergency me kuch chiye tb he to order krega lekin jio se bdiya to blinkit aur zepto h schi me,True,"Discusses purchase barriers (long waiting times, order cancellations) and comparison influencing choice of platform.",0.96
9501,youtube,,5 months ago,Zpeto & Flipkart minutes running the industry currently,True,Discusses industry platforms and user usage trends.,0.8
9504,youtube,,5 months ago,In my city there is no jio mart not blinkit not zepto,True,Highlights product availability constraints and geographical service barriers.,0.95
9505,youtube,,5 months ago,In bhdwe apps se nhi kirnana Store se saman leta hu or khate me likwa deta hu 😂,True,Explains user motivations and preference for traditional kirana stores over quick commerce apps.,0.98
9507,youtube,,5 months ago,mera ghar ke 1km ki range me reliance smart store hai toh jio mart se order karta hu toh 10min me ajata hai,True,Discusses proximity and service availability shaping shopping behavior and platform choice.,0.92
9508,youtube,,5 months ago,"Jiomart Best hai, Gaand maraye Blinkit Swiggy🤣",True,Reflects platform preference and user satisfaction in purchase decisions.,0.88
9509,youtube,,5 months ago,Today these kisnd of quick commerce has shut down many kirana stores now they r also in d brink of shutting down . Great,True,Discusses the impact of quick commerce on shopping behavior and local retail.,0.85
9510,youtube,,5 months ago,Bhai 5 - 10 rs ke liye bhi itna research... Aap aisa karo market se jake le aao... Koi jhanjhat he nahi.. Un logo ne aapka gala nahi pakad rakha hai.,True,Reflects user motivations and purchase barriers regarding convenience vs physical shopping.,0.9
9511,youtube,,5 months ago,Isliye mai jio mart/flipkart minutes use krta hu,True,Indicates platform choice and user shopping habits.,0.88
9514,youtube,,5 months ago,भाई हमको समान कम दाम पर जल्दी मिलनेसे मतलब है,True,Highlights core user motivations (price and speed) driving purchase decisions.,0.95
9515,youtube,,5 months ago,"All available in here, but jio mart budget friendly 😂",True,Discusses budget friendliness influencing platform selection and purchase decisions.,0.92
9522,youtube,,5 months ago,jio mart also give loyalty points on purchase of above 200 which is reedemed during next purchase,True,Discusses loyalty rewards and incentive programs affecting repeat purchases.,0.97
9526,youtube,,5 months ago,For me jiomart is the fastest in my area and also give so much discounts on items. I don't even have to order upto 200! Blinkit and Instamart are charging so High it honestly mind-blowing to compare them with jiomart for now.,True,"Discusses pricing, high costs, and purchase barriers on Blinkit and Instamart compared to competitors.",0.95
9529,youtube,,5 months ago,"Bhai maine toh check kara , fortune ka tel , ashirwad ka aata , sabh mil rha , aur kirana store ko involve karke kya hi galat kiya ambani , garib ka fayeda kar diya . Aur woh khud kisi company ko rok thodhi rha hai , companies bhi baaki kirana store aur retailer ke saath work kar sakti hai .",True,Discusses product availability and grocery shopping behavior on e-commerce platforms.,0.85
9533,youtube,,5 months ago,Mera Area Mai kuch vi abalabe nhi hai 😓 Bara Sahar hai Phirvi,True,Discusses product availability issues in a major city.,0.92
9535,youtube,,5 months ago,"12:49 - incorrect bhai. Grofers first tha. 60 or 90 mins...fir vahi blinkit bann gaya tha covid time par and started under 20/30 mins.

13:34 - Hume toh pata tha bhai. :^)",True,Discusses the history and evolution of Blinkit (Grofers) and delivery timeframes.,0.8
9538,youtube,,5 months ago,"jiomart not reliable. Only major ecom site which cheated me. Didn't deliver one item, they told they will refund which never came. Besides low quality/higher price on almost everything.",True,"Discusses reliability, product quality, pricing, and purchase barriers regarding a grocery platform.",0.9
9544,youtube,,5 months ago,"In addition to discounts, The Jio Mart is providing 1Kg onion@5 for every bill of Rs.100/- . How can small retailers and other Online retailers can match Mukesh Ambani. The message is clear. At the end all discouunts shall disappear and leave tears in eyes of consumers as they (Ambanis )had done in Telecom..",True,"Discusses promotional discounts, offers, and how they impact consumer purchase decisions.",0.88
9545,youtube,,5 months ago,"Jiomart, blinkit, Bigbasket is available in my locality",True,Discusses platform availability in the user's locality.,0.92
9546,youtube,,5 months ago,Jiomart cheaper hai❤❤,True,Discusses pricing comparison and affordability affecting purchase decisions.,0.94
9548,youtube,,5 months ago,23:30 I would suggest u to try the experiment of ordering those exact same 5 options in an area which have all of them n then compare pricing in fact u may use komparify or quickcompare,True,Discusses pricing comparison tools for ordering across multiple quick commerce apps.,0.91
9549,youtube,,5 months ago,No one even remembers bbnow exists lmao.,True,Discusses brand recall and platform usage for BBNow.,0.85
9550,youtube,,5 months ago,Instamart is far better❤,True,Expresses platform preference based on user experience.,0.92
9553,youtube,,5 months ago,That's why I prefer offline shopping 😝.,True,Explains user motivation for preferring offline shopping over quick commerce.,0.96
9554,youtube,,5 months ago,Jiomart has limited article in their app,True,Discusses product catalog limitations and product availability on the app.,0.95
9559,youtube,,5 months ago,Try amazon fresh instead of amazon,True,Provides platform recommendations for grocery shopping.,0.89
9562,youtube,,5 months ago,Hamare yaha toh bas HOMESHOP18 chalta hai 😅,True,Mentions alternative platform usage in their region.,0.85
9564,youtube,,5 months ago,जिओमार्ट पर सब लोकल सामानदेते हैं😅,True,Discusses product quality and local items available on Jiomart.,0.88
9565,youtube,,5 months ago,bahi muje 9 rupees me bechta hai,True,Discusses pricing and cheap items.,0.8
9567,youtube,,5 months ago,bhai amazon ka amazon now bhi ha fresh alag ha,True,Discusses app categorization and differences between Amazon Fresh and Amazon Now.,0.88
9573,youtube,,5 months ago,26:13 same with food delivery apps....,True,Draws parallels to food delivery app behavior.,0.75
9574,youtube,,5 months ago,In my location only blinkit is available.,True,Discusses platform availability in a specific location.,0.92
9580,youtube,,5 months ago,Jio mart price is high,True,Discusses product pricing directly affecting purchase decisions.,0.92
9582,youtube,,5 months ago,"Bhai mai to Amazon now use krta hu! Trust me wo sbse sasta dete h! Mai 6 months se zyda se use krra hu, it works!",True,Discusses platform preference based on pricing and trust over months of use.,0.96
9583,youtube,,5 months ago,"Ambani tactics works only for years. Example ajio, jio, smart, trends. Now they dont have much offers like before. We stopped using ajio years ago same with trends and smart. We came back to dmart and amazon at last.",True,Discusses why users stopped using certain platforms and switched back due to lack of offers (purchase decisions/behavior).,0.97
9586,youtube,,5 months ago,Blink it zepto waale log local shop ko kill kr rhi hai,True,Discusses impact on local shops which relates to user motivations and shopping behavior.,0.85
9589,youtube,,5 months ago,Don't buy jiomart product😮,True,Direct advice on product purchases (purchase decision/trust).,0.9
9592,youtube,,5 months ago,Jiomart bahut mahanga hai,True,Discusses pricing perception (expensive) affecting purchase decisions.,0.94
9593,youtube,,5 months ago,Mujhe jio mart hi abhi tak sahi laga jabki baki sab bhi available hai kyoki blinkit me one time 50off ka coupon lgta hai or jio mart me unlimited hai jitne bar order lagao 50 off ho jata hai,True,Discusses platform preference based on coupon usability and repeat purchase incentives.,0.98
9604,youtube,,5 months ago,"Hum Indians mai ,, hame sb pta hai kaise compare kr k sbae sasta lena hai ,, I am pro in this",True,Describes Indian consumer shopping behavior of comparing prices to find the cheapest options.,0.96
9605,youtube,,5 months ago,Prices of jiomart products are expensive compared to blinkit ... always compare n buy.,True,Compares product prices across platforms and highlights habitual price-comparison shopping behavior.,0.98
9612,youtube,,5 months ago,Won’t happen. Non veg items  etc are not available on it,True,Discusses product availability (non-veg items not available).,0.97
9617,youtube,,5 months ago,Quick commerce chutiyon ka kam hai offline wale aapse achcha service dete Hain,True,Discusses preference for offline retail over quick commerce service (shopping behavior/motivation).,0.93
9621,youtube,,5 months ago (edited),"Hmara ghr pr koi bhi quick delivery nhi aati thoda gao m h but jio mart aata h phle time leta tha 30 min se jyada but ab to 10 -15 min m aa jata h, mujhe time se mtlb nhi tha agr 1 ghante m bhi laate to bhi chlta but location m hi nhi tha but jiomart discount bhi deta h uske uper coupon bhi lg jate h, riders bhi kma rhe h ache se but time inko fix nhi dena chahiye jisse riders ka accident hone ka khtra km ho jata h, jiomart p5 rupees kg pyaj mil ri h, 18:30 but m to fayda uthata hu is chij ka sare app h sbme check krta hu 😁",True,"Details cross-platform shopping behavior, checking multiple apps, coupon usage, and deal hunting based on availability and discounts.",0.99
9622,youtube,,5 months ago,Jio mart bakwas h always missing items and very difficult to complain,True,Discusses missing items and customer support difficulty affecting trust and purchase decisions.,0.92
9624,youtube,,5 months ago (edited),"Dark patterns, deceptive marketing. Like apple uses with storage options. Delayed entry but they will kill the competition. Prices will increase from there",True,Discusses pricing strategies and perceived dark patterns affecting purchase decisions.,0.89
9626,youtube,,5 months ago,19:05 i don't agree i don't order from blinkit yet it always shows me higher price compared to zepto,True,Discusses pricing comparison between Blinkit and competitors which directly affects purchase decisions.,0.95
9631,youtube,,5 months ago,"bro zepto gives best price on every product, better than any other either offline dmart or online jiomart.
if you want compare with other apps]
i use 2-3 phones to check product pricing and every phone shows same, i am doubted about i phone never used...",True,Discusses product pricing comparisons across apps and platforms which impacts purchase decisions.,0.92
9635,youtube,,5 months ago,"JioMart giving ₹50 discount on every ₹200 order, all other items are cheaper compared to Zepto, Insta, BB. They kept that ₹5 per kg onion offer for infinite so customer get addicted to Jiomart.  We Indians for for that ₹5 onion will dunk all other quick commerce and make Jiomart monopoly in quick commerce.",True,Discusses discounts and pricing offers that drive customer addiction and platform choice.,0.9
9639,youtube,,5 months ago,Found Flipkart minutes best. Free delivery for 99 rupees orders.,True,Discusses platform pricing and delivery charges which influence purchase decisions.,0.94
9650,youtube,,5 months ago,"As a comsumer you should be oriented more towards your profit rather than breaking monopoly yourself. Govt is responsible for that not us 
This message was for them who were thinking not to buy any product drom jio mart bro just got for your profit!",True,Discusses consumer motivation regarding profit and pricing when choosing platforms.,0.85
9654,youtube,,5 months ago,"Agar koi afford kar sakta hai aur pay kar sakta hai to sahi hai na. Jinko price ka farak padta hai, unko app map hi value buyer karke karega aur sabse sasta offer karega.  How is it cheating?",True,Discusses how price sensitivity dictates app usage and value buyer behavior.,0.91
9655,youtube,,5 months ago (edited),"Jio mart aisa nehi kare ga keuki jio ka smart point, Reliance Mal, jio super Mart hay price customer ko pata easily chal jayega isliye jio smart point or jio mart me price same rehega. 
Or jio mart ka khudka saman bohod accha hay",True,Discusses product pricing consistency and quality across retail formats.,0.88
9663,youtube,,5 months ago,Blink it is good,True,Direct user sentiment about Blinkit being good.,0.9
9673,youtube,,5 months ago,Mere yaha zepto nahi hai bas😂😂😂 aur wahi kabhi use nahi kiya,True,Discusses service availability and lack of app usage due to non-availability in the area.,0.95
9674,youtube,,5 months ago,Sahai bola bhai amul ka maska bc 240 me de raha hai ashadam kilo wala 😂,True,Discusses specific product pricing comparison for butter which impacts purchase decisions.,0.92
9680,youtube,,5 months ago,"Forget loyalty, take discount and switch. Change the way they are doing business.",True,"Discusses customer loyalty, discounts, and brand switching behavior.",0.97
9681,youtube,,5 months ago,Flipkart minutes se bhi order kar dete,True,Mentions alternative quick commerce options for ordering.,0.9
9685,youtube,,5 months ago,"Sahi bole, quick commerce is just an experiment. It's won't work in long term.",True,Discusses user motivations and viability of quick commerce.,0.85
9687,youtube,,5 months ago,Main to D-Mart Bhag jata hu Scooter Leke har 2 weeks lol,True,Describes alternative purchase behavior of visiting physical supermarkets instead of quick commerce.,0.95
9688,youtube,,5 months ago,its true that reliance fresh and jio mart stores band hone ke baad 50 percent off wale items bahut miss karti hun isliye abhi smart bazaar jana padta hai offer wale items ke liye 😅,True,Discusses purchase barriers and shopping behavior regarding missing offers and visiting physical stores.,0.96
9689,youtube,,5 months ago,Not good service jio mart.. saara hua sabzi and bad quality stuff..,True,Discusses product quality and trust issues for groceries.,0.92
9705,youtube,,5 months ago,Jio mart is the worst app. Very bad and laggy ui and most of things are unavailable. Never delivered in promised time though I live in a very big metro city.,True,"Discusses app UI, product unavailability, and delivery time issues affecting purchase decisions.",0.94
9712,youtube,,5 months ago,Jiomart app sucks and lags,True,Discusses app performance issues (UI lag) affecting shopping experience.,0.89
9717,youtube,,5 months ago,"you are confused or am i confused? In the video you told, JIO Mart instead of creating dark stores partnered with local kirana stores. which is local economy right. and at the end you were telling in search of ease we are killing local economy. actually blinkit darkstores are also franchise based. which a local kiranadaar can take. no one is stopping them.",True,Discusses dark store business models and local vendor integration.,0.8
9719,youtube,,5 months ago,"Abe madarchod agar zepto blinkit loyalty bechke kama rhe hai to ambani konsa badi villain wala kaam kardiya…..uske paas jyada dimag hai aur customer ko profit bhi chahiye chutiye


Khana nahi rasan hai thoda late hone se bhi chalega bhosdike",True,Discusses user motivations and acceptance of delivery times for grocery purchases.,0.88
9721,youtube,,5 months ago,"Why should we give our money to these apps?
Just walk to the shop and buy it yourself.
If you can’t or don’t want to pay extra for home delivery, there’s nothing wrong with that.
Convenience comes at a cost, and choosing not to pay for it is completely fine.",True,"Discusses user motivations, cost considerations, and convenience trade-offs in purchase decisions.",0.96
9730,youtube,,5 months ago,Bhai mene kal jio mart se nivea  ka bodilotion mangaya muje 400ml ka 183 me mila vahi muje medical vala 450 leta hai MRP:550 hai to main store se kyu lu jab ki muje sasta mil raha hai online,True,Directly discusses purchase decisions and cost comparison between online quick commerce/e-commerce and local medical stores.,0.98
9731,youtube,,5 months ago,For me flipkart is better because fast delivery and some coins also i use with every order,True,Discusses delivery speed and loyalty coins affecting platform choice and purchase decisions.,0.92
9732,youtube,,5 months ago,Log aalsi hote ja rhe h ..tvi to bimari bdh rhi h,True,Comments on user motivations and lifestyle changes leading to quick commerce usage.,0.88
9735,youtube,,5 months ago (edited),"Main blinkit ke warehouse mein kam karta hun. Kuchh din pahle local dukaan se Durex air liya tha, jiska MRP tha 90 rupees to mujhse liya rs 80, aur vah chij blinkit mein jab Main uthata Hun matlab pick karta hun, kyunki picker ke taur per kam karta hun blinkit to same durex air 144 rupees dikha raha hai Socho kitna lutta hain. Convenience ke naam per Jeb katata hai",True,Discusses trust in products and pricing discrepancy between local stores and quick commerce platforms.,0.95
9739,youtube,,5 months ago,It is fact that prices are different in these apps for same products.  Always compare product in apps.  Like pulses are cheap in blinkit.  I found mustard oil cheap in swiggy instamart.  Ghee is cheap in Flipkart.,True,"Discusses shopping behaviour, cross-platform price comparison, and category preferences.",0.97
9745,youtube,,5 months ago,Hm jamtara Jharkhand se h yha blinkit wgera nhi h smart bazar tha jiomart hi only available h as a customer I m happy and coupon v use kr skte h thoda sasta ho jata h toh it's a good deal 😊,True,Discusses availability and coupon usage affecting purchase decisions in non-metro areas.,0.9
9747,youtube,,5 months ago,Delhi me jio marta nahi ata mere yaha to nahi ata,True,Discusses product availability and service reach.,0.85
9751,youtube,,5 months ago,Blinkit is my favourite. Daily order karta hun raat ko 1 bje❤,True,Highlights repeat purchases and shopping behaviour (ordering late at night).,0.96
9758,youtube,,5 months ago,Actually jio mart growth is also insane as it is spread in very large areas even in village areas,True,Discusses platform availability and geographic reach.,0.8
9760,youtube,,5 months ago,Ye baat to sahi hai jio mart par good Life ka hi saman milta hai,True,Discusses product availability and brand assortment limitations on a platform.,0.85
9763,youtube,,5 months ago,Hamara area me vi jio mart ka kabja hogaya hai,True,Discusses local service availability and market penetration.,0.8
9764,youtube,,5 months ago,"in india everyone is so hardworking and busy with their jobs that no one has time to buy their groceries, itne busy ki 10 min delivery chahiye.",True,Discusses user motivations and lifestyle factors driving quick commerce adoption.,0.92
9765,youtube,,5 months ago,i have stopped using zepto bcz of their dark practices..been using swiggy blinkit for certain brande stuff otherwise jio mart mein bahut ache discounts mil jate hai when i was new to jio mart i would get 50 rs coupon almost daily for a week wahi loyaalty wala cheez but  i actually like ki kam pricng hai jio mein but kahi yehi bhi jio sim jaisa na ho jaye jaha baaki sare brands band or jio hee dhan dhana dhan or fir loot chalu jabh takh loot sako loot lo,True,"Discusses shopping behaviour, brand loyalty, app switching based on dark practices/discounts, and repeat purchase motivations.",0.98
9771,youtube,,5 months ago,"Apna Mart nahi hai kya tum logo ke pas!?
Unke paas toh saala kuch milta hi nahi!! Sabkuch out of stock.",True,Discusses product availability issues (out of stock) affecting shopping experience.,0.95
9773,youtube,,5 months ago,"My pin code is serviceable in jio mart app, but when I place an order, it get gets cancelled by delivery persons. So 17000 pin codes is just for show off",True,Discusses purchase barriers and service availability issues (orders getting cancelled).,0.92
9775,youtube,,5 months ago,Log pure hafte ka rashan ek sath inke sath order karte hain,True,Discusses shopping behaviour regarding basket size and frequency of ordering.,0.88
9791,youtube,,5 months ago,How about we stop using these quick commerce apps and visit our local shops!!,True,User discusses motivation and preference for visiting local shops instead of quick commerce apps.,0.92
9795,youtube,,5 months ago (edited),26:00 Not true for me at all never ordered anything online apart from apparel and sometimes food because I can absolutely take two hours from my entire month and go to a physical super store to do my groceries and if I need something at the moment I can absolutely walk to the nearest local shop to buy it people nowadays specifically Gen Zs(I am genz too) are so lazy they think if something is 50% percent off on these delivery apps then it will be less than what is available in physical stores,True,"User clearly explains shopping behavior, motivations for not using quick commerce, and preference for physical stores.",0.98
9798,youtube,,5 months ago,​ @Vikhyat1676 it is convenient but we should support our local vendors,True,Discusses purchase motivation and preference for local vendors over convenience.,0.88
9801,youtube,,5 months ago,To be fair jio mart has the worst user interface,True,Discusses user interface experience during shopping.,0.94
9802,youtube,,5 months ago,jio mart pr same chiz jo zepto/blinkit pr 200 ki pad rhi vohi jio mart pr 136 ki hai💀,True,Discusses product pricing comparison across platforms affecting purchase decisions.,0.96
9804,youtube,,5 months ago (edited),"But why people need 10min delivery go step out from the house, the shop  is beside the road get it in 5 min",True,Discusses user motivations and preference for physical stores over quick commerce.,0.9
9807,youtube,,5 months ago,"apps are made to track.. use a decent non tracking browser to use their websites.. except zomato.. all take orders via mobile websites.. no tracking.. plus try going to the local store if within 5-10mins reach.. i assure you, you'll save more time than searching for the products on different platforms!",True,Discusses app tracking concerns and user preference for local stores to save time over app searching.,0.89
9809,youtube,,5 months ago,"Jiomart is not suitable for me, i tried once but even though the price is cheapm but its not convenient",True,Discusses convenience barriers and platform suitability affecting purchase decisions.,0.91
9813,youtube,,5 months ago,That is why I go to D-Mart for groceries and Monday market for vegetables,True,Explains user shopping behavior and preferred channels for groceries and vegetables.,0.95
9817,youtube,,5 months ago,"Order karke dekh 
Maximum order deliver hi nahi honge ya product out of stock hoga",True,Discusses product availability issues (out of stock) affecting orders.,0.92
9818,youtube,,5 months ago,@aritramajhi9795  thats the main reason i am not ordering 😂,True,User cites availability/fulfillment issues as the main reason for not ordering.,0.9
9830,youtube,,5 months ago,Those who only buy offline ration 🗿,True,Discusses offline vs online shopping behavior.,0.92
9839,youtube,,5 months ago,Shit..... Hey....  In my childhood.... I tke scooter... Drive explore fun Within 10km everything... What I want I buy... If not liked next shop... Wow.....  Drive food fun friendship relationship......  Abhi chutiyapanaaaa..... 20 rs bachne ke liye....  Chujiyooooo ka wait.....,True,Compares shopping motivations and user behavior between traditional physical stores and quick commerce apps.,0.95
9842,youtube,,5 months ago,jio mart never came in my area,True,Discusses product availability and service reach in specific areas.,0.9
9843,youtube,,5 months ago,Quick commerce main agar rate badhe toh log dukan Jake lenge jio jo scoh raha hai pehle  kam daam rahenge then badhayenge woh yaha nahi chalega sim is necessity.   Quick commerce is not necessarily,True,"Discusses purchase barriers, price sensitivity, and when users prefer local stores over quick commerce.",0.96
9844,youtube,,5 months ago,This monopoly and duopoly india ko barbad karegi. Jyada rates rakhenge,True,Discusses pricing concerns and market dominance affecting purchase decisions.,0.88
9846,youtube,,5 months ago,"10min me ambulance nahi jaati faltu concept hai 10min delivery. BTW thanks to jiomart, jiomart has end delivery charges handling charges etc. blinkit swiggy zepto ki tho laga di 😅",True,Discusses quick commerce delivery concepts and platform comparisons affecting purchase barriers.,0.9
9847,youtube,,5 months ago,Still I prefer to go by walk to go to the market.... & I use these apps 2-3 time in a month.....,True,Explains user shopping behavior and frequency of app usage versus physical market visits.,0.97
9848,youtube,,5 months ago (edited),Jio mart  delivery and customer care is shiit. Delivery guys can manipulate delivery time with some random reason. And items sold by them are all non branded Jio mart second or third grade quality with name good life 😂😂,True,"Discusses trust in products, quality issues, and customer care problems affecting repeat purchases.",0.94
9851,youtube,,5 months ago,"The new update of the Jio mart application will definitely change the present scenario of quick commerce. Because it's pathetic and worse.
Mostly items now undeliverable location showing and I don't think so they know this . It's a very good advantage for zepto blinkit.",True,"Discusses app functionality, product availability ('undeliverable location'), and switching behavior between competitors.",0.95
9853,youtube,,5 months ago,"1-2 years ago, Reliance Smart store near me was delivering the jiomart orders... And the way the people are trained, the way they were giving the service and the way the complaints were being handled!!! Was just pathetic!!! That's why I stopped doing shopping from jiomart and reliance smart... The way store was being run! They left no option than closing it... 🤡🃏",True,Explains why a user stopped shopping on a specific platform due to past service experiences.,0.91
9971,youtube,,2 weeks ago,This made me realise that i'm living like India 1 people with India 3 income 😭,True,Reflects user income and economic status affecting purchasing power and behavior.,0.85
9972,youtube,,4 weeks ago,Does Blinkit deliver hardware products?,True,User inquires about product availability and category scope (hardware products).,0.95
9973,youtube,,4 weeks ago,DMart delivery services are really great.,True,Compares delivery services and purchase alternatives across platforms.,0.8
9974,youtube,,1 month ago,Instant gratification it is,True,Discusses user motivation and psychology behind quick commerce (instant gratification).,0.9
9978,youtube,,2 months ago (edited),I am not rich but order from  blinkit or big basket when necessary. Delivery charges are not much. It would cost me almost the same if I hire a rickshaw to and fro.,True,Discusses user motivations and purchase decisions comparing delivery charges to local transport costs.,0.92
9982,youtube,,3 months ago,The quality of fresh organic produce sold by Blinkit is below power.,True,Discusses trust in products and product quality regarding fresh organic produce sold by Blinkit.,0.98
9983,youtube,,3 months ago,My own amazon orders have decreased by 70 %.,True,Discusses changes in personal shopping behaviour and order frequency on Amazon.,0.88
10002,youtube,,2 years ago,"Quickcommerce don't onboard new or early stage brands, its a threat for startup economy, only big players get more bigger. what u think abt this?",True,"Discusses product availability, brand onboarding barriers, and startup dynamics on quick commerce platforms.",0.9
10013,youtube,,5 months ago,"I belong to India-2, and your perception of it is simply inaccurate. You seem to assume that people here buy everything from platforms like Amazon or Flipkart, but that’s not how things actually work on the ground.
No one is buying clothes or big-ticket items from Blinkit. Blinkit primarily serves a very specific purpose: groceries and daily essentials. That’s what people here use it for. Clothes and other non-essential products are still bought from Amazon, Flipkart, or Myntra.
This is the reality. When your understanding is shaped entirely by business-school frameworks and reports, and not by lived experience, you miss how people actually behave in the real world.",True,"Detailed user explanation of shopping behaviour, category exploration, and purchase decisions across different platforms for various product types.",0.98
10022,youtube,,7 months ago,"Another factor to consider why the quick commerce (and its economies of scale) will [eventually] include a share of India 2, and some of India 3. The 20% price markup  for items is offset by transport costs and convenience benefits, especiallyfor standard items and repeat purchases. Now my highly cost-sensitive mother (a senior citizen) who's on her own while children are out at work, started using blinkit because it would cost her Rs 50 for auto to get to the shops, plus time. However this doesn't apply to fresh groceries because dark stores are only good for packaged long-life goods (atta, tea, toiletries etc). Fresh groceries delivered have consistently been the worst quality only fit for a rubbish bin or the local cows. Sabzi wallas are still the best (and oldest) source of bringing fresh groceries to your door.",True,"Provides deep insights into user motivations, purchase barriers, repeat purchases, and category exploration (comparing packaged goods to fresh groceries on quick commerce).",0.99
10031,youtube,,9 months ago,and last month i bought my dad a phone via Instamart 🙂delivered in 11mins,True,"User mentions purchasing a phone via Instamart and quick delivery, reflecting purchase decisions and quick commerce usage.",0.92
10032,youtube,,9 months ago,"Order groceries and other basic item in bulk and pay just 20-40rs extra for delivery is pretty good deal. It saves time , your own fuel, plus you don't have to ask shopkeepers for prices of every product or same product from diff company.",True,"Discusses user motivations, value for money, time savings, and shopping behaviour for bulk grocery ordering on quick commerce.",0.98
10042,youtube,,9 months ago,But branded things are cheaper on quick commerce.,True,Discusses product pricing perception and comparison between branded items on quick commerce.,0.94
10043,youtube,,9 months ago (edited),That's why I prefer zepti over blinkit.. they are quick and price efficient,True,"Explains platform preference (Zepto over Blinkit) based on speed and price efficiency, directly relating to purchase decisions.",0.98
10046,youtube,,10 months ago,"Amazon is becoming absolutely horrendous nowadays. Their customer service used to be the best but now we have to talk to AI bots and even their customer service agents are going backwards. The app is becoming very hard to use. Earlier my senior citizen mom used to use Amazon but now she just cannot figure it out so they have already lost a customer. I have also reduced the use of Amazon now because even I have to pay a little more, at least they deliver on time (that too in 10-15 minutes, maximum has been 30-40 minutes) and their customer service is really good. On the other hand, Amazon has big issues with deliveries, products are marked as delivered but they never get delivered. They do not pay any heed to the customer's problems anymore. Recently, I received a damaged product which I wanted to return but now we can apparently not talk to customer service, we just have 2 options- raise a query and continue shopping. Even if you raise a query or write an email, no on ever gets back to you. And there is literally no option on the app now to chat or call except in rare circumstances. You have to keep trying different options to see after which you will get the option to call or chat. I uploaded the images of the damaged product and raised a query which was the only visible option. Thereafter, I never received any message/call regarding it. I somehow called them after selecting another product and so many options and after a full 10-15 minutes conversation with an AI bot which is absolutely useless, then I was told by the customer service that I have to give images again after 20 days of raising the query, I said that i dont have them anymore because i used your app to click the photos and i have thrown away the box and product as it was shattered glass and spilled oil, etc. So i asked them to check the images i uploaded while raising the query. they said that no one has access to that and raising a query does not mean anything, the customer still has to call, but there is no option to call. then the customer service agent randomly cut the call and never called back. In short, Amazon, I'm not coming back to you unless I absolutely have to. Amazon is going to be over in India, mark my words.",True,"Details shopping behaviour shifts from Amazon to quick commerce platforms due to delivery reliability, convenience, and customer support breakdown.",0.93
10051,youtube,,10 months ago,"This is from a buisness prospect, do a research form the sellers perspective. All these platforms charge approx 50 to 60 percent of price. If you are selling a tub of ice cream at 150 rs. Their commission is 89 to 95. That does not include ads directly or indirectly on the platform. And then the gig workers! If they decide to just close the app. Who will deliver? You are hioing up thier losses and glorifying it!",True,"Discusses seller perspective, platform commissions, and product pricing economics.",0.88
10052,youtube,,10 months ago,"I don’t know who sell the big products like iPhones and PlayStation on Blinkit and how much margin do they pay?

But when I registered for the seller and I was checking the calculator of margins and my product cost was 1500 and there was 18% of margin for my product and if iPhone or PlayStation is charged that much of margin, then how they can sustain they must be a negotiated deal

I hope that you will see this comment and respond",True,"Discusses high-value product listings (iPhones, PlayStations) and seller margins on quick commerce platforms.",0.91
10053,youtube,,10 months ago,revenue is selling price * quantity sold. and iphones are way more expensive than a vim so this data is inaccurate to compare,True,"Discusses product pricing, revenue calculations, and product comparisons on quick commerce.",0.85
10056,youtube,,11 months ago,"If someone has their own store and e commerce website, how exactly do they leverage the quick commerce industry. And also the marketing focus.",True,Discusses how independent stores can leverage quick commerce channels.,0.85
10057,youtube,,11 months ago,Offered great value for money. (Since time is money 🤑😉),True,Highlights value for money and time-saving motivations for quick commerce usage.,0.95
10058,youtube,,11 months ago,"Amazon can’t compete with blinkit in India, blinkit already won in instant deliveries in India while Amazon is global, blinkit can close overnight but Amazon can’t",True,Discusses market competition and consumer preference for instant delivery services like Blinkit over global e-commerce.,0.89
10061,youtube,,11 months ago,16:25 just imagine if Amazon delivers the same product with the same price in just 20 minutes ......where will be blinkit strategy ?,True,Discusses competitive dynamics and hypothetical purchase decisions if delivery speed parity is reached.,0.9
10064,youtube,,11 months ago,"This analysis about India 1 2 and 3 isn't 100% right!!
 I have netflix, amazon and YouTube subscriptions as well!! 
But I don't always order from blinkit unless I want it immediately!! 
Else.. I do compare the price in flipkart and amazon and order accordingly rather than order the same product through blinkit or Instamart!! 
I do prefer groceries from Instamart/Blinkit/bb-now!! Not every India 1 and 2 choose quick commerce!!",True,"Details shopping behaviour, price comparison habits across platforms (Flipkart, Amazon vs Quick Commerce), and category-specific preferences.",0.99
10065,youtube,,1 year ago,Stupid question but can someone explain how Blinkit is able to price products higher than the MRP?,True,Questions product pricing practices (above MRP) on quick commerce platforms.,0.95
10079,youtube,,2 months ago,Blinkit delivers in some time while amazon delivers in days.. that's what makes blinkit easier to purchase for immediate use,True,Discusses user motivations and purchase decisions comparing Blinkit and Amazon for immediate use.,0.98
10080,youtube,,1 year ago,So many assumptions!! Blinkit bubble shall be over  in next 6 months. They made ppl used to of their services for free and now started charging. It won't last. Mota bhai's Jio Mart is offering free delivery now. Just wait and watch. Blinkit return policy and complaint response is too poor.,True,Discusses purchase barriers (charging fees) and customer support/returns affecting trust and purchase decisions.,0.96
10083,youtube,,1 year ago,"Few points where you are wrong 
India 1 is just 1%

India 2 (top 10%) is also ordering too much on these apps 
Its not that they are not price sensitive but they are always calculating what is more convenient.
If something costs ₹500 offline and ₹550 online then they see do they have time to go to market when they can go

How much will they spend if they ho to market. 
There is fuel cost or rental auto. It can take 1-2 hrs to do same shopping which will easily be delivered. 

The extra money is of convenience but the India 2 only will pay for it till they find it justified. 

If same goods will be sold for 700-800 they will not but online.

Everything has value time money urgency other extra expenses. 

And once the habit formation happens some of the users might even be ready to pay a higher premium but not all.",True,"Provides detailed insights into user motivations, price sensitivity, convenience, and purchase decisions.",0.99
10086,youtube,,1 year ago (edited),"India 1 is buying frok doorstep delivery market , to avoid outing then go to gym for fat burn..isn't it strange to cover ur foolishness to not go to market and buy things by ur own.",True,Discusses consumer behavior and user motivations regarding doorstep delivery vs. physical shopping.,0.92
10095,youtube,,1 year ago,"Super information & presentation. As a Blinkit seller, we are getting killed with the storage costs but the visibility is too good.",True,"Discusses seller visibility and platform dynamics, relevant to product discovery and platform ecosystem.",0.88
10096,youtube,,1 year ago,Blinkit are not avilable allover in india,True,Discusses product availability and service coverage limits.,0.97
10108,youtube,,1 year ago,Do basically i need to stop spending my money like India 1 people on these apps while belonging to the India 3 category🥲,True,"Reflects user behavior, spending habits, and motivations regarding quick commerce apps.",0.91
10122,youtube,,1 year ago (edited),"Bigbasket has also started with 20 min delivery services... without charging extra , I guess... bt d order placed needs to exceed certain amount ....",True,Discusses competitor comparison (Bigbasket) and purchase barriers (minimum order value requirements).,0.94
10127,youtube,,1 year ago,What i think that the growth of blinkit has gone simply up because ehen they entered in the market they gave more offers free deliveries to attract people and make them addicted to the convenience of getting a product at the doorstep. And the best thing They have done is maintaining the quality such high that local kirana stores doesn't have. And I think nowadays more India 2 is using Blinkit (in numbers) than India 1,True,"Discusses user motivations, convenience, and product quality compared to local stores.",0.96
10129,youtube,,1 year ago,India is more prize sensitive,True,Discusses price sensitivity affecting purchase decisions.,0.9
10132,youtube,,1 year ago,I prefer Blinkit over Amazon. Atmanirbhar bharat,True,Discusses platform preference impacting shopping behavior.,0.92
10136,youtube,,1 year ago,"Problem is some Gen Z youngsters who usually don't support their parents financially or at times who are still dependent on parents, think like India 1 , which you have explained in above video...😮😮😮
Big headache for people who end up paying for the huge bills...",True,Discusses shopping behavior and household spending habits.,0.88
10140,youtube,,1 year ago,one of the way these companies have increased their margins is noticed when they increased it for iphone users than in any other android users giving them so called luxury feel even tho its the india 2-3 where as india 1 simply doesnt care due to their purchasing power and increase revenue for the industry draining india 2-3 simply as shadow luxury,True,Discusses pricing strategies and purchasing power across consumer segments.,0.89
10163,youtube,,1 year ago,"We generally think a trip to the market would cost us 30 -40 rupees where we could get the same from blinkit while staying at home and it's absolutely crazy the way they deliver products. I was hungry the other day and they were open at 3.40 am! And they had everything available. I think the 24/7 availability also plays a big role.... Also the fact that you can get products which are not available at the moment from blinkit. So yes, convenience for a higher rate is a fair enough bargain",True,"Discusses user motivations, convenience, 24/7 availability, and purchase decisions.",0.98
10170,youtube,,1 year ago,Amazon might build but Blinkit for now is ruling. I have been using Blinkit for last couple of years and it is superfast.,True,Discusses repeat purchases and user experience over years of usage.,0.92
10174,youtube,,1 year ago (edited),Isn’t it a concern that we have no idea how the items are stored and the general condition of the warehouse,True,Discusses trust in products and storage/warehouse conditions affecting purchase decisions.,0.95
10176,youtube,,1 year ago,One issue is with electronics having no return option,True,"Discusses a product return policy barrier for electronics, which affects purchase decisions.",0.95
10177,youtube,,1 year ago,Lol blinkit will go byjus way … they are going for quantity not for quality so very difficult to sustain please let us know about their churn rate . Repetitive customers and new customers plus if amazon decides to jump into this business model they can do it in blink of a eye that too in every part of the world too,True,Discusses customer churn and repeat customers.,0.9
10178,youtube,,1 year ago,"You forgot one important factor 🇮🇳 One customers are focused one is CUSTOMER SERVICE

Blinkit has horrible return/replace policy - Just try returning an item and it would be a nightmare

Whereas Amazon is just simple as 1.2.3.. And done plus their customer support is top notch

If 🇮🇳 one consumer once experience bad Customer Service they will never go back again to that store/portal",True,Discusses poor return/replacement policy as a purchase barrier and reason why users never go back.,0.96
10186,youtube,,1 year ago,My income is that of India 2 but I do stuff like India 1. I have all subscriptions.I order food from Zomato all time. I just live by.,True,"Reflects user motivations, income segments, and shopping behavior.",0.88
10188,youtube,,1 year ago,Convenience vs Cost - live now generation. It all makes sense,True,Discusses user motivation and trade-off between convenience and cost.,0.85
10199,youtube,,1 year ago (edited),11:44 Blinkit  से अक्सर समान एक्सपाइरी डेट का आता है कल मैने चिकन मंगाया जो की मूझे आज बनाना था उसकी डेट एकस्पायर हो चुकी थी मैने थोडी देर बाद दूबारा सेम समान मंगाया डिलीवरी के लेकर भी सेम डिलीवरी बॉय आया उसने खुद कहा मैडम आप चैक कर लो वही सेम समान भेज दिया एक्सपाइरी डेट का आज मै दोबारा समान मंगा रही हुँ तो अब कैश ऑन डिलवरी बंद कर दी है गलती blinkit है अगर मैं वो एक्सपायरी डेट का चिकन रख लेती तो गोयल जी की कंपनी को कोई दिक्कत नही होती गोयल आपने अपनी मंहगी बाइक पर डिलवरी करने का जो ड्रामा किया है उसके बदले आप अपनी कंपनी पर फोकस करें और कस्टमर की जरूरत और उनकी परेशानी जो अक्सर आप लोगो की वजह से होती है उसका ध्यान रखेंमै बिंल्किटं के मालिक गोयल जी से कहना चाहुगीं उनको अपने कस्टमर का भी ध्यान रखना चाहिए कस्टमर है तो गोयल जी आप हो आप अमेजॉन  नही बन सकते हो अमेजॉन अपने कस्टमर को अपने साथ जोडकर रखता है आपका कस्टमर स्पोर्ट उसका तो कोई जवाब ही नही अगर कस्टमर की तरफ से कोई आर्डर कैंसिल हो जाये तो दो मिनट मे फोन आता है स्पोर्ट से और कस्टमर को को कोई परेशानी हो तो कस्टमर के लिये कोई आप्शन नही 😂 वाहह दिपेन्द्र गोयल जी वाहह कोई नही दो चार साल के हो आप बस 😂 हम जैसे बुजुर्ग की ऐसी बदुआ है आपको श्राद्ध मे मेरे घर जुठा दही भेजा गया था,True,"Discusses product trust, trust in products (receiving expired items), customer service issues affecting future purchase decisions, and payment method restrictions (COD disabled).",0.98
10202,youtube,,1 year ago,I tell u an intrest fact. In bihar outside of big cities coke any colddrinks are already selling at 5-7 rupees over MRP. They call it cooling cost,True,Discusses local pricing and offline shopping behavior/comparison.,0.8
10213,youtube,,1 year ago (edited),Fun Fact: in high income localities where Blinkit and Instamart functions the Kirana stores are also charging a premium. So it makes complete sense to use these apps.,True,Discusses local Kirana pricing and explains user motivations/purchase decisions for using quick commerce apps.,0.94
10224,youtube,,1 year ago,"One correction in the analysis - in most places swiggy maintains a seperate fleet for Instamart (limited to 3km radius and a different incentive plan) So, that makes it almost same as Zomato which has a separate fleet for Blinkit. 

About the super app, it doesn't give Swiggy that big an advantage. Zomato has maintained separate apps with neat UI. Blinkit's quick link still shows up on the Zomato main page and new business ideas (like live events) can get tested on the main Zomato App to start with and be spinned off (to district app) when there is enough user traction.

More than the tech or delivery model, I think Zomato has witnessed better growth in the past 2-3 years mainly because of 2 factors - many young people (who are Zomato users as well) have invested in Zomato - that has helped Zomato gain loyalty. Moreover, Deepinder has a much better public connection than the founders of Swiggy (participation on Sharktank is one the factors, otherwise too he has direct presence on Social Media)",True,"Discusses app UI, feature testing, and user loyalty/brand connection affecting platform usage.",0.86
10235,youtube,,1 year ago,"14:28 I wanna be a part of India 1, who can afford Netflix, iPhone, online deliveries etc 😂🎉",True,Discusses user motivations and purchasing power regarding online deliveries.,0.88
10236,youtube,,1 year ago,"This is a good video to understand how AOV translates to a better Contribution margin…the math. However it fails to fully address what strategy differentiates Blinkit from Amazon and Flipkart. 
You explain that India1 customers are willing to pay a premium for the same product on Blinkit vs Amazon because of delivery speed. But how is Blinkit able to deliver under 15mins? Do they have more number of smaller darkstores? Do they have better picking and packing technology than Amazon? This video is a detailed ad to investors saying invest in Blinkit for ad space and not Amazon but it is not a case study comparing company operating strategy",True,"Discusses purchase decisions, willingness to pay a premium for delivery speed, and brand differentiation.",0.92
10239,youtube,,2 months ago,I can't afford Netflix or iphone but occasionally buy online.,True,Discusses user motivations and frequency of online purchases based on affordability.,0.85
10241,youtube,,1 year ago,"I think these businesses need to wait a longer, first they have to make people habitual of not going out and buy things ... Then they can add delievery and different charges ... And people will pay",True,"Discusses shopping behaviour, habit formation, and willingness to pay delivery charges.",0.9
10247,youtube,,1 year ago,India 1 customer is not rich. If you compare the India one customer 20 yrs ago to today's India one customer you will find a drastic difference. Earlier they use to save money thus maintaining a debt free lifestyle and consumption was controlled. The current India one's expenses are more focused on extravagance and lesser on savings,True,Discusses consumer spending behaviour and consumption patterns.,0.82
10248,youtube,,1 year ago,"Also a part of customer psychology for example in India3 iswhen they have the money they spen extra and choose convince, so it is hard to categorise India3, they will pay 2-5% extra and quench their purchase anxiety. India 3 purchase behaviour is very very unpredictable.",True,"Discusses consumer purchase behavior, convenience, and purchase anxiety.",0.94
10251,youtube,,1 year ago,"The more money you make the more you realise time is the real currency. I was in India 2 two yrs ago but now I'm in India 1 and realise, I can make money but I can't make time.. This is a privilege that is earned for some and given to most.",True,Discusses user motivations and valuing time over money for quick commerce.,0.89
10259,youtube,,1 year ago,In fact if you go to kirana store they directly sell you at MRP price so not only India 1 but now India 2 & 3 also starts preferring q-commerce except fruits & vegetables other items still cost lesser than local kirana store,True,"Discusses shopping behaviour, category preferences, and price comparisons between quick commerce and local kirana stores.",0.95
10262,youtube,,1 year ago,"We are India-4. Even if our pay is of India-2 or India-1 even, we don't pay any subscriptions (Yes to piracy)",True,Discusses consumer spending behaviour and willingness to pay for digital services.,0.8
10263,youtube,,1 year ago,I had to catch a flight and i bought almost Rs 4500 worth of items from Blinkt😊,True,Provides a real-world example of urgent purchase motivation and high-value basket size on quick commerce.,0.94
10264,youtube,,1 year ago,"Now i understand why freebies work in our country, India 3 is insanely attracted towards these free items. Free eletricity free bus tickets free water free cooking gas free Health insurance all are designed for upliftment of these people. 
Also India 3 is most likely to get attracted to low paying government jobs. While india 1 is into business and india 2 is into JEE and NEET and other skilled jobs.

This video is so insightful , thank you so much thinkschool for this amazing video.",True,Discusses consumer psychology and purchasing motivations related to freebies and offerings.,0.85
10265,youtube,,1 year ago,"India 1 is growing at a tremendous speed, they need specific products built for them. India 2 and 3 can be served by legacy companies.
Such a mind blowing  and insightful video . 👍",True,Discusses consumer segment demands and product requirements.,0.82
10267,youtube,,1 year ago,"There are product which you usually forget and need it fast such as diapers, medicine, charger, hdmi cable for ps5 or 4 if you are at friends home. 

Amazon and blinkit price of certain brand diapers were same , India 1 and India 2 will definitely go for blinkit .",True,Discusses purchase decisions and user motivations for buying urgent/forgotten products on quick commerce vs competitors.,0.97
10271,youtube,,1 year ago,Main drawback of Amazon is app ui and user experience is worst,True,"Discusses search experience, app UI, and user experience drawbacks on a competing platform.",0.96
10274,youtube,,1 year ago,I will never encourage anyone to waste money like and am population part of India 1,True,Discusses personal purchase decisions and spending habits of consumer segments.,0.84
10275,youtube,,1 year ago (edited),Amazon is now becoming a con game. They send bad products and then there is no return for most products,True,Discusses trust in products and purchase barriers due to return policies.,0.91
10279,youtube,,1 year ago,"EVERYONE WANTS TO DO SOMETHING IN THIER LIFE THATS ITS GOOD ,BUT THIS PLATFORM IS GOOD FOR ONLY METRO CITY WHAT ABOUT KIRANA STORES ,I ORDERS FROM BLINKIT LAST 6 MONTHS MY BILLS WAS AROUNDS 32000 SOMETHINGS ,WHEN I GO TO THE KIRANA AND TOLD THEM I ORDERF FROM BLINKIT THEY ,YOU THINK BLINKIT APP HAS TAKEN MY 32000 RUPESS CUSTOMERS",True,"Discusses user motivations, geographic target audience (metro cities), and purchase barriers compared to local kirana stores.",0.92
10291,youtube,,1 year ago,"Blinkit, instaswiggy only works tier1 cities,
Middle class people are think before purchasing any product.",True,Discusses user demographics (tier 1 cities) and purchase barriers for middle-class consumers.,0.94
10300,youtube,,1 year ago,"Very interesting case study...e commerce and quick commerce...how their business plan is based on ""our"" (read - consumer) choices...great. Thank you",True,Touches upon consumer choices driving e-commerce and quick commerce business plans.,0.88
10302,youtube,,1 year ago,I love how they explain the 3C's of e-commerce and how convenience is becoming more important than ever. It's a great reminder that customer needs are constantly evolving.,True,Discusses customer needs evolving around convenience in e-commerce.,0.91
10309,youtube,,1 year ago,Yes but Amazon the customer service and product delivery is hard to beat,True,"Discusses trust in products, delivery reliability, and customer service comparing platforms.",0.89
10317,youtube,,1 year ago,Can you explain me How Blinkit incresed it's AOV ?? Is it targeted marketing to class 1 India or something else?,True,Asks about Average Order Value (AOV) growth and targeted marketing strategies.,0.96
10325,youtube,,1 year ago (edited),"Most flawed data on average income, i.e., 12 crore earning an average of 12.6 lakh a year ($15k = 15,000 * 84 = 1,260,000). And overall 300 households' income is ~50 lakhs. Note: There is unlikely even one person among the whole family in 300 million households not earning 12.6 lakh a year. In metropolitan areas, there are usually enough grocery stores within a 0.5 km radius, so one shouldn't need to travel to D-Mart for groceries. Additionally, many shops offer significant discounts on FMCG goods within the same radius or at a slightly higher distance. In further all four persons of the family are working in your dream🤣😂, their child is also working😂, even in the majority of Indian households, women are housewives. India 2 Household income = $3000*4=12000*84= roughly 10lakh. Further, there are around 85 lakh Indians who file Income tax returns under >10lakh income category. And according to you, their number should be 12 crores.",True,"Discusses consumer purchasing power, local alternatives (D-Mart, local shops), and purchase barriers regarding convenience vs cost.",0.91
10330,youtube,,1 year ago,"Good Analysis...but the point it missed is that 10 min delivery might be feasible for low margin products like grocery...but keeping your so called 'dark stores' always stocked with high ticket items like iphone, TVs etc. isnt possible....so just creating sensation doesn't mean anything. How will be ensure that your nearest dark store which is essential for a 20 minute delivery is always stocked up with value items like iphone, TVs etc. Easier said than done...",True,Discusses product availability and dark store feasibility for high-ticket items.,0.95
10333,youtube,,1 year ago,But no return on Blinkit 😢,True,Discusses return policies which affect purchase decisions and trust.,0.92
10341,youtube,,2 years ago,"Wow! Great work man…Really loved the way you presenting and entire teams work on data. Lastly what you said from 26:10 Being a data professional in supply chain, it thrives me more to explore !",True,User mentions being driven to explore supply chain data.,0.85
10342,youtube,,2 years ago,"0:00 1. Introduction 🌟 
Introduction to Blinkit's disruptive strategy in the market.

2:25 2. Revelation of Strategy 💡 
Unveiling the revolutionary business strategy of Blinkit.

3:05 3. Education Partner Spotlight 📚 
Highlighting Odoo as the education partner and its offerings.

4:12 4. Unit Economics Analysis 🔢 
Exploring the unit economics challenges faced by quick commerce companies.

5:00 5. Gross Margin Calculation 📊 
Understanding the concept of gross margin in the industry.

5:06 6. Gross Margin Calculation 
Calculating gross margin and cost price

5:41 7. Challenges in Quick Commerce 
Identifying major challenges in the industry

7:45 8. Solution to Profitability Issue 
Proposed solution to improve profitability

8:49 9. Impact of Increased Order Value 
Analyzing the impact of higher order values

9:29 10. Rise in Average Order Value 
Explaining the increase in AOV for quick commerce companies

9:40 11. Three C's of E-commerce 
Understanding the key factors for e-commerce success

10:29 12. The Threat to Amazon 
Challenges posed by Blinkit's strategy to Amazon

10:56 13. Understanding India's Markets 
Categorization of India into three income levels

12:00 14. Consumption Disparity in India 
Analysis of consumption patterns in different income segments

12:48 15. India 1's Purchasing Power 
Impact of India 1's consumption on revenue generation

13:25 16. Consumer Behavior Insights 
Differences in consumer behavior among India 1, 2, and 3

14:14 17. India 1 Customer Profile 
Characteristics and significance of India 1 customers

14:24 18. Superpowers of India 1 Customers 
Advantages offered by India 1 customers to e-commerce

15:00 19. Strategic Evolution of Blinkit 
Adaptation of Blinkit's strategy to cater to India 1 customers

15:53 20. Market Sensitivity and Premium Pricing 
Understanding India's price-sensitive market and Blinkit's premium pricing strategy.

17:00 21. Diversification and Catalog Expansion 
Exploring Blinkit's expansion from groceries to electronics and its impact on order value.

18:00 22. Rise in Order Volume 
Analyzing the significant increase in daily orders per dark store for Blinkit.

18:11 23. Financial Analysis and Unit Economics 
Examining Blinkit's unit economics and revenue generation model.

20:00 24. Contribution Margin vs Profit Margin 
Differentiating between contribution margin and profit margin in Blinkit's business model.

20:11 25. Fixed vs Variable Costs 
Understanding the impact of fixed and variable costs on Blinkit's operational expenses.

21:39 26. Economies of Scale 📈 
Understanding how fixed costs per order decrease with scale.

22:46 27. Contribution vs. Net Margin 💰 
Explaining the difference between contribution and net margin.

23:40 28. Calculating Profitability 📊 
Determining scale needed to cover fixed costs and make profit.

24:12 29. Blinkit's Profit Potential 💸 
Analyzing how Blinkit can achieve profitability with scale.

24:52 30. Evolution of Quick Commerce 🛒 
Exploring the growth and profitability in quick commerce.

25:00 31. Business Lessons for Entrepreneurs 📚 
Key takeaways and opportunities for entrepreneurs in Indian consumer market.

25:58 32. Data as the Most Valuable Asset 💎 
Zomato's strategic advantage with data collection and usage.

26:50 33. Building Barriers with Data 🛡 
How Zomato and Swiggy use data to compete against giants.

27:11 34. Business War Unfolds ⚔ 
The upcoming battle between Blinkit, Swiggy, Amazon, and Flipkart.

27:28 35. Research for Insights 📚 
Diving into research for the best case studies.

27:43 36. Engagement and Subscription 📈 
Encouraging audience engagement and subscription.

Generated with Tubelator AI Chrome Extension!",True,"Timestamp breakdown covering consumer behavior insights, catalog expansion, and market strategies.",0.96
10344,youtube,,1 year ago,There will be security issues..with high value items..one packet of namkeen stolen or damaged wont hurt your margins..but a 65 inch TV broken or a iphone stolen will....,True,Discusses security and product availability issues for high-value items affecting platform offerings.,0.9
10354,youtube,,2 years ago,"This is a great case study. However, the threat to Amazon is not as large. For the high ticket items like electronics and household appliances, the catalogue and concenience of setting it up is much more important than it being deliverable under 15-20 minutes. So while Blinkit might win out on the smaller items like groceries, everyday electronics, it cannot use the same strategy for the more expensive items.",True,Discusses consumer purchase decisions and the convenience of catalog browsing for high-ticket items versus quick delivery.,0.98
10358,youtube,,2 years ago,"okay but here is what happened today, i wanted to buy TWS so went to blinkit, liked boat nirvana, okay then lets compare i with amazon, it had a 300 ruppee price difference, but here is irony blinkit was selling cheaper",True,"Directly discusses shopping behavior, price comparison between platforms (Blinkit vs Amazon), and purchase decisions based on pricing.",0.99
10359,youtube,,2 years ago,I think the genius strategy here would be ... start showing products to consumer via ads or feed and mange dark store as per the neighbourhood  e.g : show the lower margin but higher order value product to INDIA 1 neighbourhood only or viceversa. what do you think?,True,"Discusses product discovery, personalization, and showing products via feeds/ads based on neighborhood.",0.96
10361,youtube,,2 years ago,"Don't u think a simple explanation guven to these findings is that these convenience businesses run only in tier 1 cities, I mean majorly. Even if they don't operate pan India, but only in tier 1 cities, they ll all be profitable.  These r not innovative businesses, these r simply conviniece businesses.",True,Discusses user motivations and market limitations for quick commerce convenience in Tier 1 cities.,0.91
10364,youtube,,2 years ago,"but still, I find swiggy , blinkit big basket are costlier than amazon products, be it available items on instamart",True,Discusses pricing comparison and purchase decisions between quick commerce platforms and Amazon.,0.97
10370,youtube,,2 years ago,I support Blinkit 🙌,True,Expresses brand support and trust.,0.8
10375,youtube,,2 years ago,"The local Kirana stores should join hands with these companies and function as rent-free dark stores. Both the Kirana stores and the companies can benefit a lot from this cooperation. Instead of seeing them as competition, see them as opportunities to further grow your business.",True,Discusses dark store network strategy and local partnerships affecting product availability and business model.,0.88
10376,youtube,,2 years ago,"next evolution : you are ordering something, then you already have . Negetive time ; pre commerce industry",True,Discusses shopping behaviour and the evolution of the pre-commerce industry.,0.85
10384,trustpilot,,,"Pushkar Corporate
Feb 8, 2026

I ordered Oneplus earphones from Blinkit and the product I received was absolutely NOT original. It was used. I tried contacting customer service multiple times, and after a lot of struggle, one... See more

Useful
Share",True,Directly discusses product trust and authenticity issues affecting purchase decisions.,0.95
10385,trustpilot,,,"Rc Pandey
Aug 28, 2025

I have ordered from blinkit Real Tamato juice 1Ltr and Real Orrange juice 1 ltr on 27.8.25 at 11.15 hrs. Bothe items received in 15 mts. On opening of closed envelop received from delivery man it i... See more

Useful
Share",True,"Mentions product purchase and receipt of items, touching on product experience.",0.7
10386,trustpilot,,,"DC
Deceived Customer
Sep 14, 2025

This has been one of the worst shopping experiences I’ve ever had. I ordered dry fruits (Whole farm and grocery brands) and other items from Blinkit, and the quality was absolutely pathetic, the d... See more

Useful
1
Share",True,Discusses poor product quality and grocery brand trust impacting the shopping experience.,0.9
10388,trustpilot,,,"Yogi Sharma
IN
•
1 review
Jul 19, 2026
Very disappointed after sales service

Very disappointed after sales service. I received tata tea damaged packet i complaint immediately they ask for photo or video i sent video of damaged packet and they replied you can receive your refund in 4-5 working days. Till today after 15 days gone i not received my refund even i reposted my complaint 6-7 times there are no voice call number. I was regular customer after this incident i stopped. Never use blinkit very bad service

July 4, 2026
Unprompted review
Useful
Share",True,"User explicitly states they were a regular customer but stopped using the platform due to product and service issues, directly impacting repeat purchases.",0.95
10389,trustpilot,,,"HS
Hithu singh
IN
•
1 review
Apr 5, 2026
disappointing service from 1st order…

disappointing service from 1st order from blinkit,don't connect customer support always,email the issue but customer support don't have understanding .. disappointing service and unacceptable items delivered..worst taking shipping charges and extra charges but delivered expired product! disappointing experience, they delivered bad kinder joy which have no expired date mentioned on it and when I connected customer service via mal they don't understand and give excuses about 50-60times.very bad..

April 2, 2026
Unprompted review
Useful
Share",True,"Discusses delivery of unacceptable/expired products on the first order, affecting purchase decisions and trust.",0.9
